solid OpenSCAD_Model
  facet normal 0.989176 0.146735 0
    outer loop
      vertex 14.9187 9.08711 3.2
      vertex 14.8251 9.71809 2
      vertex 14.8251 9.71809 3.2
    endloop
  endfacet
  facet normal 0.989176 0.146735 0
    outer loop
      vertex 14.8251 9.71809 2
      vertex 14.9187 9.08711 3.2
      vertex 14.9187 9.08711 2
    endloop
  endfacet
  facet normal 0.998795 0.0490689 0
    outer loop
      vertex 14.95 8.45 3.2
      vertex 14.9187 9.08711 2
      vertex 14.9187 9.08711 3.2
    endloop
  endfacet
  facet normal 0.998795 0.0490689 0
    outer loop
      vertex 14.9187 9.08711 2
      vertex 14.95 8.45 3.2
      vertex 14.95 8.45 2
    endloop
  endfacet
  facet normal 0.970033 0.242975 0
    outer loop
      vertex 14.8251 9.71809 3.2
      vertex 14.6701 10.3369 2
      vertex 14.6701 10.3369 3.2
    endloop
  endfacet
  facet normal 0.970033 0.242975 0
    outer loop
      vertex 14.6701 10.3369 2
      vertex 14.8251 9.71809 3.2
      vertex 14.8251 9.71809 2
    endloop
  endfacet
  facet normal 0.336942 0.941525 -0
    outer loop
      vertex 10.9374 14.4552 2
      vertex 10.3369 14.6701 3.2
      vertex 10.9374 14.4552 3.2
    endloop
  endfacet
  facet normal 0.336942 0.941525 0
    outer loop
      vertex 10.3369 14.6701 3.2
      vertex 10.9374 14.4552 2
      vertex 10.3369 14.6701 2
    endloop
  endfacet
  facet normal -0.51406 0.857754 0
    outer loop
      vertex 5.38592 14.1825 2
      vertex 4.83879 13.8546 3.2
      vertex 5.38592 14.1825 3.2
    endloop
  endfacet
  facet normal -0.51406 0.857754 0
    outer loop
      vertex 4.83879 13.8546 3.2
      vertex 5.38592 14.1825 2
      vertex 4.83879 13.8546 2
    endloop
  endfacet
  facet normal -0.242993 0.970028 0
    outer loop
      vertex 7.18191 14.8251 2
      vertex 6.56315 14.6701 3.2
      vertex 7.18191 14.8251 3.2
    endloop
  endfacet
  facet normal -0.242993 0.970028 0
    outer loop
      vertex 6.56315 14.6701 3.2
      vertex 7.18191 14.8251 2
      vertex 6.56315 14.6701 2
    endloop
  endfacet
  facet normal 0.514127 -0.857714 0
    outer loop
      vertex 11.5141 2.71751 2
      vertex 12.0612 3.04545 3.2
      vertex 11.5141 2.71751 3.2
    endloop
  endfacet
  facet normal 0.514127 -0.857714 0
    outer loop
      vertex 12.0612 3.04545 3.2
      vertex 11.5141 2.71751 2
      vertex 12.0612 3.04545 2
    endloop
  endfacet
  facet normal 0.803196 -0.595715 0
    outer loop
      vertex 13.4746 4.32644 3.2
      vertex 13.8546 4.83879 2
      vertex 13.8546 4.83879 3.2
    endloop
  endfacet
  facet normal 0.803196 -0.595715 0
    outer loop
      vertex 13.8546 4.83879 2
      vertex 13.4746 4.32644 3.2
      vertex 13.4746 4.32644 2
    endloop
  endfacet
  facet normal 0.146735 0.989176 -0
    outer loop
      vertex 9.71809 14.8251 2
      vertex 9.08711 14.9187 3.2
      vertex 9.71809 14.8251 3.2
    endloop
  endfacet
  facet normal 0.146735 0.989176 0
    outer loop
      vertex 9.08711 14.9187 3.2
      vertex 9.71809 14.8251 2
      vertex 9.08711 14.9187 2
    endloop
  endfacet
  facet normal -0.595715 0.803196 0
    outer loop
      vertex 4.83879 13.8546 2
      vertex 4.32644 13.4746 3.2
      vertex 4.83879 13.8546 3.2
    endloop
  endfacet
  facet normal -0.595715 0.803196 0
    outer loop
      vertex 4.32644 13.4746 3.2
      vertex 4.83879 13.8546 2
      vertex 4.32644 13.4746 2
    endloop
  endfacet
  facet normal -0.803239 0.595657 0
    outer loop
      vertex 3.04545 12.0612 2
      vertex 3.42543 12.5736 3.2
      vertex 3.42543 12.5736 2
    endloop
  endfacet
  facet normal -0.803239 0.595657 0
    outer loop
      vertex 3.42543 12.5736 3.2
      vertex 3.04545 12.0612 2
      vertex 3.04545 12.0612 3.2
    endloop
  endfacet
  facet normal 0.989176 -0.146735 0
    outer loop
      vertex 14.8251 7.18191 3.2
      vertex 14.9187 7.81289 2
      vertex 14.9187 7.81289 3.2
    endloop
  endfacet
  facet normal 0.989176 -0.146735 0
    outer loop
      vertex 14.9187 7.81289 2
      vertex 14.8251 7.18191 3.2
      vertex 14.8251 7.18191 2
    endloop
  endfacet
  facet normal 0.42748 0.904025 -0
    outer loop
      vertex 11.5141 14.1825 2
      vertex 10.9374 14.4552 3.2
      vertex 11.5141 14.1825 3.2
    endloop
  endfacet
  facet normal 0.42748 0.904025 0
    outer loop
      vertex 10.9374 14.4552 3.2
      vertex 11.5141 14.1825 2
      vertex 10.9374 14.4552 2
    endloop
  endfacet
  facet normal 0.970028 -0.242993 0
    outer loop
      vertex 14.6701 6.56315 3.2
      vertex 14.8251 7.18191 2
      vertex 14.8251 7.18191 3.2
    endloop
  endfacet
  facet normal 0.970028 -0.242993 0
    outer loop
      vertex 14.8251 7.18191 2
      vertex 14.6701 6.56315 3.2
      vertex 14.6701 6.56315 2
    endloop
  endfacet
  facet normal -0.0490689 0.998795 0
    outer loop
      vertex 8.45 14.95 2
      vertex 7.81289 14.9187 3.2
      vertex 8.45 14.95 3.2
    endloop
  endfacet
  facet normal -0.0490689 0.998795 0
    outer loop
      vertex 7.81289 14.9187 3.2
      vertex 8.45 14.95 2
      vertex 7.81289 14.9187 2
    endloop
  endfacet
  facet normal 0.671611 0.740904 -0
    outer loop
      vertex 13.0462 13.0462 2
      vertex 12.5736 13.4746 3.2
      vertex 13.0462 13.0462 3.2
    endloop
  endfacet
  facet normal 0.671611 0.740904 0
    outer loop
      vertex 12.5736 13.4746 3.2
      vertex 13.0462 13.0462 2
      vertex 12.5736 13.4746 2
    endloop
  endfacet
  facet normal -0.427516 0.904008 0
    outer loop
      vertex 5.96256 14.4552 2
      vertex 5.38592 14.1825 3.2
      vertex 5.96256 14.4552 3.2
    endloop
  endfacet
  facet normal -0.427516 0.904008 0
    outer loop
      vertex 5.38592 14.1825 3.2
      vertex 5.96256 14.4552 2
      vertex 5.38592 14.1825 2
    endloop
  endfacet
  facet normal -0.671587 0.740925 0
    outer loop
      vertex 4.32644 13.4746 2
      vertex 3.85381 13.0462 3.2
      vertex 4.32644 13.4746 3.2
    endloop
  endfacet
  facet normal -0.671587 0.740925 0
    outer loop
      vertex 3.85381 13.0462 3.2
      vertex 4.32644 13.4746 2
      vertex 3.85381 13.0462 2
    endloop
  endfacet
  facet normal -0.336897 0.941541 0
    outer loop
      vertex 6.56315 14.6701 2
      vertex 5.96256 14.4552 3.2
      vertex 6.56315 14.6701 3.2
    endloop
  endfacet
  facet normal -0.336897 0.941541 0
    outer loop
      vertex 5.96256 14.4552 3.2
      vertex 6.56315 14.6701 2
      vertex 5.96256 14.4552 2
    endloop
  endfacet
  facet normal 0.803224 0.595677 0
    outer loop
      vertex 13.8546 12.0612 3.2
      vertex 13.4746 12.5736 2
      vertex 13.4746 12.5736 3.2
    endloop
  endfacet
  facet normal 0.803224 0.595677 0
    outer loop
      vertex 13.4746 12.5736 2
      vertex 13.8546 12.0612 3.2
      vertex 13.8546 12.0612 2
    endloop
  endfacet
  facet normal -0.857714 0.514127 0
    outer loop
      vertex 2.71751 11.5141 2
      vertex 3.04545 12.0612 3.2
      vertex 3.04545 12.0612 2
    endloop
  endfacet
  facet normal -0.857714 0.514127 0
    outer loop
      vertex 3.04545 12.0612 3.2
      vertex 2.71751 11.5141 2
      vertex 2.71751 11.5141 3.2
    endloop
  endfacet
  facet normal 0.998795 -0.0490689 0
    outer loop
      vertex 14.9187 7.81289 3.2
      vertex 14.95 8.45 2
      vertex 14.95 8.45 3.2
    endloop
  endfacet
  facet normal 0.998795 -0.0490689 0
    outer loop
      vertex 14.95 8.45 2
      vertex 14.9187 7.81289 3.2
      vertex 14.9187 7.81289 2
    endloop
  endfacet
  facet normal 0.904008 -0.427516 0
    outer loop
      vertex 14.1825 5.38592 3.2
      vertex 14.4552 5.96256 2
      vertex 14.4552 5.96256 3.2
    endloop
  endfacet
  facet normal 0.904008 -0.427516 0
    outer loop
      vertex 14.4552 5.96256 2
      vertex 14.1825 5.38592 3.2
      vertex 14.1825 5.38592 2
    endloop
  endfacet
  facet normal 0.857742 0.514081 0
    outer loop
      vertex 14.1825 11.5141 3.2
      vertex 13.8546 12.0612 2
      vertex 13.8546 12.0612 3.2
    endloop
  endfacet
  facet normal 0.857742 0.514081 0
    outer loop
      vertex 13.8546 12.0612 2
      vertex 14.1825 11.5141 3.2
      vertex 14.1825 11.5141 2
    endloop
  endfacet
  facet normal 0 0 1
    outer loop
      vertex 13.6 8.45 3.2
      vertex 14.95 8.45 3.2
      vertex 14.9187 9.08711 3.2
    endloop
  endfacet
  facet normal 0 0 1
    outer loop
      vertex 13.5752 8.95479 3.2
      vertex 14.9187 9.08711 3.2
      vertex 14.8251 9.71809 3.2
    endloop
  endfacet
  facet normal 0 0 1
    outer loop
      vertex 14.95 8.45 3.2
      vertex 13.6 8.45 3.2
      vertex 14.9187 7.81289 3.2
    endloop
  endfacet
  facet normal 0 0 1
    outer loop
      vertex 13.501 9.45471 3.2
      vertex 14.8251 9.71809 3.2
      vertex 14.6701 10.3369 3.2
    endloop
  endfacet
  facet normal -0 0 1
    outer loop
      vertex 13.5752 7.94521 3.2
      vertex 14.9187 7.81289 3.2
      vertex 13.6 8.45 3.2
    endloop
  endfacet
  facet normal 0 0 1
    outer loop
      vertex 13.3782 9.94497 3.2
      vertex 14.6701 10.3369 3.2
      vertex 14.4552 10.9374 3.2
    endloop
  endfacet
  facet normal 0 0 1
    outer loop
      vertex 14.9187 7.81289 3.2
      vertex 13.5752 7.94521 3.2
      vertex 14.8251 7.18191 3.2
    endloop
  endfacet
  facet normal 0 0 1
    outer loop
      vertex 13.208 10.4208 3.2
      vertex 14.4552 10.9374 3.2
      vertex 14.1825 11.5141 3.2
    endloop
  endfacet
  facet normal -0 0 1
    outer loop
      vertex 13.501 7.44528 3.2
      vertex 14.8251 7.18191 3.2
      vertex 13.5752 7.94521 3.2
    endloop
  endfacet
  facet normal 0 0 1
    outer loop
      vertex 12.9919 10.8777 3.2
      vertex 14.1825 11.5141 3.2
      vertex 13.8546 12.0612 3.2
    endloop
  endfacet
  facet normal 0 0 1
    outer loop
      vertex 14.8251 7.18191 3.2
      vertex 13.501 7.44528 3.2
      vertex 14.6701 6.56315 3.2
    endloop
  endfacet
  facet normal -0 0 1
    outer loop
      vertex 13.3782 6.95503 3.2
      vertex 14.6701 6.56315 3.2
      vertex 13.501 7.44528 3.2
    endloop
  endfacet
  facet normal 0 0 1
    outer loop
      vertex 14.9187 9.08711 3.2
      vertex 13.5752 8.95479 3.2
      vertex 13.6 8.45 3.2
    endloop
  endfacet
  facet normal 0 0 1
    outer loop
      vertex 14.8251 9.71809 3.2
      vertex 13.501 9.45471 3.2
      vertex 13.5752 8.95479 3.2
    endloop
  endfacet
  facet normal 0 0 1
    outer loop
      vertex 12.7321 11.3112 3.2
      vertex 13.8546 12.0612 3.2
      vertex 13.4746 12.5736 3.2
    endloop
  endfacet
  facet normal 0 0 1
    outer loop
      vertex 14.6701 10.3369 3.2
      vertex 13.3782 9.94497 3.2
      vertex 13.501 9.45471 3.2
    endloop
  endfacet
  facet normal 0 0 1
    outer loop
      vertex 14.4552 10.9374 3.2
      vertex 13.208 10.4208 3.2
      vertex 13.3782 9.94497 3.2
    endloop
  endfacet
  facet normal 0 0 1
    outer loop
      vertex 12.431 11.7171 3.2
      vertex 13.4746 12.5736 3.2
      vertex 13.0462 13.0462 3.2
    endloop
  endfacet
  facet normal 0 0 1
    outer loop
      vertex 14.1825 11.5141 3.2
      vertex 12.9919 10.8777 3.2
      vertex 13.208 10.4208 3.2
    endloop
  endfacet
  facet normal 0 0 1
    outer loop
      vertex 13.8546 12.0612 3.2
      vertex 12.7321 11.3112 3.2
      vertex 12.9919 10.8777 3.2
    endloop
  endfacet
  facet normal 0 0 1
    outer loop
      vertex 12.0916 12.0916 3.2
      vertex 13.0462 13.0462 3.2
      vertex 12.5736 13.4746 3.2
    endloop
  endfacet
  facet normal 0 0 1
    outer loop
      vertex 13.4746 12.5736 3.2
      vertex 12.431 11.7171 3.2
      vertex 12.7321 11.3112 3.2
    endloop
  endfacet
  facet normal 0 0 1
    outer loop
      vertex 13.0462 13.0462 3.2
      vertex 12.0916 12.0916 3.2
      vertex 12.431 11.7171 3.2
    endloop
  endfacet
  facet normal 0 0 1
    outer loop
      vertex 11.7171 12.431 3.2
      vertex 12.5736 13.4746 3.2
      vertex 12.0612 13.8546 3.2
    endloop
  endfacet
  facet normal 0 0 1
    outer loop
      vertex 12.5736 13.4746 3.2
      vertex 11.7171 12.431 3.2
      vertex 12.0916 12.0916 3.2
    endloop
  endfacet
  facet normal 0 0 1
    outer loop
      vertex 11.3112 12.7321 3.2
      vertex 12.0612 13.8546 3.2
      vertex 11.5141 14.1825 3.2
    endloop
  endfacet
  facet normal 0 0 1
    outer loop
      vertex 12.0612 13.8546 3.2
      vertex 11.3112 12.7321 3.2
      vertex 11.7171 12.431 3.2
    endloop
  endfacet
  facet normal 0 0 1
    outer loop
      vertex 10.8777 12.9919 3.2
      vertex 11.5141 14.1825 3.2
      vertex 10.9374 14.4552 3.2
    endloop
  endfacet
  facet normal 0 0 1
    outer loop
      vertex 11.5141 14.1825 3.2
      vertex 10.8777 12.9919 3.2
      vertex 11.3112 12.7321 3.2
    endloop
  endfacet
  facet normal 0 0 1
    outer loop
      vertex 10.9374 14.4552 3.2
      vertex 10.4208 13.208 3.2
      vertex 10.8777 12.9919 3.2
    endloop
  endfacet
  facet normal 0 0 1
    outer loop
      vertex 10.3369 14.6701 3.2
      vertex 10.4208 13.208 3.2
      vertex 10.9374 14.4552 3.2
    endloop
  endfacet
  facet normal 0 0 1
    outer loop
      vertex 10.3369 14.6701 3.2
      vertex 9.94497 13.3782 3.2
      vertex 10.4208 13.208 3.2
    endloop
  endfacet
  facet normal 0 0 1
    outer loop
      vertex 9.71809 14.8251 3.2
      vertex 9.94497 13.3782 3.2
      vertex 10.3369 14.6701 3.2
    endloop
  endfacet
  facet normal 0 0 1
    outer loop
      vertex 9.71809 14.8251 3.2
      vertex 9.45471 13.501 3.2
      vertex 9.94497 13.3782 3.2
    endloop
  endfacet
  facet normal 0 0 1
    outer loop
      vertex 9.08711 14.9187 3.2
      vertex 9.45471 13.501 3.2
      vertex 9.71809 14.8251 3.2
    endloop
  endfacet
  facet normal 0 0 1
    outer loop
      vertex 9.08711 14.9187 3.2
      vertex 8.95479 13.5752 3.2
      vertex 9.45471 13.501 3.2
    endloop
  endfacet
  facet normal 0 0 1
    outer loop
      vertex 8.45 14.95 3.2
      vertex 8.95479 13.5752 3.2
      vertex 9.08711 14.9187 3.2
    endloop
  endfacet
  facet normal 0 0 1
    outer loop
      vertex 8.45 14.95 3.2
      vertex 8.45 13.6 3.2
      vertex 8.95479 13.5752 3.2
    endloop
  endfacet
  facet normal 0 0 1
    outer loop
      vertex 8.45 14.95 3.2
      vertex 7.94521 13.5752 3.2
      vertex 8.45 13.6 3.2
    endloop
  endfacet
  facet normal -0 0 1
    outer loop
      vertex 7.81289 14.9187 3.2
      vertex 7.94521 13.5752 3.2
      vertex 8.45 14.95 3.2
    endloop
  endfacet
  facet normal 0 0 1
    outer loop
      vertex 7.81289 14.9187 3.2
      vertex 7.44528 13.501 3.2
      vertex 7.94521 13.5752 3.2
    endloop
  endfacet
  facet normal -0 0 1
    outer loop
      vertex 7.18191 14.8251 3.2
      vertex 7.44528 13.501 3.2
      vertex 7.81289 14.9187 3.2
    endloop
  endfacet
  facet normal 0 0 1
    outer loop
      vertex 7.18191 14.8251 3.2
      vertex 6.95503 13.3782 3.2
      vertex 7.44528 13.501 3.2
    endloop
  endfacet
  facet normal -0 0 1
    outer loop
      vertex 6.56315 14.6701 3.2
      vertex 6.95503 13.3782 3.2
      vertex 7.18191 14.8251 3.2
    endloop
  endfacet
  facet normal 0 0 1
    outer loop
      vertex 6.56315 14.6701 3.2
      vertex 6.47918 13.208 3.2
      vertex 6.95503 13.3782 3.2
    endloop
  endfacet
  facet normal -0 0 1
    outer loop
      vertex 5.96256 14.4552 3.2
      vertex 6.47918 13.208 3.2
      vertex 6.56315 14.6701 3.2
    endloop
  endfacet
  facet normal 0 0 1
    outer loop
      vertex 6.47918 13.208 3.2
      vertex 5.96256 14.4552 3.2
      vertex 6.02231 12.9919 3.2
    endloop
  endfacet
  facet normal -0 0 1
    outer loop
      vertex 5.38592 14.1825 3.2
      vertex 6.02231 12.9919 3.2
      vertex 5.96256 14.4552 3.2
    endloop
  endfacet
  facet normal 0 0 1
    outer loop
      vertex 6.02231 12.9919 3.2
      vertex 5.38592 14.1825 3.2
      vertex 5.58881 12.7321 3.2
    endloop
  endfacet
  facet normal -0 0 1
    outer loop
      vertex 4.83879 13.8546 3.2
      vertex 5.58881 12.7321 3.2
      vertex 5.38592 14.1825 3.2
    endloop
  endfacet
  facet normal 0 0 1
    outer loop
      vertex 5.58881 12.7321 3.2
      vertex 4.83879 13.8546 3.2
      vertex 5.18287 12.431 3.2
    endloop
  endfacet
  facet normal -0 0 1
    outer loop
      vertex 4.32644 13.4746 3.2
      vertex 5.18287 12.431 3.2
      vertex 4.83879 13.8546 3.2
    endloop
  endfacet
  facet normal 0 0 1
    outer loop
      vertex 5.18287 12.431 3.2
      vertex 4.32644 13.4746 3.2
      vertex 4.8084 12.0916 3.2
    endloop
  endfacet
  facet normal -0 0 1
    outer loop
      vertex 3.85381 13.0462 3.2
      vertex 4.8084 12.0916 3.2
      vertex 4.32644 13.4746 3.2
    endloop
  endfacet
  facet normal 0 0 1
    outer loop
      vertex 4.8084 12.0916 3.2
      vertex 3.85381 13.0462 3.2
      vertex 4.469 11.7171 3.2
    endloop
  endfacet
  facet normal -0 0 1
    outer loop
      vertex 3.42543 12.5736 3.2
      vertex 4.469 11.7171 3.2
      vertex 3.85381 13.0462 3.2
    endloop
  endfacet
  facet normal 0 0 1
    outer loop
      vertex 4.469 11.7171 3.2
      vertex 3.42543 12.5736 3.2
      vertex 4.16793 11.3112 3.2
    endloop
  endfacet
  facet normal -0 0 1
    outer loop
      vertex 3.04545 12.0612 3.2
      vertex 4.16793 11.3112 3.2
      vertex 3.42543 12.5736 3.2
    endloop
  endfacet
  facet normal 0 0 1
    outer loop
      vertex 4.16793 11.3112 3.2
      vertex 3.04545 12.0612 3.2
      vertex 3.9081 10.8777 3.2
    endloop
  endfacet
  facet normal -0 0 1
    outer loop
      vertex 2.71751 11.5141 3.2
      vertex 3.9081 10.8777 3.2
      vertex 3.04545 12.0612 3.2
    endloop
  endfacet
  facet normal -0 0 1
    outer loop
      vertex 2.6 11.2656 3.2
      vertex 3.9081 10.8777 3.2
      vertex 2.71751 11.5141 3.2
    endloop
  endfacet
  facet normal 0 0 1
    outer loop
      vertex 3.9081 10.8777 3.2
      vertex 2.6 11.2656 3.2
      vertex 3.69202 10.4208 3.2
    endloop
  endfacet
  facet normal 0 0 1
    outer loop
      vertex 3.69202 10.4208 3.2
      vertex 2.6 11.2656 3.2
      vertex 3.52176 9.94497 3.2
    endloop
  endfacet
  facet normal 0 0 1
    outer loop
      vertex 3.52176 9.94497 3.2
      vertex 2.6 11.2656 3.2
      vertex 3.39896 9.45471 3.2
    endloop
  endfacet
  facet normal 0 0 1
    outer loop
      vertex 2.6 7.99999 3.2
      vertex 3.39896 9.45471 3.2
      vertex 2.6 11.2656 3.2
    endloop
  endfacet
  facet normal 0 -0 1
    outer loop
      vertex 2.626 7.4707 3.2
      vertex 3.3 8.45 3.2
      vertex 2.6 7.99999 3.2
    endloop
  endfacet
  facet normal 0 0 1
    outer loop
      vertex 3.3 8.45 3.2
      vertex 3.01104 5.9335 3.2
      vertex 3.23762 5.45445 3.2
    endloop
  endfacet
  facet normal 0 0 1
    outer loop
      vertex 3.39896 9.45471 3.2
      vertex 2.6 7.99999 3.2
      vertex 3.3248 8.95479 3.2
    endloop
  endfacet
  facet normal 0 0 1
    outer loop
      vertex 3.3 8.45 3.2
      vertex 2.83251 6.43246 3.2
      vertex 3.01104 5.9335 3.2
    endloop
  endfacet
  facet normal 0 0 1
    outer loop
      vertex 3.3 8.45 3.2
      vertex 2.70376 6.94651 3.2
      vertex 2.83251 6.43246 3.2
    endloop
  endfacet
  facet normal 0 0 1
    outer loop
      vertex 3.3248 8.95479 3.2
      vertex 2.6 7.99999 3.2
      vertex 3.3 8.45 3.2
    endloop
  endfacet
  facet normal 0 0 1
    outer loop
      vertex 3.3 8.45 3.2
      vertex 2.626 7.4707 3.2
      vertex 2.70376 6.94651 3.2
    endloop
  endfacet
  facet normal 0 0 1
    outer loop
      vertex 14.6701 6.56315 3.2
      vertex 13.3782 6.95503 3.2
      vertex 14.4552 5.96256 3.2
    endloop
  endfacet
  facet normal -0 0 1
    outer loop
      vertex 13.208 6.47918 3.2
      vertex 14.4552 5.96256 3.2
      vertex 13.3782 6.95503 3.2
    endloop
  endfacet
  facet normal 0 0 1
    outer loop
      vertex 14.4552 5.96256 3.2
      vertex 13.208 6.47918 3.2
      vertex 14.1825 5.38592 3.2
    endloop
  endfacet
  facet normal -0 0 1
    outer loop
      vertex 12.9919 6.02231 3.2
      vertex 14.1825 5.38592 3.2
      vertex 13.208 6.47918 3.2
    endloop
  endfacet
  facet normal 0 0 1
    outer loop
      vertex 14.1825 5.38592 3.2
      vertex 12.9919 6.02231 3.2
      vertex 13.8546 4.83879 3.2
    endloop
  endfacet
  facet normal -0 0 1
    outer loop
      vertex 12.7321 5.58881 3.2
      vertex 13.8546 4.83879 3.2
      vertex 12.9919 6.02231 3.2
    endloop
  endfacet
  facet normal 0 0 1
    outer loop
      vertex 13.8546 4.83879 3.2
      vertex 12.7321 5.58881 3.2
      vertex 13.4746 4.32644 3.2
    endloop
  endfacet
  facet normal -0 0 1
    outer loop
      vertex 12.431 5.18287 3.2
      vertex 13.4746 4.32644 3.2
      vertex 12.7321 5.58881 3.2
    endloop
  endfacet
  facet normal 0 0 1
    outer loop
      vertex 13.4746 4.32644 3.2
      vertex 12.431 5.18287 3.2
      vertex 13.0462 3.85381 3.2
    endloop
  endfacet
  facet normal -0 0 1
    outer loop
      vertex 12.0916 4.8084 3.2
      vertex 13.0462 3.85381 3.2
      vertex 12.431 5.18287 3.2
    endloop
  endfacet
  facet normal 0 0 1
    outer loop
      vertex 13.0462 3.85381 3.2
      vertex 12.0916 4.8084 3.2
      vertex 12.5736 3.42543 3.2
    endloop
  endfacet
  facet normal -0 0 1
    outer loop
      vertex 11.7171 4.469 3.2
      vertex 12.5736 3.42543 3.2
      vertex 12.0916 4.8084 3.2
    endloop
  endfacet
  facet normal 0 0 1
    outer loop
      vertex 12.5736 3.42543 3.2
      vertex 11.7171 4.469 3.2
      vertex 12.0612 3.04545 3.2
    endloop
  endfacet
  facet normal -0 0 1
    outer loop
      vertex 11.3112 4.16793 3.2
      vertex 12.0612 3.04545 3.2
      vertex 11.7171 4.469 3.2
    endloop
  endfacet
  facet normal 0 0 1
    outer loop
      vertex 12.0612 3.04545 3.2
      vertex 11.3112 4.16793 3.2
      vertex 11.5141 2.71751 3.2
    endloop
  endfacet
  facet normal -0 0 1
    outer loop
      vertex 10.8777 3.9081 3.2
      vertex 11.5141 2.71751 3.2
      vertex 11.3112 4.16793 3.2
    endloop
  endfacet
  facet normal 0 0 1
    outer loop
      vertex 11.5141 2.71751 3.2
      vertex 10.8777 3.9081 3.2
      vertex 11.2656 2.6 3.2
    endloop
  endfacet
  facet normal -0 0 1
    outer loop
      vertex 10.4208 3.69202 3.2
      vertex 11.2656 2.6 3.2
      vertex 10.8777 3.9081 3.2
    endloop
  endfacet
  facet normal -0 0 1
    outer loop
      vertex 9.94497 3.52176 3.2
      vertex 11.2656 2.6 3.2
      vertex 10.4208 3.69202 3.2
    endloop
  endfacet
  facet normal -0 0 1
    outer loop
      vertex 9.45471 3.39896 3.2
      vertex 11.2656 2.6 3.2
      vertex 9.94497 3.52176 3.2
    endloop
  endfacet
  facet normal 0 0 1
    outer loop
      vertex 7.99999 2.6 3.2
      vertex 9.45471 3.39896 3.2
      vertex 8.95479 3.3248 3.2
    endloop
  endfacet
  facet normal 0 0 1
    outer loop
      vertex 7.99999 2.6 3.2
      vertex 8.95479 3.3248 3.2
      vertex 8.45 3.3 3.2
    endloop
  endfacet
  facet normal 0 0 1
    outer loop
      vertex 9.45471 3.39896 3.2
      vertex 7.99999 2.6 3.2
      vertex 11.2656 2.6 3.2
    endloop
  endfacet
  facet normal 0 0 1
    outer loop
      vertex 7.94521 3.3248 3.2
      vertex 7.99999 2.6 3.2
      vertex 8.45 3.3 3.2
    endloop
  endfacet
  facet normal 0 0 1
    outer loop
      vertex 7.94521 3.3248 3.2
      vertex 7.4707 2.626 3.2
      vertex 7.99999 2.6 3.2
    endloop
  endfacet
  facet normal 0 0 1
    outer loop
      vertex 7.44528 3.39896 3.2
      vertex 7.4707 2.626 3.2
      vertex 7.94521 3.3248 3.2
    endloop
  endfacet
  facet normal 0 0 1
    outer loop
      vertex 6.94651 2.70376 3.2
      vertex 7.44528 3.39896 3.2
      vertex 6.95503 3.52176 3.2
    endloop
  endfacet
  facet normal 0 0 1
    outer loop
      vertex 7.44528 3.39896 3.2
      vertex 6.94651 2.70376 3.2
      vertex 7.4707 2.626 3.2
    endloop
  endfacet
  facet normal 0 0 1
    outer loop
      vertex 6.43246 2.83251 3.2
      vertex 6.95503 3.52176 3.2
      vertex 6.47918 3.69202 3.2
    endloop
  endfacet
  facet normal 0 0 1
    outer loop
      vertex 6.95503 3.52176 3.2
      vertex 6.43246 2.83251 3.2
      vertex 6.94651 2.70376 3.2
    endloop
  endfacet
  facet normal 0 0 1
    outer loop
      vertex 5.9335 3.01104 3.2
      vertex 6.47918 3.69202 3.2
      vertex 6.02231 3.9081 3.2
    endloop
  endfacet
  facet normal 0 0 1
    outer loop
      vertex 6.47918 3.69202 3.2
      vertex 5.9335 3.01104 3.2
      vertex 6.43246 2.83251 3.2
    endloop
  endfacet
  facet normal 0 0 1
    outer loop
      vertex 5.45445 3.23762 3.2
      vertex 6.02231 3.9081 3.2
      vertex 5.58881 4.16793 3.2
    endloop
  endfacet
  facet normal 0 0 1
    outer loop
      vertex 6.02231 3.9081 3.2
      vertex 5.45445 3.23762 3.2
      vertex 5.9335 3.01104 3.2
    endloop
  endfacet
  facet normal 0 0 1
    outer loop
      vertex 4.99992 3.51006 3.2
      vertex 5.58881 4.16793 3.2
      vertex 5.18287 4.469 3.2
    endloop
  endfacet
  facet normal 0 0 1
    outer loop
      vertex 5.58881 4.16793 3.2
      vertex 4.99992 3.51006 3.2
      vertex 5.45445 3.23762 3.2
    endloop
  endfacet
  facet normal 0 0 1
    outer loop
      vertex 4.57427 3.82574 3.2
      vertex 5.18287 4.469 3.2
      vertex 4.8084 4.8084 3.2
    endloop
  endfacet
  facet normal 0 0 1
    outer loop
      vertex 5.18287 4.469 3.2
      vertex 4.57427 3.82574 3.2
      vertex 4.99992 3.51006 3.2
    endloop
  endfacet
  facet normal 0 0 1
    outer loop
      vertex 3.82574 4.57427 3.2
      vertex 4.8084 4.8084 3.2
      vertex 4.469 5.18287 3.2
    endloop
  endfacet
  facet normal 0 0 1
    outer loop
      vertex 4.8084 4.8084 3.2
      vertex 4.18162 4.18162 3.2
      vertex 4.57427 3.82574 3.2
    endloop
  endfacet
  facet normal 0 0 1
    outer loop
      vertex 3.51006 4.99992 3.2
      vertex 4.469 5.18287 3.2
      vertex 4.16793 5.58881 3.2
    endloop
  endfacet
  facet normal 0 0 1
    outer loop
      vertex 3.23762 5.45445 3.2
      vertex 4.16793 5.58881 3.2
      vertex 3.9081 6.02231 3.2
    endloop
  endfacet
  facet normal 0 0 1
    outer loop
      vertex 4.8084 4.8084 3.2
      vertex 3.82574 4.57427 3.2
      vertex 4.18162 4.18162 3.2
    endloop
  endfacet
  facet normal 0 0 1
    outer loop
      vertex 3.23762 5.45445 3.2
      vertex 3.9081 6.02231 3.2
      vertex 3.69202 6.47918 3.2
    endloop
  endfacet
  facet normal 0 0 1
    outer loop
      vertex 3.23762 5.45445 3.2
      vertex 3.69202 6.47918 3.2
      vertex 3.52176 6.95503 3.2
    endloop
  endfacet
  facet normal 0 0 1
    outer loop
      vertex 4.469 5.18287 3.2
      vertex 3.51006 4.99992 3.2
      vertex 3.82574 4.57427 3.2
    endloop
  endfacet
  facet normal 0 0 1
    outer loop
      vertex 3.23762 5.45445 3.2
      vertex 3.52176 6.95503 3.2
      vertex 3.39896 7.44528 3.2
    endloop
  endfacet
  facet normal 0 0 1
    outer loop
      vertex 3.23762 5.45445 3.2
      vertex 3.39896 7.44528 3.2
      vertex 3.3248 7.94521 3.2
    endloop
  endfacet
  facet normal 0 0 1
    outer loop
      vertex 4.16793 5.58881 3.2
      vertex 3.23762 5.45445 3.2
      vertex 3.51006 4.99992 3.2
    endloop
  endfacet
  facet normal 0 0 1
    outer loop
      vertex 3.23762 5.45445 3.2
      vertex 3.3248 7.94521 3.2
      vertex 3.3 8.45 3.2
    endloop
  endfacet
  facet normal 0.595677 0.803224 -0
    outer loop
      vertex 12.5736 13.4746 2
      vertex 12.0612 13.8546 3.2
      vertex 12.5736 13.4746 3.2
    endloop
  endfacet
  facet normal 0.595677 0.803224 0
    outer loop
      vertex 12.0612 13.8546 3.2
      vertex 12.5736 13.4746 2
      vertex 12.0612 13.8546 2
    endloop
  endfacet
  facet normal 0.514081 0.857742 -0
    outer loop
      vertex 12.0612 13.8546 2
      vertex 11.5141 14.1825 3.2
      vertex 12.0612 13.8546 3.2
    endloop
  endfacet
  facet normal 0.514081 0.857742 0
    outer loop
      vertex 11.5141 14.1825 3.2
      vertex 12.0612 13.8546 2
      vertex 11.5141 14.1825 2
    endloop
  endfacet
  facet normal 0.941525 0.336942 0
    outer loop
      vertex 14.6701 10.3369 3.2
      vertex 14.4552 10.9374 2
      vertex 14.4552 10.9374 3.2
    endloop
  endfacet
  facet normal 0.941525 0.336942 0
    outer loop
      vertex 14.4552 10.9374 2
      vertex 14.6701 10.3369 3.2
      vertex 14.6701 10.3369 2
    endloop
  endfacet
  facet normal 0.857754 -0.51406 0
    outer loop
      vertex 13.8546 4.83879 3.2
      vertex 14.1825 5.38592 2
      vertex 14.1825 5.38592 3.2
    endloop
  endfacet
  facet normal 0.857754 -0.51406 0
    outer loop
      vertex 14.1825 5.38592 2
      vertex 13.8546 4.83879 3.2
      vertex 13.8546 4.83879 2
    endloop
  endfacet
  facet normal 0.941541 -0.336897 0
    outer loop
      vertex 14.4552 5.96256 3.2
      vertex 14.6701 6.56315 2
      vertex 14.6701 6.56315 3.2
    endloop
  endfacet
  facet normal 0.941541 -0.336897 0
    outer loop
      vertex 14.6701 6.56315 2
      vertex 14.4552 5.96256 3.2
      vertex 14.4552 5.96256 2
    endloop
  endfacet
  facet normal 0.740904 0.671611 0
    outer loop
      vertex 13.4746 12.5736 3.2
      vertex 13.0462 13.0462 2
      vertex 13.0462 13.0462 3.2
    endloop
  endfacet
  facet normal 0.740904 0.671611 0
    outer loop
      vertex 13.0462 13.0462 2
      vertex 13.4746 12.5736 3.2
      vertex 13.4746 12.5736 2
    endloop
  endfacet
  facet normal 0.0490689 0.998795 -0
    outer loop
      vertex 9.08711 14.9187 2
      vertex 8.45 14.95 3.2
      vertex 9.08711 14.9187 3.2
    endloop
  endfacet
  facet normal 0.0490689 0.998795 0
    outer loop
      vertex 8.45 14.95 3.2
      vertex 9.08711 14.9187 2
      vertex 8.45 14.95 2
    endloop
  endfacet
  facet normal 0.904025 0.42748 0
    outer loop
      vertex 14.4552 10.9374 3.2
      vertex 14.1825 11.5141 2
      vertex 14.1825 11.5141 3.2
    endloop
  endfacet
  facet normal 0.904025 0.42748 0
    outer loop
      vertex 14.1825 11.5141 2
      vertex 14.4552 10.9374 3.2
      vertex 14.4552 10.9374 2
    endloop
  endfacet
  facet normal 0.671594 -0.74092 0
    outer loop
      vertex 12.5736 3.42543 2
      vertex 13.0462 3.85381 3.2
      vertex 12.5736 3.42543 3.2
    endloop
  endfacet
  facet normal 0.671594 -0.74092 0
    outer loop
      vertex 13.0462 3.85381 3.2
      vertex 12.5736 3.42543 2
      vertex 13.0462 3.85381 2
    endloop
  endfacet
  facet normal -0.74092 0.671594 0
    outer loop
      vertex 3.42543 12.5736 2
      vertex 3.85381 13.0462 3.2
      vertex 3.85381 13.0462 2
    endloop
  endfacet
  facet normal -0.74092 0.671594 0
    outer loop
      vertex 3.85381 13.0462 3.2
      vertex 3.42543 12.5736 2
      vertex 3.42543 12.5736 3.2
    endloop
  endfacet
  facet normal -0.146735 0.989176 0
    outer loop
      vertex 7.81289 14.9187 2
      vertex 7.18191 14.8251 3.2
      vertex 7.81289 14.9187 3.2
    endloop
  endfacet
  facet normal -0.146735 0.989176 0
    outer loop
      vertex 7.18191 14.8251 3.2
      vertex 7.81289 14.9187 2
      vertex 7.18191 14.8251 2
    endloop
  endfacet
  facet normal -0.90402 0.42749 0
    outer loop
      vertex 2.6 11.2656 2
      vertex 2.71751 11.5141 3.2
      vertex 2.71751 11.5141 2
    endloop
  endfacet
  facet normal -0.90402 0.42749 0
    outer loop
      vertex 2.71751 11.5141 3.2
      vertex 2.6 11.2656 2
      vertex 2.6 11.2656 3.2
    endloop
  endfacet
  facet normal 0.242975 0.970033 -0
    outer loop
      vertex 10.3369 14.6701 2
      vertex 9.71809 14.8251 3.2
      vertex 10.3369 14.6701 3.2
    endloop
  endfacet
  facet normal 0.242975 0.970033 0
    outer loop
      vertex 9.71809 14.8251 3.2
      vertex 10.3369 14.6701 2
      vertex 9.71809 14.8251 2
    endloop
  endfacet
  facet normal 0.42749 -0.90402 0
    outer loop
      vertex 11.2656 2.6 2
      vertex 11.5141 2.71751 3.2
      vertex 11.2656 2.6 3.2
    endloop
  endfacet
  facet normal 0.42749 -0.90402 0
    outer loop
      vertex 11.5141 2.71751 3.2
      vertex 11.2656 2.6 2
      vertex 11.5141 2.71751 2
    endloop
  endfacet
  facet normal 0.595657 -0.803239 0
    outer loop
      vertex 12.0612 3.04545 2
      vertex 12.5736 3.42543 3.2
      vertex 12.0612 3.04545 3.2
    endloop
  endfacet
  facet normal 0.595657 -0.803239 0
    outer loop
      vertex 12.5736 3.42543 3.2
      vertex 12.0612 3.04545 2
      vertex 12.5736 3.42543 2
    endloop
  endfacet
  facet normal 0.740925 -0.671587 0
    outer loop
      vertex 13.0462 3.85381 3.2
      vertex 13.4746 4.32644 2
      vertex 13.4746 4.32644 3.2
    endloop
  endfacet
  facet normal 0.740925 -0.671587 0
    outer loop
      vertex 13.4746 4.32644 2
      vertex 13.0462 3.85381 3.2
      vertex 13.0462 3.85381 2
    endloop
  endfacet
  facet normal -0.970028 -0.242993 0
    outer loop
      vertex 185.33 6.56315 2
      vertex 185.175 7.18191 3.2
      vertex 185.175 7.18191 2
    endloop
  endfacet
  facet normal -0.970028 -0.242993 0
    outer loop
      vertex 185.175 7.18191 3.2
      vertex 185.33 6.56315 2
      vertex 185.33 6.56315 3.2
    endloop
  endfacet
  facet normal -0.998818 -0.0485997 0
    outer loop
      vertex 185.081 7.81289 2
      vertex 185.05 8.45 3.2
      vertex 185.05 8.45 2
    endloop
  endfacet
  facet normal -0.998818 -0.0485997 0
    outer loop
      vertex 185.05 8.45 3.2
      vertex 185.081 7.81289 2
      vertex 185.081 7.81289 3.2
    endloop
  endfacet
  facet normal 0.90333 0.428946 0
    outer loop
      vertex 197.4 11.2656 3.2
      vertex 197.282 11.5141 2
      vertex 197.282 11.5141 3.2
    endloop
  endfacet
  facet normal 0.90333 0.428946 0
    outer loop
      vertex 197.282 11.5141 2
      vertex 197.4 11.2656 3.2
      vertex 197.4 11.2656 2
    endloop
  endfacet
  facet normal -0.740457 -0.672103 0
    outer loop
      vertex 186.954 3.85381 2
      vertex 186.525 4.32644 3.2
      vertex 186.525 4.32644 2
    endloop
  endfacet
  facet normal -0.740457 -0.672103 0
    outer loop
      vertex 186.525 4.32644 3.2
      vertex 186.954 3.85381 2
      vertex 186.954 3.85381 3.2
    endloop
  endfacet
  facet normal 0.858364 0.513041 0
    outer loop
      vertex 197.282 11.5141 3.2
      vertex 196.955 12.0612 2
      vertex 196.955 12.0612 3.2
    endloop
  endfacet
  facet normal 0.858364 0.513041 0
    outer loop
      vertex 196.955 12.0612 2
      vertex 197.282 11.5141 3.2
      vertex 197.282 11.5141 2
    endloop
  endfacet
  facet normal -0.427298 0.904111 0
    outer loop
      vertex 189.063 14.4552 2
      vertex 188.486 14.1825 3.2
      vertex 189.063 14.4552 3.2
    endloop
  endfacet
  facet normal -0.427298 0.904111 0
    outer loop
      vertex 188.486 14.1825 3.2
      vertex 189.063 14.4552 2
      vertex 188.486 14.1825 2
    endloop
  endfacet
  facet normal 0.0490774 0.998795 -0
    outer loop
      vertex 192.187 14.9187 2
      vertex 191.55 14.95 3.2
      vertex 192.187 14.9187 3.2
    endloop
  endfacet
  facet normal 0.0490774 0.998795 0
    outer loop
      vertex 191.55 14.95 3.2
      vertex 192.187 14.9187 2
      vertex 191.55 14.95 2
    endloop
  endfacet
  facet normal -0 0 1
    outer loop
      vertex 196.601 9.45471 3.2
      vertex 197.4 7.99999 3.2
      vertex 197.4 11.2656 3.2
    endloop
  endfacet
  facet normal -0 -0 1
    outer loop
      vertex 196.7 8.45 3.2
      vertex 197.4 7.99999 3.2
      vertex 196.675 8.95479 3.2
    endloop
  endfacet
  facet normal 0 0 1
    outer loop
      vertex 196.092 10.8777 3.2
      vertex 197.4 11.2656 3.2
      vertex 197.282 11.5141 3.2
    endloop
  endfacet
  facet normal 0 0 1
    outer loop
      vertex 196.675 7.94521 3.2
      vertex 197.4 7.99999 3.2
      vertex 196.7 8.45 3.2
    endloop
  endfacet
  facet normal 0 0 1
    outer loop
      vertex 196.601 7.44528 3.2
      vertex 197.374 7.4707 3.2
      vertex 196.675 7.94521 3.2
    endloop
  endfacet
  facet normal 0 0 1
    outer loop
      vertex 196.092 10.8777 3.2
      vertex 197.282 11.5141 3.2
      vertex 196.955 12.0612 3.2
    endloop
  endfacet
  facet normal 0 0 1
    outer loop
      vertex 197.374 7.4707 3.2
      vertex 196.601 7.44528 3.2
      vertex 197.296 6.94651 3.2
    endloop
  endfacet
  facet normal -0 0 1
    outer loop
      vertex 196.478 6.95503 3.2
      vertex 197.296 6.94651 3.2
      vertex 196.601 7.44528 3.2
    endloop
  endfacet
  facet normal 0 0 1
    outer loop
      vertex 197.4 7.99999 3.2
      vertex 196.675 7.94521 3.2
      vertex 197.374 7.4707 3.2
    endloop
  endfacet
  facet normal 0 0 1
    outer loop
      vertex 197.4 7.99999 3.2
      vertex 196.601 9.45471 3.2
      vertex 196.675 8.95479 3.2
    endloop
  endfacet
  facet normal 0 0 1
    outer loop
      vertex 195.832 11.3112 3.2
      vertex 196.955 12.0612 3.2
      vertex 196.575 12.5736 3.2
    endloop
  endfacet
  facet normal 0 0 1
    outer loop
      vertex 197.4 11.2656 3.2
      vertex 196.478 9.94497 3.2
      vertex 196.601 9.45471 3.2
    endloop
  endfacet
  facet normal 0 0 1
    outer loop
      vertex 197.4 11.2656 3.2
      vertex 196.308 10.4208 3.2
      vertex 196.478 9.94497 3.2
    endloop
  endfacet
  facet normal 0 0 1
    outer loop
      vertex 195.531 11.7171 3.2
      vertex 196.575 12.5736 3.2
      vertex 196.146 13.0462 3.2
    endloop
  endfacet
  facet normal 0 0 1
    outer loop
      vertex 197.4 11.2656 3.2
      vertex 196.092 10.8777 3.2
      vertex 196.308 10.4208 3.2
    endloop
  endfacet
  facet normal 0 0 1
    outer loop
      vertex 196.955 12.0612 3.2
      vertex 195.832 11.3112 3.2
      vertex 196.092 10.8777 3.2
    endloop
  endfacet
  facet normal 0 0 1
    outer loop
      vertex 195.192 12.0916 3.2
      vertex 196.146 13.0462 3.2
      vertex 195.674 13.4746 3.2
    endloop
  endfacet
  facet normal 0 0 1
    outer loop
      vertex 196.575 12.5736 3.2
      vertex 195.531 11.7171 3.2
      vertex 195.832 11.3112 3.2
    endloop
  endfacet
  facet normal 0 0 1
    outer loop
      vertex 196.146 13.0462 3.2
      vertex 195.192 12.0916 3.2
      vertex 195.531 11.7171 3.2
    endloop
  endfacet
  facet normal 0 0 1
    outer loop
      vertex 194.817 12.431 3.2
      vertex 195.674 13.4746 3.2
      vertex 195.161 13.8546 3.2
    endloop
  endfacet
  facet normal 0 0 1
    outer loop
      vertex 195.674 13.4746 3.2
      vertex 194.817 12.431 3.2
      vertex 195.192 12.0916 3.2
    endloop
  endfacet
  facet normal 0 0 1
    outer loop
      vertex 194.411 12.7321 3.2
      vertex 195.161 13.8546 3.2
      vertex 194.614 14.1825 3.2
    endloop
  endfacet
  facet normal 0 0 1
    outer loop
      vertex 195.161 13.8546 3.2
      vertex 194.411 12.7321 3.2
      vertex 194.817 12.431 3.2
    endloop
  endfacet
  facet normal 0 0 1
    outer loop
      vertex 193.978 12.9919 3.2
      vertex 194.614 14.1825 3.2
      vertex 194.037 14.4552 3.2
    endloop
  endfacet
  facet normal 0 0 1
    outer loop
      vertex 194.614 14.1825 3.2
      vertex 193.978 12.9919 3.2
      vertex 194.411 12.7321 3.2
    endloop
  endfacet
  facet normal 0 0 1
    outer loop
      vertex 194.037 14.4552 3.2
      vertex 193.521 13.208 3.2
      vertex 193.978 12.9919 3.2
    endloop
  endfacet
  facet normal 0 0 1
    outer loop
      vertex 193.437 14.6701 3.2
      vertex 193.521 13.208 3.2
      vertex 194.037 14.4552 3.2
    endloop
  endfacet
  facet normal 0 0 1
    outer loop
      vertex 193.437 14.6701 3.2
      vertex 193.045 13.3782 3.2
      vertex 193.521 13.208 3.2
    endloop
  endfacet
  facet normal 0 0 1
    outer loop
      vertex 192.818 14.8251 3.2
      vertex 193.045 13.3782 3.2
      vertex 193.437 14.6701 3.2
    endloop
  endfacet
  facet normal 0 0 1
    outer loop
      vertex 192.818 14.8251 3.2
      vertex 192.555 13.501 3.2
      vertex 193.045 13.3782 3.2
    endloop
  endfacet
  facet normal 0 0 1
    outer loop
      vertex 192.187 14.9187 3.2
      vertex 192.555 13.501 3.2
      vertex 192.818 14.8251 3.2
    endloop
  endfacet
  facet normal 0 0 1
    outer loop
      vertex 192.187 14.9187 3.2
      vertex 192.055 13.5752 3.2
      vertex 192.555 13.501 3.2
    endloop
  endfacet
  facet normal 0 0 1
    outer loop
      vertex 191.55 14.95 3.2
      vertex 192.055 13.5752 3.2
      vertex 192.187 14.9187 3.2
    endloop
  endfacet
  facet normal 0 0 1
    outer loop
      vertex 191.55 14.95 3.2
      vertex 191.55 13.6 3.2
      vertex 192.055 13.5752 3.2
    endloop
  endfacet
  facet normal 0 0 1
    outer loop
      vertex 191.55 14.95 3.2
      vertex 191.045 13.5752 3.2
      vertex 191.55 13.6 3.2
    endloop
  endfacet
  facet normal -0 0 1
    outer loop
      vertex 190.913 14.9187 3.2
      vertex 191.045 13.5752 3.2
      vertex 191.55 14.95 3.2
    endloop
  endfacet
  facet normal 0 0 1
    outer loop
      vertex 190.913 14.9187 3.2
      vertex 190.545 13.501 3.2
      vertex 191.045 13.5752 3.2
    endloop
  endfacet
  facet normal -0 0 1
    outer loop
      vertex 190.282 14.8251 3.2
      vertex 190.545 13.501 3.2
      vertex 190.913 14.9187 3.2
    endloop
  endfacet
  facet normal 0 0 1
    outer loop
      vertex 190.282 14.8251 3.2
      vertex 190.055 13.3782 3.2
      vertex 190.545 13.501 3.2
    endloop
  endfacet
  facet normal -0 0 1
    outer loop
      vertex 189.663 14.6701 3.2
      vertex 190.055 13.3782 3.2
      vertex 190.282 14.8251 3.2
    endloop
  endfacet
  facet normal 0 0 1
    outer loop
      vertex 189.663 14.6701 3.2
      vertex 189.579 13.208 3.2
      vertex 190.055 13.3782 3.2
    endloop
  endfacet
  facet normal -0 0 1
    outer loop
      vertex 189.063 14.4552 3.2
      vertex 189.579 13.208 3.2
      vertex 189.663 14.6701 3.2
    endloop
  endfacet
  facet normal 0 0 1
    outer loop
      vertex 189.579 13.208 3.2
      vertex 189.063 14.4552 3.2
      vertex 189.122 12.9919 3.2
    endloop
  endfacet
  facet normal -0 0 1
    outer loop
      vertex 188.486 14.1825 3.2
      vertex 189.122 12.9919 3.2
      vertex 189.063 14.4552 3.2
    endloop
  endfacet
  facet normal 0 0 1
    outer loop
      vertex 189.122 12.9919 3.2
      vertex 188.486 14.1825 3.2
      vertex 188.689 12.7321 3.2
    endloop
  endfacet
  facet normal -0 0 1
    outer loop
      vertex 187.939 13.8546 3.2
      vertex 188.689 12.7321 3.2
      vertex 188.486 14.1825 3.2
    endloop
  endfacet
  facet normal 0 0 1
    outer loop
      vertex 188.689 12.7321 3.2
      vertex 187.939 13.8546 3.2
      vertex 188.283 12.431 3.2
    endloop
  endfacet
  facet normal -0 0 1
    outer loop
      vertex 187.426 13.4746 3.2
      vertex 188.283 12.431 3.2
      vertex 187.939 13.8546 3.2
    endloop
  endfacet
  facet normal 0 0 1
    outer loop
      vertex 188.283 12.431 3.2
      vertex 187.426 13.4746 3.2
      vertex 187.908 12.0916 3.2
    endloop
  endfacet
  facet normal -0 0 1
    outer loop
      vertex 186.954 13.0462 3.2
      vertex 187.908 12.0916 3.2
      vertex 187.426 13.4746 3.2
    endloop
  endfacet
  facet normal 0 0 1
    outer loop
      vertex 187.908 12.0916 3.2
      vertex 186.954 13.0462 3.2
      vertex 187.569 11.7171 3.2
    endloop
  endfacet
  facet normal -0 0 1
    outer loop
      vertex 186.525 12.5736 3.2
      vertex 187.569 11.7171 3.2
      vertex 186.954 13.0462 3.2
    endloop
  endfacet
  facet normal 0 0 1
    outer loop
      vertex 187.569 11.7171 3.2
      vertex 186.525 12.5736 3.2
      vertex 187.268 11.3112 3.2
    endloop
  endfacet
  facet normal -0 0 1
    outer loop
      vertex 186.145 12.0612 3.2
      vertex 187.268 11.3112 3.2
      vertex 186.525 12.5736 3.2
    endloop
  endfacet
  facet normal 0 0 1
    outer loop
      vertex 187.268 11.3112 3.2
      vertex 186.145 12.0612 3.2
      vertex 187.008 10.8777 3.2
    endloop
  endfacet
  facet normal -0 0 1
    outer loop
      vertex 185.818 11.5141 3.2
      vertex 187.008 10.8777 3.2
      vertex 186.145 12.0612 3.2
    endloop
  endfacet
  facet normal 0 0 1
    outer loop
      vertex 187.008 10.8777 3.2
      vertex 185.818 11.5141 3.2
      vertex 186.792 10.4208 3.2
    endloop
  endfacet
  facet normal -0 0 1
    outer loop
      vertex 185.545 10.9374 3.2
      vertex 186.792 10.4208 3.2
      vertex 185.818 11.5141 3.2
    endloop
  endfacet
  facet normal 0 0 1
    outer loop
      vertex 186.792 10.4208 3.2
      vertex 185.545 10.9374 3.2
      vertex 186.622 9.94497 3.2
    endloop
  endfacet
  facet normal -0 0 1
    outer loop
      vertex 185.33 10.3369 3.2
      vertex 186.622 9.94497 3.2
      vertex 185.545 10.9374 3.2
    endloop
  endfacet
  facet normal 0 0 1
    outer loop
      vertex 197.296 6.94651 3.2
      vertex 196.478 6.95503 3.2
      vertex 197.167 6.43246 3.2
    endloop
  endfacet
  facet normal -0 0 1
    outer loop
      vertex 196.308 6.47918 3.2
      vertex 197.167 6.43246 3.2
      vertex 196.478 6.95503 3.2
    endloop
  endfacet
  facet normal 0 0 1
    outer loop
      vertex 197.167 6.43246 3.2
      vertex 196.308 6.47918 3.2
      vertex 196.989 5.9335 3.2
    endloop
  endfacet
  facet normal -0 0 1
    outer loop
      vertex 196.092 6.02231 3.2
      vertex 196.989 5.9335 3.2
      vertex 196.308 6.47918 3.2
    endloop
  endfacet
  facet normal 0 0 1
    outer loop
      vertex 196.989 5.9335 3.2
      vertex 196.092 6.02231 3.2
      vertex 196.762 5.45445 3.2
    endloop
  endfacet
  facet normal -0 0 1
    outer loop
      vertex 195.832 5.58881 3.2
      vertex 196.762 5.45445 3.2
      vertex 196.092 6.02231 3.2
    endloop
  endfacet
  facet normal 0 0 1
    outer loop
      vertex 196.762 5.45445 3.2
      vertex 195.832 5.58881 3.2
      vertex 196.49 4.99992 3.2
    endloop
  endfacet
  facet normal -0 0 1
    outer loop
      vertex 195.531 5.18287 3.2
      vertex 196.49 4.99992 3.2
      vertex 195.832 5.58881 3.2
    endloop
  endfacet
  facet normal 0 0 1
    outer loop
      vertex 196.49 4.99992 3.2
      vertex 195.531 5.18287 3.2
      vertex 196.174 4.57427 3.2
    endloop
  endfacet
  facet normal -0 0 1
    outer loop
      vertex 195.192 4.8084 3.2
      vertex 196.174 4.57427 3.2
      vertex 195.531 5.18287 3.2
    endloop
  endfacet
  facet normal 0 0 1
    outer loop
      vertex 196.174 4.57427 3.2
      vertex 195.192 4.8084 3.2
      vertex 195.818 4.18162 3.2
    endloop
  endfacet
  facet normal 0 0 1
    outer loop
      vertex 195.818 4.18162 3.2
      vertex 195.192 4.8084 3.2
      vertex 195.426 3.82574 3.2
    endloop
  endfacet
  facet normal -0 0 1
    outer loop
      vertex 194.817 4.469 3.2
      vertex 195.426 3.82574 3.2
      vertex 195.192 4.8084 3.2
    endloop
  endfacet
  facet normal 0 0 1
    outer loop
      vertex 195.426 3.82574 3.2
      vertex 194.817 4.469 3.2
      vertex 195 3.51006 3.2
    endloop
  endfacet
  facet normal -0 0 1
    outer loop
      vertex 194.411 4.16793 3.2
      vertex 195 3.51006 3.2
      vertex 194.817 4.469 3.2
    endloop
  endfacet
  facet normal 0 0 1
    outer loop
      vertex 195 3.51006 3.2
      vertex 194.411 4.16793 3.2
      vertex 194.546 3.23762 3.2
    endloop
  endfacet
  facet normal -0 0 1
    outer loop
      vertex 193.978 3.9081 3.2
      vertex 194.546 3.23762 3.2
      vertex 194.411 4.16793 3.2
    endloop
  endfacet
  facet normal 0 0 1
    outer loop
      vertex 194.546 3.23762 3.2
      vertex 193.978 3.9081 3.2
      vertex 194.066 3.01104 3.2
    endloop
  endfacet
  facet normal -0 0 1
    outer loop
      vertex 193.521 3.69202 3.2
      vertex 194.066 3.01104 3.2
      vertex 193.978 3.9081 3.2
    endloop
  endfacet
  facet normal 0 0 1
    outer loop
      vertex 194.066 3.01104 3.2
      vertex 193.521 3.69202 3.2
      vertex 193.568 2.83251 3.2
    endloop
  endfacet
  facet normal -0 0 1
    outer loop
      vertex 193.045 3.52176 3.2
      vertex 193.568 2.83251 3.2
      vertex 193.521 3.69202 3.2
    endloop
  endfacet
  facet normal 0 0 1
    outer loop
      vertex 193.568 2.83251 3.2
      vertex 193.045 3.52176 3.2
      vertex 193.053 2.70376 3.2
    endloop
  endfacet
  facet normal -0 0 1
    outer loop
      vertex 192.555 3.39896 3.2
      vertex 193.053 2.70376 3.2
      vertex 193.045 3.52176 3.2
    endloop
  endfacet
  facet normal 0 0 1
    outer loop
      vertex 192.555 3.39896 3.2
      vertex 192.529 2.626 3.2
      vertex 193.053 2.70376 3.2
    endloop
  endfacet
  facet normal -0 0 1
    outer loop
      vertex 192.055 3.3248 3.2
      vertex 192.529 2.626 3.2
      vertex 192.555 3.39896 3.2
    endloop
  endfacet
  facet normal 0 0 1
    outer loop
      vertex 192.055 3.3248 3.2
      vertex 192 2.6 3.2
      vertex 192.529 2.626 3.2
    endloop
  endfacet
  facet normal -0 0 1
    outer loop
      vertex 191.55 3.3 3.2
      vertex 192 2.6 3.2
      vertex 192.055 3.3248 3.2
    endloop
  endfacet
  facet normal 0 0 1
    outer loop
      vertex 191.045 3.3248 3.2
      vertex 192 2.6 3.2
      vertex 191.55 3.3 3.2
    endloop
  endfacet
  facet normal 0 0 1
    outer loop
      vertex 190.545 3.39896 3.2
      vertex 192 2.6 3.2
      vertex 191.045 3.3248 3.2
    endloop
  endfacet
  facet normal 0 0 1
    outer loop
      vertex 188.734 2.6 3.2
      vertex 190.545 3.39896 3.2
      vertex 190.055 3.52176 3.2
    endloop
  endfacet
  facet normal 0 0 1
    outer loop
      vertex 188.734 2.6 3.2
      vertex 190.055 3.52176 3.2
      vertex 189.579 3.69202 3.2
    endloop
  endfacet
  facet normal 0 0 1
    outer loop
      vertex 190.545 3.39896 3.2
      vertex 188.734 2.6 3.2
      vertex 192 2.6 3.2
    endloop
  endfacet
  facet normal 0 0 1
    outer loop
      vertex 189.122 3.9081 3.2
      vertex 188.734 2.6 3.2
      vertex 189.579 3.69202 3.2
    endloop
  endfacet
  facet normal 0 0 1
    outer loop
      vertex 188.486 2.71751 3.2
      vertex 189.122 3.9081 3.2
      vertex 188.689 4.16793 3.2
    endloop
  endfacet
  facet normal 0 0 1
    outer loop
      vertex 189.122 3.9081 3.2
      vertex 188.486 2.71751 3.2
      vertex 188.734 2.6 3.2
    endloop
  endfacet
  facet normal 0 0 1
    outer loop
      vertex 187.939 3.04545 3.2
      vertex 188.689 4.16793 3.2
      vertex 188.283 4.469 3.2
    endloop
  endfacet
  facet normal 0 0 1
    outer loop
      vertex 188.689 4.16793 3.2
      vertex 187.939 3.04545 3.2
      vertex 188.486 2.71751 3.2
    endloop
  endfacet
  facet normal 0 0 1
    outer loop
      vertex 187.426 3.42543 3.2
      vertex 188.283 4.469 3.2
      vertex 187.908 4.8084 3.2
    endloop
  endfacet
  facet normal 0 0 1
    outer loop
      vertex 186.954 3.85381 3.2
      vertex 187.908 4.8084 3.2
      vertex 187.569 5.18287 3.2
    endloop
  endfacet
  facet normal 0 0 1
    outer loop
      vertex 188.283 4.469 3.2
      vertex 187.426 3.42543 3.2
      vertex 187.939 3.04545 3.2
    endloop
  endfacet
  facet normal 0 0 1
    outer loop
      vertex 186.525 4.32644 3.2
      vertex 187.569 5.18287 3.2
      vertex 187.268 5.58881 3.2
    endloop
  endfacet
  facet normal 0 0 1
    outer loop
      vertex 186.145 4.83879 3.2
      vertex 187.268 5.58881 3.2
      vertex 187.008 6.02231 3.2
    endloop
  endfacet
  facet normal 0 0 1
    outer loop
      vertex 187.908 4.8084 3.2
      vertex 186.954 3.85381 3.2
      vertex 187.426 3.42543 3.2
    endloop
  endfacet
  facet normal 0 0 1
    outer loop
      vertex 185.818 5.38592 3.2
      vertex 187.008 6.02231 3.2
      vertex 186.792 6.47918 3.2
    endloop
  endfacet
  facet normal 0 0 1
    outer loop
      vertex 185.545 5.96256 3.2
      vertex 186.792 6.47918 3.2
      vertex 186.622 6.95503 3.2
    endloop
  endfacet
  facet normal 0 0 1
    outer loop
      vertex 187.569 5.18287 3.2
      vertex 186.525 4.32644 3.2
      vertex 186.954 3.85381 3.2
    endloop
  endfacet
  facet normal 0 0 1
    outer loop
      vertex 185.33 6.56315 3.2
      vertex 186.622 6.95503 3.2
      vertex 186.499 7.44528 3.2
    endloop
  endfacet
  facet normal 0 0 1
    outer loop
      vertex 185.175 7.18191 3.2
      vertex 186.499 7.44528 3.2
      vertex 186.425 7.94521 3.2
    endloop
  endfacet
  facet normal 0 0 1
    outer loop
      vertex 185.081 7.81289 3.2
      vertex 186.425 7.94521 3.2
      vertex 186.4 8.45 3.2
    endloop
  endfacet
  facet normal 0 0 1
    outer loop
      vertex 186.622 9.94497 3.2
      vertex 185.33 10.3369 3.2
      vertex 186.499 9.45471 3.2
    endloop
  endfacet
  facet normal 0 0 1
    outer loop
      vertex 187.268 5.58881 3.2
      vertex 186.145 4.83879 3.2
      vertex 186.525 4.32644 3.2
    endloop
  endfacet
  facet normal -0 0 1
    outer loop
      vertex 185.175 9.71809 3.2
      vertex 186.499 9.45471 3.2
      vertex 185.33 10.3369 3.2
    endloop
  endfacet
  facet normal 0 0 1
    outer loop
      vertex 187.008 6.02231 3.2
      vertex 185.818 5.38592 3.2
      vertex 186.145 4.83879 3.2
    endloop
  endfacet
  facet normal 0 0 1
    outer loop
      vertex 186.499 9.45471 3.2
      vertex 185.175 9.71809 3.2
      vertex 186.425 8.95479 3.2
    endloop
  endfacet
  facet normal 0 0 1
    outer loop
      vertex 186.792 6.47918 3.2
      vertex 185.545 5.96256 3.2
      vertex 185.818 5.38592 3.2
    endloop
  endfacet
  facet normal -0 0 1
    outer loop
      vertex 185.081 9.08711 3.2
      vertex 186.425 8.95479 3.2
      vertex 185.175 9.71809 3.2
    endloop
  endfacet
  facet normal 0 0 1
    outer loop
      vertex 186.622 6.95503 3.2
      vertex 185.33 6.56315 3.2
      vertex 185.545 5.96256 3.2
    endloop
  endfacet
  facet normal 0 0 1
    outer loop
      vertex 186.425 8.95479 3.2
      vertex 185.081 9.08711 3.2
      vertex 186.4 8.45 3.2
    endloop
  endfacet
  facet normal 0 0 1
    outer loop
      vertex 186.499 7.44528 3.2
      vertex 185.175 7.18191 3.2
      vertex 185.33 6.56315 3.2
    endloop
  endfacet
  facet normal 0 0 1
    outer loop
      vertex 185.05 8.45 3.2
      vertex 186.4 8.45 3.2
      vertex 185.081 9.08711 3.2
    endloop
  endfacet
  facet normal 0 0 1
    outer loop
      vertex 186.425 7.94521 3.2
      vertex 185.081 7.81289 3.2
      vertex 185.175 7.18191 3.2
    endloop
  endfacet
  facet normal 0 0 1
    outer loop
      vertex 186.4 8.45 3.2
      vertex 185.05 8.45 3.2
      vertex 185.081 7.81289 3.2
    endloop
  endfacet
  facet normal 0.803224 0.595677 0
    outer loop
      vertex 196.955 12.0612 3.2
      vertex 196.575 12.5736 2
      vertex 196.575 12.5736 3.2
    endloop
  endfacet
  facet normal 0.803224 0.595677 0
    outer loop
      vertex 196.575 12.5736 2
      vertex 196.955 12.0612 3.2
      vertex 196.955 12.0612 2
    endloop
  endfacet
  facet normal -0.803224 0.595677 0
    outer loop
      vertex 186.145 12.0612 2
      vertex 186.525 12.5736 3.2
      vertex 186.525 12.5736 2
    endloop
  endfacet
  facet normal -0.803224 0.595677 0
    outer loop
      vertex 186.525 12.5736 3.2
      vertex 186.145 12.0612 2
      vertex 186.145 12.0612 3.2
    endloop
  endfacet
  facet normal 0.51415 0.8577 -0
    outer loop
      vertex 195.161 13.8546 2
      vertex 194.614 14.1825 3.2
      vertex 195.161 13.8546 3.2
    endloop
  endfacet
  facet normal 0.51415 0.8577 0
    outer loop
      vertex 194.614 14.1825 3.2
      vertex 195.161 13.8546 2
      vertex 194.614 14.1825 2
    endloop
  endfacet
  facet normal -0.595228 0.803557 0
    outer loop
      vertex 187.939 13.8546 2
      vertex 187.426 13.4746 3.2
      vertex 187.939 13.8546 3.2
    endloop
  endfacet
  facet normal -0.595228 0.803557 0
    outer loop
      vertex 187.426 13.4746 3.2
      vertex 187.939 13.8546 2
      vertex 187.426 13.4746 2
    endloop
  endfacet
  facet normal -0.428194 -0.903687 0
    outer loop
      vertex 188.486 2.71751 2
      vertex 188.734 2.6 3.2
      vertex 188.486 2.71751 3.2
    endloop
  endfacet
  facet normal -0.428194 -0.903687 -0
    outer loop
      vertex 188.734 2.6 3.2
      vertex 188.486 2.71751 2
      vertex 188.734 2.6 2
    endloop
  endfacet
  facet normal -0.337191 0.941436 0
    outer loop
      vertex 189.663 14.6701 2
      vertex 189.063 14.4552 3.2
      vertex 189.663 14.6701 3.2
    endloop
  endfacet
  facet normal -0.337191 0.941436 0
    outer loop
      vertex 189.063 14.4552 3.2
      vertex 189.663 14.6701 2
      vertex 189.063 14.4552 2
    endloop
  endfacet
  facet normal -0.858376 -0.513021 0
    outer loop
      vertex 186.145 4.83879 2
      vertex 185.818 5.38592 3.2
      vertex 185.818 5.38592 2
    endloop
  endfacet
  facet normal -0.858376 -0.513021 0
    outer loop
      vertex 185.818 5.38592 3.2
      vertex 186.145 4.83879 2
      vertex 186.145 4.83879 3.2
    endloop
  endfacet
  facet normal 0.672079 0.740479 -0
    outer loop
      vertex 196.146 13.0462 2
      vertex 195.674 13.4746 3.2
      vertex 196.146 13.0462 3.2
    endloop
  endfacet
  facet normal 0.672079 0.740479 0
    outer loop
      vertex 195.674 13.4746 3.2
      vertex 196.146 13.0462 2
      vertex 195.674 13.4746 2
    endloop
  endfacet
  facet normal -0.941492 -0.337036 0
    outer loop
      vertex 185.545 5.96256 2
      vertex 185.33 6.56315 3.2
      vertex 185.33 6.56315 2
    endloop
  endfacet
  facet normal -0.941492 -0.337036 0
    outer loop
      vertex 185.33 6.56315 3.2
      vertex 185.545 5.96256 2
      vertex 185.545 5.96256 3.2
    endloop
  endfacet
  facet normal -0.672079 0.740479 0
    outer loop
      vertex 187.426 13.4746 2
      vertex 186.954 13.0462 3.2
      vertex 187.426 13.4746 3.2
    endloop
  endfacet
  facet normal -0.672079 0.740479 0
    outer loop
      vertex 186.954 13.0462 3.2
      vertex 187.426 13.4746 2
      vertex 186.954 13.0462 2
    endloop
  endfacet
  facet normal -0.595207 -0.803572 0
    outer loop
      vertex 187.426 3.42543 2
      vertex 187.939 3.04545 3.2
      vertex 187.426 3.42543 3.2
    endloop
  endfacet
  facet normal -0.595207 -0.803572 -0
    outer loop
      vertex 187.939 3.04545 3.2
      vertex 187.426 3.42543 2
      vertex 187.939 3.04545 2
    endloop
  endfacet
  facet normal -0.51415 0.8577 0
    outer loop
      vertex 188.486 14.1825 2
      vertex 187.939 13.8546 3.2
      vertex 188.486 14.1825 3.2
    endloop
  endfacet
  facet normal -0.51415 0.8577 0
    outer loop
      vertex 187.939 13.8546 3.2
      vertex 188.486 14.1825 2
      vertex 187.939 13.8546 2
    endloop
  endfacet
  facet normal 0.740436 0.672127 0
    outer loop
      vertex 196.575 12.5736 3.2
      vertex 196.146 13.0462 2
      vertex 196.146 13.0462 3.2
    endloop
  endfacet
  facet normal 0.740436 0.672127 0
    outer loop
      vertex 196.146 13.0462 2
      vertex 196.575 12.5736 3.2
      vertex 196.575 12.5736 2
    endloop
  endfacet
  facet normal 0.595228 0.803557 -0
    outer loop
      vertex 195.674 13.4746 2
      vertex 195.161 13.8546 3.2
      vertex 195.674 13.4746 3.2
    endloop
  endfacet
  facet normal 0.595228 0.803557 0
    outer loop
      vertex 195.161 13.8546 3.2
      vertex 195.674 13.4746 2
      vertex 195.161 13.8546 2
    endloop
  endfacet
  facet normal -0.672062 -0.740495 0
    outer loop
      vertex 186.954 3.85381 2
      vertex 187.426 3.42543 3.2
      vertex 186.954 3.85381 3.2
    endloop
  endfacet
  facet normal -0.672062 -0.740495 -0
    outer loop
      vertex 187.426 3.42543 3.2
      vertex 186.954 3.85381 2
      vertex 187.426 3.42543 2
    endloop
  endfacet
  facet normal -0.989085 0.147348 0
    outer loop
      vertex 185.081 9.08711 2
      vertex 185.175 9.71809 3.2
      vertex 185.175 9.71809 2
    endloop
  endfacet
  facet normal -0.989085 0.147348 0
    outer loop
      vertex 185.175 9.71809 3.2
      vertex 185.081 9.08711 2
      vertex 185.081 9.08711 3.2
    endloop
  endfacet
  facet normal 0.427298 0.904111 -0
    outer loop
      vertex 194.614 14.1825 2
      vertex 194.037 14.4552 3.2
      vertex 194.614 14.1825 3.2
    endloop
  endfacet
  facet normal 0.427298 0.904111 0
    outer loop
      vertex 194.037 14.4552 3.2
      vertex 194.614 14.1825 2
      vertex 194.037 14.4552 2
    endloop
  endfacet
  facet normal -0.989085 -0.147348 0
    outer loop
      vertex 185.175 7.18191 2
      vertex 185.081 7.81289 3.2
      vertex 185.081 7.81289 2
    endloop
  endfacet
  facet normal -0.989085 -0.147348 0
    outer loop
      vertex 185.081 7.81289 3.2
      vertex 185.175 7.18191 2
      vertex 185.175 7.18191 3.2
    endloop
  endfacet
  facet normal -0.14673 0.989177 0
    outer loop
      vertex 190.913 14.9187 2
      vertex 190.282 14.8251 3.2
      vertex 190.913 14.9187 3.2
    endloop
  endfacet
  facet normal -0.14673 0.989177 0
    outer loop
      vertex 190.282 14.8251 3.2
      vertex 190.913 14.9187 2
      vertex 190.282 14.8251 2
    endloop
  endfacet
  facet normal 0.14673 0.989177 -0
    outer loop
      vertex 192.818 14.8251 2
      vertex 192.187 14.9187 3.2
      vertex 192.818 14.8251 3.2
    endloop
  endfacet
  facet normal 0.14673 0.989177 0
    outer loop
      vertex 192.187 14.9187 3.2
      vertex 192.818 14.8251 2
      vertex 192.187 14.9187 2
    endloop
  endfacet
  facet normal -0.0490774 0.998795 0
    outer loop
      vertex 191.55 14.95 2
      vertex 190.913 14.9187 3.2
      vertex 191.55 14.95 3.2
    endloop
  endfacet
  facet normal -0.0490774 0.998795 0
    outer loop
      vertex 190.913 14.9187 3.2
      vertex 191.55 14.95 2
      vertex 190.913 14.9187 2
    endloop
  endfacet
  facet normal -0.242904 0.97005 0
    outer loop
      vertex 190.282 14.8251 2
      vertex 189.663 14.6701 3.2
      vertex 190.282 14.8251 3.2
    endloop
  endfacet
  facet normal -0.242904 0.97005 0
    outer loop
      vertex 189.663 14.6701 3.2
      vertex 190.282 14.8251 2
      vertex 189.663 14.6701 2
    endloop
  endfacet
  facet normal -0.941476 0.337081 0
    outer loop
      vertex 185.33 10.3369 2
      vertex 185.545 10.9374 3.2
      vertex 185.545 10.9374 2
    endloop
  endfacet
  facet normal -0.941476 0.337081 0
    outer loop
      vertex 185.545 10.9374 3.2
      vertex 185.33 10.3369 2
      vertex 185.33 10.3369 3.2
    endloop
  endfacet
  facet normal -0.803196 -0.595715 0
    outer loop
      vertex 186.525 4.32644 2
      vertex 186.145 4.83879 3.2
      vertex 186.145 4.83879 2
    endloop
  endfacet
  facet normal -0.803196 -0.595715 0
    outer loop
      vertex 186.145 4.83879 3.2
      vertex 186.525 4.32644 2
      vertex 186.525 4.32644 3.2
    endloop
  endfacet
  facet normal -0.514196 -0.857673 0
    outer loop
      vertex 187.939 3.04545 2
      vertex 188.486 2.71751 3.2
      vertex 187.939 3.04545 3.2
    endloop
  endfacet
  facet normal -0.514196 -0.857673 -0
    outer loop
      vertex 188.486 2.71751 3.2
      vertex 187.939 3.04545 2
      vertex 188.486 2.71751 2
    endloop
  endfacet
  facet normal -0.970033 0.242975 0
    outer loop
      vertex 185.175 9.71809 2
      vertex 185.33 10.3369 3.2
      vertex 185.33 10.3369 2
    endloop
  endfacet
  facet normal -0.970033 0.242975 0
    outer loop
      vertex 185.33 10.3369 3.2
      vertex 185.175 9.71809 2
      vertex 185.175 9.71809 3.2
    endloop
  endfacet
  facet normal -0.903843 0.427864 0
    outer loop
      vertex 185.545 10.9374 2
      vertex 185.818 11.5141 3.2
      vertex 185.818 11.5141 2
    endloop
  endfacet
  facet normal -0.903843 0.427864 0
    outer loop
      vertex 185.818 11.5141 3.2
      vertex 185.545 10.9374 2
      vertex 185.545 10.9374 3.2
    endloop
  endfacet
  facet normal 0.337191 0.941436 -0
    outer loop
      vertex 194.037 14.4552 2
      vertex 193.437 14.6701 3.2
      vertex 194.037 14.4552 3.2
    endloop
  endfacet
  facet normal 0.337191 0.941436 0
    outer loop
      vertex 193.437 14.6701 3.2
      vertex 194.037 14.4552 2
      vertex 193.437 14.6701 2
    endloop
  endfacet
  facet normal -0.998818 0.0485997 0
    outer loop
      vertex 185.05 8.45 2
      vertex 185.081 9.08711 3.2
      vertex 185.081 9.08711 2
    endloop
  endfacet
  facet normal -0.998818 0.0485997 0
    outer loop
      vertex 185.081 9.08711 3.2
      vertex 185.05 8.45 2
      vertex 185.05 8.45 3.2
    endloop
  endfacet
  facet normal 0.242904 0.97005 -0
    outer loop
      vertex 193.437 14.6701 2
      vertex 192.818 14.8251 3.2
      vertex 193.437 14.6701 3.2
    endloop
  endfacet
  facet normal 0.242904 0.97005 0
    outer loop
      vertex 192.818 14.8251 3.2
      vertex 193.437 14.6701 2
      vertex 192.818 14.8251 2
    endloop
  endfacet
  facet normal -0.903826 -0.4279 0
    outer loop
      vertex 185.818 5.38592 2
      vertex 185.545 5.96256 3.2
      vertex 185.545 5.96256 2
    endloop
  endfacet
  facet normal -0.903826 -0.4279 0
    outer loop
      vertex 185.545 5.96256 3.2
      vertex 185.818 5.38592 2
      vertex 185.818 5.38592 3.2
    endloop
  endfacet
  facet normal -0.740436 0.672127 0
    outer loop
      vertex 186.525 12.5736 2
      vertex 186.954 13.0462 3.2
      vertex 186.954 13.0462 2
    endloop
  endfacet
  facet normal -0.740436 0.672127 0
    outer loop
      vertex 186.954 13.0462 3.2
      vertex 186.525 12.5736 2
      vertex 186.525 12.5736 3.2
    endloop
  endfacet
  facet normal -0.858364 0.513041 0
    outer loop
      vertex 185.818 11.5141 2
      vertex 186.145 12.0612 3.2
      vertex 186.145 12.0612 2
    endloop
  endfacet
  facet normal -0.858364 0.513041 0
    outer loop
      vertex 186.145 12.0612 3.2
      vertex 185.818 11.5141 2
      vertex 185.818 11.5141 3.2
    endloop
  endfacet
  facet normal -0.147348 -0.989085 0
    outer loop
      vertex 7.18191 150.175 2
      vertex 7.81289 150.081 3.2
      vertex 7.18191 150.175 3.2
    endloop
  endfacet
  facet normal -0.147348 -0.989085 -0
    outer loop
      vertex 7.81289 150.081 3.2
      vertex 7.18191 150.175 2
      vertex 7.81289 150.081 2
    endloop
  endfacet
  facet normal 0.989177 0.14673 0
    outer loop
      vertex 14.9187 157.187 3.2
      vertex 14.8251 157.818 2
      vertex 14.8251 157.818 3.2
    endloop
  endfacet
  facet normal 0.989177 0.14673 0
    outer loop
      vertex 14.8251 157.818 2
      vertex 14.9187 157.187 3.2
      vertex 14.9187 157.187 2
    endloop
  endfacet
  facet normal 0.998795 0.0490774 0
    outer loop
      vertex 14.95 156.55 3.2
      vertex 14.9187 157.187 2
      vertex 14.9187 157.187 3.2
    endloop
  endfacet
  facet normal 0.998795 0.0490774 0
    outer loop
      vertex 14.9187 157.187 2
      vertex 14.95 156.55 3.2
      vertex 14.95 156.55 2
    endloop
  endfacet
  facet normal 0.97005 0.242904 0
    outer loop
      vertex 14.8251 157.818 3.2
      vertex 14.6701 158.437 2
      vertex 14.6701 158.437 3.2
    endloop
  endfacet
  facet normal 0.97005 0.242904 0
    outer loop
      vertex 14.6701 158.437 2
      vertex 14.8251 157.818 3.2
      vertex 14.8251 157.818 2
    endloop
  endfacet
  facet normal 0.803557 0.595228 0
    outer loop
      vertex 13.8546 160.161 3.2
      vertex 13.4746 160.674 2
      vertex 13.4746 160.674 3.2
    endloop
  endfacet
  facet normal 0.803557 0.595228 0
    outer loop
      vertex 13.4746 160.674 2
      vertex 13.8546 160.161 3.2
      vertex 13.8546 160.161 2
    endloop
  endfacet
  facet normal -0.4279 -0.903826 0
    outer loop
      vertex 5.38592 150.818 2
      vertex 5.96256 150.545 3.2
      vertex 5.38592 150.818 3.2
    endloop
  endfacet
  facet normal -0.4279 -0.903826 -0
    outer loop
      vertex 5.96256 150.545 3.2
      vertex 5.38592 150.818 2
      vertex 5.96256 150.545 2
    endloop
  endfacet
  facet normal 0.998795 -0.0490774 0
    outer loop
      vertex 14.9187 155.913 3.2
      vertex 14.95 156.55 2
      vertex 14.95 156.55 3.2
    endloop
  endfacet
  facet normal 0.998795 -0.0490774 0
    outer loop
      vertex 14.95 156.55 2
      vertex 14.9187 155.913 3.2
      vertex 14.9187 155.913 2
    endloop
  endfacet
  facet normal 0.672127 -0.740436 0
    outer loop
      vertex 12.5736 151.525 2
      vertex 13.0462 151.954 3.2
      vertex 12.5736 151.525 3.2
    endloop
  endfacet
  facet normal 0.672127 -0.740436 0
    outer loop
      vertex 13.0462 151.954 3.2
      vertex 12.5736 151.525 2
      vertex 13.0462 151.954 2
    endloop
  endfacet
  facet normal 0.513041 -0.858364 0
    outer loop
      vertex 11.5141 150.818 2
      vertex 12.0612 151.145 3.2
      vertex 11.5141 150.818 3.2
    endloop
  endfacet
  facet normal 0.513041 -0.858364 0
    outer loop
      vertex 12.0612 151.145 3.2
      vertex 11.5141 150.818 2
      vertex 12.0612 151.145 2
    endloop
  endfacet
  facet normal 0.941436 0.337191 0
    outer loop
      vertex 14.6701 158.437 3.2
      vertex 14.4552 159.037 2
      vertex 14.4552 159.037 3.2
    endloop
  endfacet
  facet normal 0.941436 0.337191 0
    outer loop
      vertex 14.4552 159.037 2
      vertex 14.6701 158.437 3.2
      vertex 14.6701 158.437 2
    endloop
  endfacet
  facet normal 0.803557 -0.595228 0
    outer loop
      vertex 13.4746 152.426 3.2
      vertex 13.8546 152.939 2
      vertex 13.8546 152.939 3.2
    endloop
  endfacet
  facet normal 0.803557 -0.595228 0
    outer loop
      vertex 13.8546 152.939 2
      vertex 13.4746 152.426 3.2
      vertex 13.4746 152.426 2
    endloop
  endfacet
  facet normal 0.513041 0.858364 -0
    outer loop
      vertex 12.0612 161.955 2
      vertex 11.5141 162.282 3.2
      vertex 12.0612 161.955 3.2
    endloop
  endfacet
  facet normal 0.513041 0.858364 0
    outer loop
      vertex 11.5141 162.282 3.2
      vertex 12.0612 161.955 2
      vertex 11.5141 162.282 2
    endloop
  endfacet
  facet normal 0.595677 0.803224 -0
    outer loop
      vertex 12.5736 161.575 2
      vertex 12.0612 161.955 3.2
      vertex 12.5736 161.575 3.2
    endloop
  endfacet
  facet normal 0.595677 0.803224 0
    outer loop
      vertex 12.0612 161.955 3.2
      vertex 12.5736 161.575 2
      vertex 12.0612 161.955 2
    endloop
  endfacet
  facet normal 0.97005 -0.242904 0
    outer loop
      vertex 14.6701 154.663 3.2
      vertex 14.8251 155.282 2
      vertex 14.8251 155.282 3.2
    endloop
  endfacet
  facet normal 0.97005 -0.242904 0
    outer loop
      vertex 14.8251 155.282 2
      vertex 14.6701 154.663 3.2
      vertex 14.6701 154.663 2
    endloop
  endfacet
  facet normal 0.147348 -0.989085 0
    outer loop
      vertex 9.08711 150.081 2
      vertex 9.71809 150.175 3.2
      vertex 9.08711 150.081 3.2
    endloop
  endfacet
  facet normal 0.147348 -0.989085 0
    outer loop
      vertex 9.71809 150.175 3.2
      vertex 9.08711 150.081 2
      vertex 9.71809 150.175 2
    endloop
  endfacet
  facet normal 0.941436 -0.337191 0
    outer loop
      vertex 14.4552 154.063 3.2
      vertex 14.6701 154.663 2
      vertex 14.6701 154.663 3.2
    endloop
  endfacet
  facet normal 0.941436 -0.337191 0
    outer loop
      vertex 14.6701 154.663 2
      vertex 14.4552 154.063 3.2
      vertex 14.4552 154.063 2
    endloop
  endfacet
  facet normal -0.803572 -0.595207 0
    outer loop
      vertex 3.42543 152.426 2
      vertex 3.04545 152.939 3.2
      vertex 3.04545 152.939 2
    endloop
  endfacet
  facet normal -0.803572 -0.595207 0
    outer loop
      vertex 3.04545 152.939 3.2
      vertex 3.42543 152.426 2
      vertex 3.42543 152.426 3.2
    endloop
  endfacet
  facet normal 0.904111 0.427298 0
    outer loop
      vertex 14.4552 159.037 3.2
      vertex 14.1825 159.614 2
      vertex 14.1825 159.614 3.2
    endloop
  endfacet
  facet normal 0.904111 0.427298 0
    outer loop
      vertex 14.1825 159.614 2
      vertex 14.4552 159.037 3.2
      vertex 14.4552 159.037 2
    endloop
  endfacet
  facet normal 0.337081 -0.941476 0
    outer loop
      vertex 10.3369 150.33 2
      vertex 10.9374 150.545 3.2
      vertex 10.3369 150.33 3.2
    endloop
  endfacet
  facet normal 0.337081 -0.941476 0
    outer loop
      vertex 10.9374 150.545 3.2
      vertex 10.3369 150.33 2
      vertex 10.9374 150.545 2
    endloop
  endfacet
  facet normal 0.0485997 -0.998818 0
    outer loop
      vertex 8.45 150.05 2
      vertex 9.08711 150.081 3.2
      vertex 8.45 150.05 3.2
    endloop
  endfacet
  facet normal 0.0485997 -0.998818 0
    outer loop
      vertex 9.08711 150.081 3.2
      vertex 8.45 150.05 2
      vertex 9.08711 150.081 2
    endloop
  endfacet
  facet normal 0.595677 -0.803224 0
    outer loop
      vertex 12.0612 151.145 2
      vertex 12.5736 151.525 3.2
      vertex 12.0612 151.145 3.2
    endloop
  endfacet
  facet normal 0.595677 -0.803224 0
    outer loop
      vertex 12.5736 151.525 3.2
      vertex 12.0612 151.145 2
      vertex 12.5736 151.525 2
    endloop
  endfacet
  facet normal -0.740495 -0.672062 0
    outer loop
      vertex 3.85381 151.954 2
      vertex 3.42543 152.426 3.2
      vertex 3.42543 152.426 2
    endloop
  endfacet
  facet normal -0.740495 -0.672062 0
    outer loop
      vertex 3.42543 152.426 3.2
      vertex 3.85381 151.954 2
      vertex 3.85381 151.954 3.2
    endloop
  endfacet
  facet normal 0.672127 0.740436 -0
    outer loop
      vertex 13.0462 161.146 2
      vertex 12.5736 161.575 3.2
      vertex 13.0462 161.146 3.2
    endloop
  endfacet
  facet normal 0.672127 0.740436 0
    outer loop
      vertex 12.5736 161.575 3.2
      vertex 13.0462 161.146 2
      vertex 12.5736 161.575 2
    endloop
  endfacet
  facet normal 0.427864 -0.903843 0
    outer loop
      vertex 10.9374 150.545 2
      vertex 11.5141 150.818 3.2
      vertex 10.9374 150.545 3.2
    endloop
  endfacet
  facet normal 0.427864 -0.903843 0
    outer loop
      vertex 11.5141 150.818 3.2
      vertex 10.9374 150.545 2
      vertex 11.5141 150.818 2
    endloop
  endfacet
  facet normal 0.428946 0.90333 -0
    outer loop
      vertex 11.5141 162.282 2
      vertex 11.2656 162.4 3.2
      vertex 11.5141 162.282 3.2
    endloop
  endfacet
  facet normal 0.428946 0.90333 0
    outer loop
      vertex 11.2656 162.4 3.2
      vertex 11.5141 162.282 2
      vertex 11.2656 162.4 2
    endloop
  endfacet
  facet normal 0.904111 -0.427298 0
    outer loop
      vertex 14.1825 153.486 3.2
      vertex 14.4552 154.063 2
      vertex 14.4552 154.063 3.2
    endloop
  endfacet
  facet normal 0.904111 -0.427298 0
    outer loop
      vertex 14.4552 154.063 2
      vertex 14.1825 153.486 3.2
      vertex 14.1825 153.486 2
    endloop
  endfacet
  facet normal 0.8577 -0.51415 0
    outer loop
      vertex 13.8546 152.939 3.2
      vertex 14.1825 153.486 2
      vertex 14.1825 153.486 3.2
    endloop
  endfacet
  facet normal 0.8577 -0.51415 0
    outer loop
      vertex 14.1825 153.486 2
      vertex 13.8546 152.939 3.2
      vertex 13.8546 152.939 2
    endloop
  endfacet
  facet normal -0.337036 -0.941492 0
    outer loop
      vertex 5.96256 150.545 2
      vertex 6.56315 150.33 3.2
      vertex 5.96256 150.545 3.2
    endloop
  endfacet
  facet normal -0.337036 -0.941492 -0
    outer loop
      vertex 6.56315 150.33 3.2
      vertex 5.96256 150.545 2
      vertex 6.56315 150.33 2
    endloop
  endfacet
  facet normal -0.242993 -0.970028 0
    outer loop
      vertex 6.56315 150.33 2
      vertex 7.18191 150.175 3.2
      vertex 6.56315 150.33 3.2
    endloop
  endfacet
  facet normal -0.242993 -0.970028 -0
    outer loop
      vertex 7.18191 150.175 3.2
      vertex 6.56315 150.33 2
      vertex 7.18191 150.175 2
    endloop
  endfacet
  facet normal 0.989177 -0.14673 0
    outer loop
      vertex 14.8251 155.282 3.2
      vertex 14.9187 155.913 2
      vertex 14.9187 155.913 3.2
    endloop
  endfacet
  facet normal 0.989177 -0.14673 0
    outer loop
      vertex 14.9187 155.913 2
      vertex 14.8251 155.282 3.2
      vertex 14.8251 155.282 2
    endloop
  endfacet
  facet normal -0.903687 -0.428194 0
    outer loop
      vertex 2.71751 153.486 2
      vertex 2.6 153.734 3.2
      vertex 2.6 153.734 2
    endloop
  endfacet
  facet normal -0.903687 -0.428194 0
    outer loop
      vertex 2.6 153.734 3.2
      vertex 2.71751 153.486 2
      vertex 2.71751 153.486 3.2
    endloop
  endfacet
  facet normal 0.8577 0.51415 0
    outer loop
      vertex 14.1825 159.614 3.2
      vertex 13.8546 160.161 2
      vertex 13.8546 160.161 3.2
    endloop
  endfacet
  facet normal 0.8577 0.51415 0
    outer loop
      vertex 13.8546 160.161 2
      vertex 14.1825 159.614 3.2
      vertex 14.1825 159.614 2
    endloop
  endfacet
  facet normal 0.740479 -0.672079 0
    outer loop
      vertex 13.0462 151.954 3.2
      vertex 13.4746 152.426 2
      vertex 13.4746 152.426 3.2
    endloop
  endfacet
  facet normal 0.740479 -0.672079 0
    outer loop
      vertex 13.4746 152.426 2
      vertex 13.0462 151.954 3.2
      vertex 13.0462 151.954 2
    endloop
  endfacet
  facet normal 0.740479 0.672079 0
    outer loop
      vertex 13.4746 160.674 3.2
      vertex 13.0462 161.146 2
      vertex 13.0462 161.146 3.2
    endloop
  endfacet
  facet normal 0.740479 0.672079 0
    outer loop
      vertex 13.0462 161.146 2
      vertex 13.4746 160.674 3.2
      vertex 13.4746 160.674 2
    endloop
  endfacet
  facet normal -0.857673 -0.514196 0
    outer loop
      vertex 3.04545 152.939 2
      vertex 2.71751 153.486 3.2
      vertex 2.71751 153.486 2
    endloop
  endfacet
  facet normal -0.857673 -0.514196 0
    outer loop
      vertex 2.71751 153.486 3.2
      vertex 3.04545 152.939 2
      vertex 3.04545 152.939 3.2
    endloop
  endfacet
  facet normal 0.242975 -0.970033 0
    outer loop
      vertex 9.71809 150.175 2
      vertex 10.3369 150.33 3.2
      vertex 9.71809 150.175 3.2
    endloop
  endfacet
  facet normal 0.242975 -0.970033 0
    outer loop
      vertex 10.3369 150.33 3.2
      vertex 9.71809 150.175 2
      vertex 10.3369 150.33 2
    endloop
  endfacet
  facet normal -0.0485997 -0.998818 0
    outer loop
      vertex 7.81289 150.081 2
      vertex 8.45 150.05 3.2
      vertex 7.81289 150.081 3.2
    endloop
  endfacet
  facet normal -0.0485997 -0.998818 -0
    outer loop
      vertex 8.45 150.05 3.2
      vertex 7.81289 150.081 2
      vertex 8.45 150.05 2
    endloop
  endfacet
  facet normal 0 0 1
    outer loop
      vertex 13.6 156.55 3.2
      vertex 14.95 156.55 3.2
      vertex 14.9187 157.187 3.2
    endloop
  endfacet
  facet normal 0 0 1
    outer loop
      vertex 13.5752 157.055 3.2
      vertex 14.9187 157.187 3.2
      vertex 14.8251 157.818 3.2
    endloop
  endfacet
  facet normal 0 0 1
    outer loop
      vertex 14.95 156.55 3.2
      vertex 13.6 156.55 3.2
      vertex 14.9187 155.913 3.2
    endloop
  endfacet
  facet normal 0 0 1
    outer loop
      vertex 13.501 157.555 3.2
      vertex 14.8251 157.818 3.2
      vertex 14.6701 158.437 3.2
    endloop
  endfacet
  facet normal -0 0 1
    outer loop
      vertex 13.5752 156.045 3.2
      vertex 14.9187 155.913 3.2
      vertex 13.6 156.55 3.2
    endloop
  endfacet
  facet normal 0 0 1
    outer loop
      vertex 13.3782 158.045 3.2
      vertex 14.6701 158.437 3.2
      vertex 14.4552 159.037 3.2
    endloop
  endfacet
  facet normal 0 0 1
    outer loop
      vertex 14.9187 155.913 3.2
      vertex 13.5752 156.045 3.2
      vertex 14.8251 155.282 3.2
    endloop
  endfacet
  facet normal 0 0 1
    outer loop
      vertex 13.208 158.521 3.2
      vertex 14.4552 159.037 3.2
      vertex 14.1825 159.614 3.2
    endloop
  endfacet
  facet normal -0 0 1
    outer loop
      vertex 13.501 155.545 3.2
      vertex 14.8251 155.282 3.2
      vertex 13.5752 156.045 3.2
    endloop
  endfacet
  facet normal 0 0 1
    outer loop
      vertex 12.9919 158.978 3.2
      vertex 14.1825 159.614 3.2
      vertex 13.8546 160.161 3.2
    endloop
  endfacet
  facet normal 0 0 1
    outer loop
      vertex 14.8251 155.282 3.2
      vertex 13.501 155.545 3.2
      vertex 14.6701 154.663 3.2
    endloop
  endfacet
  facet normal -0 0 1
    outer loop
      vertex 13.3782 155.055 3.2
      vertex 14.6701 154.663 3.2
      vertex 13.501 155.545 3.2
    endloop
  endfacet
  facet normal 0 0 1
    outer loop
      vertex 14.9187 157.187 3.2
      vertex 13.5752 157.055 3.2
      vertex 13.6 156.55 3.2
    endloop
  endfacet
  facet normal 0 0 1
    outer loop
      vertex 14.8251 157.818 3.2
      vertex 13.501 157.555 3.2
      vertex 13.5752 157.055 3.2
    endloop
  endfacet
  facet normal 0 0 1
    outer loop
      vertex 12.7321 159.411 3.2
      vertex 13.8546 160.161 3.2
      vertex 13.4746 160.674 3.2
    endloop
  endfacet
  facet normal 0 0 1
    outer loop
      vertex 14.6701 158.437 3.2
      vertex 13.3782 158.045 3.2
      vertex 13.501 157.555 3.2
    endloop
  endfacet
  facet normal 0 0 1
    outer loop
      vertex 14.4552 159.037 3.2
      vertex 13.208 158.521 3.2
      vertex 13.3782 158.045 3.2
    endloop
  endfacet
  facet normal 0 0 1
    outer loop
      vertex 12.431 159.817 3.2
      vertex 13.4746 160.674 3.2
      vertex 13.0462 161.146 3.2
    endloop
  endfacet
  facet normal 0 0 1
    outer loop
      vertex 14.1825 159.614 3.2
      vertex 12.9919 158.978 3.2
      vertex 13.208 158.521 3.2
    endloop
  endfacet
  facet normal 0 0 1
    outer loop
      vertex 13.8546 160.161 3.2
      vertex 12.7321 159.411 3.2
      vertex 12.9919 158.978 3.2
    endloop
  endfacet
  facet normal 0 0 1
    outer loop
      vertex 12.0916 160.192 3.2
      vertex 13.0462 161.146 3.2
      vertex 12.5736 161.575 3.2
    endloop
  endfacet
  facet normal 0 0 1
    outer loop
      vertex 13.4746 160.674 3.2
      vertex 12.431 159.817 3.2
      vertex 12.7321 159.411 3.2
    endloop
  endfacet
  facet normal 0 0 1
    outer loop
      vertex 13.0462 161.146 3.2
      vertex 12.0916 160.192 3.2
      vertex 12.431 159.817 3.2
    endloop
  endfacet
  facet normal 0 0 1
    outer loop
      vertex 11.7171 160.531 3.2
      vertex 12.5736 161.575 3.2
      vertex 12.0612 161.955 3.2
    endloop
  endfacet
  facet normal 0 0 1
    outer loop
      vertex 12.5736 161.575 3.2
      vertex 11.7171 160.531 3.2
      vertex 12.0916 160.192 3.2
    endloop
  endfacet
  facet normal 0 0 1
    outer loop
      vertex 11.3112 160.832 3.2
      vertex 12.0612 161.955 3.2
      vertex 11.5141 162.282 3.2
    endloop
  endfacet
  facet normal 0 0 1
    outer loop
      vertex 12.0612 161.955 3.2
      vertex 11.3112 160.832 3.2
      vertex 11.7171 160.531 3.2
    endloop
  endfacet
  facet normal 0 0 1
    outer loop
      vertex 10.8777 161.092 3.2
      vertex 11.5141 162.282 3.2
      vertex 11.2656 162.4 3.2
    endloop
  endfacet
  facet normal 0 0 1
    outer loop
      vertex 11.5141 162.282 3.2
      vertex 10.8777 161.092 3.2
      vertex 11.3112 160.832 3.2
    endloop
  endfacet
  facet normal 0 0 1
    outer loop
      vertex 11.2656 162.4 3.2
      vertex 10.4208 161.308 3.2
      vertex 10.8777 161.092 3.2
    endloop
  endfacet
  facet normal 0 0 1
    outer loop
      vertex 11.2656 162.4 3.2
      vertex 9.94497 161.478 3.2
      vertex 10.4208 161.308 3.2
    endloop
  endfacet
  facet normal 0 0 1
    outer loop
      vertex 11.2656 162.4 3.2
      vertex 9.45471 161.601 3.2
      vertex 9.94497 161.478 3.2
    endloop
  endfacet
  facet normal -0 0 1
    outer loop
      vertex 7.99999 162.4 3.2
      vertex 9.45471 161.601 3.2
      vertex 11.2656 162.4 3.2
    endloop
  endfacet
  facet normal 0 0 1
    outer loop
      vertex 9.45471 161.601 3.2
      vertex 7.99999 162.4 3.2
      vertex 8.95479 161.675 3.2
    endloop
  endfacet
  facet normal 0 0 1
    outer loop
      vertex 8.95479 161.675 3.2
      vertex 7.99999 162.4 3.2
      vertex 8.45 161.7 3.2
    endloop
  endfacet
  facet normal 0 0 1
    outer loop
      vertex 7.99999 162.4 3.2
      vertex 7.94521 161.675 3.2
      vertex 8.45 161.7 3.2
    endloop
  endfacet
  facet normal -0 0 1
    outer loop
      vertex 7.4707 162.374 3.2
      vertex 7.94521 161.675 3.2
      vertex 7.99999 162.4 3.2
    endloop
  endfacet
  facet normal 0 0 1
    outer loop
      vertex 7.4707 162.374 3.2
      vertex 7.44528 161.601 3.2
      vertex 7.94521 161.675 3.2
    endloop
  endfacet
  facet normal -0 0 1
    outer loop
      vertex 6.94651 162.296 3.2
      vertex 7.44528 161.601 3.2
      vertex 7.4707 162.374 3.2
    endloop
  endfacet
  facet normal 0 0 1
    outer loop
      vertex 7.44528 161.601 3.2
      vertex 6.94651 162.296 3.2
      vertex 6.95503 161.478 3.2
    endloop
  endfacet
  facet normal -0 0 1
    outer loop
      vertex 6.43246 162.167 3.2
      vertex 6.95503 161.478 3.2
      vertex 6.94651 162.296 3.2
    endloop
  endfacet
  facet normal 0 0 1
    outer loop
      vertex 6.95503 161.478 3.2
      vertex 6.43246 162.167 3.2
      vertex 6.47918 161.308 3.2
    endloop
  endfacet
  facet normal -0 0 1
    outer loop
      vertex 5.9335 161.989 3.2
      vertex 6.47918 161.308 3.2
      vertex 6.43246 162.167 3.2
    endloop
  endfacet
  facet normal 0 0 1
    outer loop
      vertex 6.47918 161.308 3.2
      vertex 5.9335 161.989 3.2
      vertex 6.02231 161.092 3.2
    endloop
  endfacet
  facet normal -0 0 1
    outer loop
      vertex 5.45445 161.762 3.2
      vertex 6.02231 161.092 3.2
      vertex 5.9335 161.989 3.2
    endloop
  endfacet
  facet normal 0 0 1
    outer loop
      vertex 6.02231 161.092 3.2
      vertex 5.45445 161.762 3.2
      vertex 5.58881 160.832 3.2
    endloop
  endfacet
  facet normal -0 0 1
    outer loop
      vertex 4.99992 161.49 3.2
      vertex 5.58881 160.832 3.2
      vertex 5.45445 161.762 3.2
    endloop
  endfacet
  facet normal 0 0 1
    outer loop
      vertex 5.58881 160.832 3.2
      vertex 4.99992 161.49 3.2
      vertex 5.18287 160.531 3.2
    endloop
  endfacet
  facet normal -0 0 1
    outer loop
      vertex 4.57427 161.174 3.2
      vertex 5.18287 160.531 3.2
      vertex 4.99992 161.49 3.2
    endloop
  endfacet
  facet normal 0 0 1
    outer loop
      vertex 5.18287 160.531 3.2
      vertex 4.57427 161.174 3.2
      vertex 4.8084 160.192 3.2
    endloop
  endfacet
  facet normal -0 0 1
    outer loop
      vertex 4.18162 160.818 3.2
      vertex 4.8084 160.192 3.2
      vertex 4.57427 161.174 3.2
    endloop
  endfacet
  facet normal -0 0 1
    outer loop
      vertex 3.82574 160.426 3.2
      vertex 4.8084 160.192 3.2
      vertex 4.18162 160.818 3.2
    endloop
  endfacet
  facet normal 0 0 1
    outer loop
      vertex 4.8084 160.192 3.2
      vertex 3.82574 160.426 3.2
      vertex 4.469 159.817 3.2
    endloop
  endfacet
  facet normal -0 0 1
    outer loop
      vertex 3.51006 160 3.2
      vertex 4.469 159.817 3.2
      vertex 3.82574 160.426 3.2
    endloop
  endfacet
  facet normal 0 0 1
    outer loop
      vertex 4.469 159.817 3.2
      vertex 3.51006 160 3.2
      vertex 4.16793 159.411 3.2
    endloop
  endfacet
  facet normal -0 0 1
    outer loop
      vertex 3.23762 159.546 3.2
      vertex 4.16793 159.411 3.2
      vertex 3.51006 160 3.2
    endloop
  endfacet
  facet normal 0 0 1
    outer loop
      vertex 4.16793 159.411 3.2
      vertex 3.23762 159.546 3.2
      vertex 3.9081 158.978 3.2
    endloop
  endfacet
  facet normal -0 0 1
    outer loop
      vertex 3.01104 159.066 3.2
      vertex 3.9081 158.978 3.2
      vertex 3.23762 159.546 3.2
    endloop
  endfacet
  facet normal 0 0 1
    outer loop
      vertex 3.9081 158.978 3.2
      vertex 3.01104 159.066 3.2
      vertex 3.69202 158.521 3.2
    endloop
  endfacet
  facet normal -0 0 1
    outer loop
      vertex 2.83251 158.568 3.2
      vertex 3.69202 158.521 3.2
      vertex 3.01104 159.066 3.2
    endloop
  endfacet
  facet normal -0 0 1
    outer loop
      vertex 2.70376 158.053 3.2
      vertex 3.52176 158.045 3.2
      vertex 2.83251 158.568 3.2
    endloop
  endfacet
  facet normal 0 0 1
    outer loop
      vertex 3.69202 158.521 3.2
      vertex 2.83251 158.568 3.2
      vertex 3.52176 158.045 3.2
    endloop
  endfacet
  facet normal 0 0 1
    outer loop
      vertex 14.6701 154.663 3.2
      vertex 13.3782 155.055 3.2
      vertex 14.4552 154.063 3.2
    endloop
  endfacet
  facet normal -0 0 1
    outer loop
      vertex 13.208 154.579 3.2
      vertex 14.4552 154.063 3.2
      vertex 13.3782 155.055 3.2
    endloop
  endfacet
  facet normal 0 0 1
    outer loop
      vertex 14.4552 154.063 3.2
      vertex 13.208 154.579 3.2
      vertex 14.1825 153.486 3.2
    endloop
  endfacet
  facet normal -0 0 1
    outer loop
      vertex 12.9919 154.122 3.2
      vertex 14.1825 153.486 3.2
      vertex 13.208 154.579 3.2
    endloop
  endfacet
  facet normal 0 0 1
    outer loop
      vertex 14.1825 153.486 3.2
      vertex 12.9919 154.122 3.2
      vertex 13.8546 152.939 3.2
    endloop
  endfacet
  facet normal -0 0 1
    outer loop
      vertex 12.7321 153.689 3.2
      vertex 13.8546 152.939 3.2
      vertex 12.9919 154.122 3.2
    endloop
  endfacet
  facet normal 0 0 1
    outer loop
      vertex 13.8546 152.939 3.2
      vertex 12.7321 153.689 3.2
      vertex 13.4746 152.426 3.2
    endloop
  endfacet
  facet normal -0 0 1
    outer loop
      vertex 12.431 153.283 3.2
      vertex 13.4746 152.426 3.2
      vertex 12.7321 153.689 3.2
    endloop
  endfacet
  facet normal 0 0 1
    outer loop
      vertex 13.4746 152.426 3.2
      vertex 12.431 153.283 3.2
      vertex 13.0462 151.954 3.2
    endloop
  endfacet
  facet normal -0 0 1
    outer loop
      vertex 12.0916 152.908 3.2
      vertex 13.0462 151.954 3.2
      vertex 12.431 153.283 3.2
    endloop
  endfacet
  facet normal 0 0 1
    outer loop
      vertex 13.0462 151.954 3.2
      vertex 12.0916 152.908 3.2
      vertex 12.5736 151.525 3.2
    endloop
  endfacet
  facet normal -0 0 1
    outer loop
      vertex 11.7171 152.569 3.2
      vertex 12.5736 151.525 3.2
      vertex 12.0916 152.908 3.2
    endloop
  endfacet
  facet normal 0 0 1
    outer loop
      vertex 12.5736 151.525 3.2
      vertex 11.7171 152.569 3.2
      vertex 12.0612 151.145 3.2
    endloop
  endfacet
  facet normal -0 0 1
    outer loop
      vertex 11.3112 152.268 3.2
      vertex 12.0612 151.145 3.2
      vertex 11.7171 152.569 3.2
    endloop
  endfacet
  facet normal 0 0 1
    outer loop
      vertex 12.0612 151.145 3.2
      vertex 11.3112 152.268 3.2
      vertex 11.5141 150.818 3.2
    endloop
  endfacet
  facet normal -0 0 1
    outer loop
      vertex 10.8777 152.008 3.2
      vertex 11.5141 150.818 3.2
      vertex 11.3112 152.268 3.2
    endloop
  endfacet
  facet normal 0 0 1
    outer loop
      vertex 11.5141 150.818 3.2
      vertex 10.8777 152.008 3.2
      vertex 10.9374 150.545 3.2
    endloop
  endfacet
  facet normal -0 0 1
    outer loop
      vertex 10.4208 151.792 3.2
      vertex 10.9374 150.545 3.2
      vertex 10.8777 152.008 3.2
    endloop
  endfacet
  facet normal 0 0 1
    outer loop
      vertex 10.4208 151.792 3.2
      vertex 10.3369 150.33 3.2
      vertex 10.9374 150.545 3.2
    endloop
  endfacet
  facet normal -0 0 1
    outer loop
      vertex 9.94497 151.622 3.2
      vertex 10.3369 150.33 3.2
      vertex 10.4208 151.792 3.2
    endloop
  endfacet
  facet normal 0 0 1
    outer loop
      vertex 9.94497 151.622 3.2
      vertex 9.71809 150.175 3.2
      vertex 10.3369 150.33 3.2
    endloop
  endfacet
  facet normal -0 0 1
    outer loop
      vertex 9.45471 151.499 3.2
      vertex 9.71809 150.175 3.2
      vertex 9.94497 151.622 3.2
    endloop
  endfacet
  facet normal 0 0 1
    outer loop
      vertex 9.45471 151.499 3.2
      vertex 9.08711 150.081 3.2
      vertex 9.71809 150.175 3.2
    endloop
  endfacet
  facet normal -0 0 1
    outer loop
      vertex 8.95479 151.425 3.2
      vertex 9.08711 150.081 3.2
      vertex 9.45471 151.499 3.2
    endloop
  endfacet
  facet normal -0 0 1
    outer loop
      vertex 8.45 151.4 3.2
      vertex 9.08711 150.081 3.2
      vertex 8.95479 151.425 3.2
    endloop
  endfacet
  facet normal 0 0 1
    outer loop
      vertex 8.45 151.4 3.2
      vertex 8.45 150.05 3.2
      vertex 9.08711 150.081 3.2
    endloop
  endfacet
  facet normal 0 0 1
    outer loop
      vertex 7.94521 151.425 3.2
      vertex 8.45 150.05 3.2
      vertex 8.45 151.4 3.2
    endloop
  endfacet
  facet normal 0 0 1
    outer loop
      vertex 7.94521 151.425 3.2
      vertex 7.81289 150.081 3.2
      vertex 8.45 150.05 3.2
    endloop
  endfacet
  facet normal 0 0 1
    outer loop
      vertex 7.44528 151.499 3.2
      vertex 7.81289 150.081 3.2
      vertex 7.94521 151.425 3.2
    endloop
  endfacet
  facet normal 0 0 1
    outer loop
      vertex 7.44528 151.499 3.2
      vertex 7.18191 150.175 3.2
      vertex 7.81289 150.081 3.2
    endloop
  endfacet
  facet normal 0 0 1
    outer loop
      vertex 6.95503 151.622 3.2
      vertex 7.18191 150.175 3.2
      vertex 7.44528 151.499 3.2
    endloop
  endfacet
  facet normal 0 0 1
    outer loop
      vertex 6.95503 151.622 3.2
      vertex 6.56315 150.33 3.2
      vertex 7.18191 150.175 3.2
    endloop
  endfacet
  facet normal 0 0 1
    outer loop
      vertex 6.47918 151.792 3.2
      vertex 6.56315 150.33 3.2
      vertex 6.95503 151.622 3.2
    endloop
  endfacet
  facet normal 0 0 1
    outer loop
      vertex 5.96256 150.545 3.2
      vertex 6.47918 151.792 3.2
      vertex 6.02231 152.008 3.2
    endloop
  endfacet
  facet normal 0 0 1
    outer loop
      vertex 6.47918 151.792 3.2
      vertex 5.96256 150.545 3.2
      vertex 6.56315 150.33 3.2
    endloop
  endfacet
  facet normal 0 0 1
    outer loop
      vertex 5.38592 150.818 3.2
      vertex 6.02231 152.008 3.2
      vertex 5.58881 152.268 3.2
    endloop
  endfacet
  facet normal 0 0 1
    outer loop
      vertex 6.02231 152.008 3.2
      vertex 5.38592 150.818 3.2
      vertex 5.96256 150.545 3.2
    endloop
  endfacet
  facet normal 0 0 1
    outer loop
      vertex 4.83879 151.145 3.2
      vertex 5.58881 152.268 3.2
      vertex 5.18287 152.569 3.2
    endloop
  endfacet
  facet normal 0 0 1
    outer loop
      vertex 5.58881 152.268 3.2
      vertex 4.83879 151.145 3.2
      vertex 5.38592 150.818 3.2
    endloop
  endfacet
  facet normal 0 0 1
    outer loop
      vertex 4.32644 151.525 3.2
      vertex 5.18287 152.569 3.2
      vertex 4.8084 152.908 3.2
    endloop
  endfacet
  facet normal 0 0 1
    outer loop
      vertex 3.85381 151.954 3.2
      vertex 4.8084 152.908 3.2
      vertex 4.469 153.283 3.2
    endloop
  endfacet
  facet normal 0 0 1
    outer loop
      vertex 5.18287 152.569 3.2
      vertex 4.32644 151.525 3.2
      vertex 4.83879 151.145 3.2
    endloop
  endfacet
  facet normal 0 0 1
    outer loop
      vertex 3.42543 152.426 3.2
      vertex 4.469 153.283 3.2
      vertex 4.16793 153.689 3.2
    endloop
  endfacet
  facet normal 0 0 1
    outer loop
      vertex 3.04545 152.939 3.2
      vertex 4.16793 153.689 3.2
      vertex 3.9081 154.122 3.2
    endloop
  endfacet
  facet normal 0 0 1
    outer loop
      vertex 4.8084 152.908 3.2
      vertex 3.85381 151.954 3.2
      vertex 4.32644 151.525 3.2
    endloop
  endfacet
  facet normal 0 0 1
    outer loop
      vertex 2.6 153.734 3.2
      vertex 3.9081 154.122 3.2
      vertex 3.69202 154.579 3.2
    endloop
  endfacet
  facet normal 0 0 1
    outer loop
      vertex 2.6 153.734 3.2
      vertex 3.69202 154.579 3.2
      vertex 3.52176 155.055 3.2
    endloop
  endfacet
  facet normal 0 0 1
    outer loop
      vertex 4.469 153.283 3.2
      vertex 3.42543 152.426 3.2
      vertex 3.85381 151.954 3.2
    endloop
  endfacet
  facet normal 0 0 1
    outer loop
      vertex 2.6 153.734 3.2
      vertex 3.52176 155.055 3.2
      vertex 3.39896 155.545 3.2
    endloop
  endfacet
  facet normal 0 0 1
    outer loop
      vertex 2.6 157 3.2
      vertex 3.39896 155.545 3.2
      vertex 3.3248 156.045 3.2
    endloop
  endfacet
  facet normal 0 0 1
    outer loop
      vertex 2.6 157 3.2
      vertex 3.3248 156.045 3.2
      vertex 3.3 156.55 3.2
    endloop
  endfacet
  facet normal 0 0 1
    outer loop
      vertex 4.16793 153.689 3.2
      vertex 3.04545 152.939 3.2
      vertex 3.42543 152.426 3.2
    endloop
  endfacet
  facet normal 0 0 1
    outer loop
      vertex 3.52176 158.045 3.2
      vertex 2.70376 158.053 3.2
      vertex 3.39896 157.555 3.2
    endloop
  endfacet
  facet normal 0 0 1
    outer loop
      vertex 2.626 157.529 3.2
      vertex 3.39896 157.555 3.2
      vertex 2.70376 158.053 3.2
    endloop
  endfacet
  facet normal 0 0 1
    outer loop
      vertex 3.39896 157.555 3.2
      vertex 2.626 157.529 3.2
      vertex 3.3248 157.055 3.2
    endloop
  endfacet
  facet normal 0 0 1
    outer loop
      vertex 3.39896 155.545 3.2
      vertex 2.6 157 3.2
      vertex 2.6 153.734 3.2
    endloop
  endfacet
  facet normal 0 0 1
    outer loop
      vertex 2.6 157 3.2
      vertex 3.3248 157.055 3.2
      vertex 2.626 157.529 3.2
    endloop
  endfacet
  facet normal 0 0 1
    outer loop
      vertex 3.3248 157.055 3.2
      vertex 2.6 157 3.2
      vertex 3.3 156.55 3.2
    endloop
  endfacet
  facet normal 0 0 1
    outer loop
      vertex 3.9081 154.122 3.2
      vertex 2.71751 153.486 3.2
      vertex 3.04545 152.939 3.2
    endloop
  endfacet
  facet normal 0 0 1
    outer loop
      vertex 3.9081 154.122 3.2
      vertex 2.6 153.734 3.2
      vertex 2.71751 153.486 3.2
    endloop
  endfacet
  facet normal -0.595715 -0.803196 0
    outer loop
      vertex 4.32644 151.525 2
      vertex 4.83879 151.145 3.2
      vertex 4.32644 151.525 3.2
    endloop
  endfacet
  facet normal -0.595715 -0.803196 -0
    outer loop
      vertex 4.83879 151.145 3.2
      vertex 4.32644 151.525 2
      vertex 4.83879 151.145 2
    endloop
  endfacet
  facet normal -0.672103 -0.740457 0
    outer loop
      vertex 3.85381 151.954 2
      vertex 4.32644 151.525 3.2
      vertex 3.85381 151.954 3.2
    endloop
  endfacet
  facet normal -0.672103 -0.740457 -0
    outer loop
      vertex 4.32644 151.525 3.2
      vertex 3.85381 151.954 2
      vertex 4.32644 151.525 2
    endloop
  endfacet
  facet normal -0.513021 -0.858376 0
    outer loop
      vertex 4.83879 151.145 2
      vertex 5.38592 150.818 3.2
      vertex 4.83879 151.145 3.2
    endloop
  endfacet
  facet normal -0.513021 -0.858376 -0
    outer loop
      vertex 5.38592 150.818 3.2
      vertex 4.83879 151.145 2
      vertex 5.38592 150.818 2
    endloop
  endfacet
  facet normal -0.903929 -0.427682 0
    outer loop
      vertex 185.818 153.486 2
      vertex 185.545 154.063 3.2
      vertex 185.545 154.063 2
    endloop
  endfacet
  facet normal -0.903929 -0.427682 0
    outer loop
      vertex 185.545 154.063 3.2
      vertex 185.818 153.486 2
      vertex 185.818 153.486 3.2
    endloop
  endfacet
  facet normal -0.672595 -0.740011 0
    outer loop
      vertex 186.954 151.954 2
      vertex 187.426 151.525 3.2
      vertex 186.954 151.954 3.2
    endloop
  endfacet
  facet normal -0.672595 -0.740011 -0
    outer loop
      vertex 187.426 151.525 3.2
      vertex 186.954 151.954 2
      vertex 187.426 151.525 2
    endloop
  endfacet
  facet normal 0.427682 -0.903929 0
    outer loop
      vertex 194.037 150.545 2
      vertex 194.614 150.818 3.2
      vertex 194.037 150.545 3.2
    endloop
  endfacet
  facet normal 0.427682 -0.903929 0
    outer loop
      vertex 194.614 150.818 3.2
      vertex 194.037 150.545 2
      vertex 194.614 150.818 2
    endloop
  endfacet
  facet normal -0.858323 -0.513111 0
    outer loop
      vertex 186.145 152.939 2
      vertex 185.818 153.486 3.2
      vertex 185.818 153.486 2
    endloop
  endfacet
  facet normal -0.858323 -0.513111 0
    outer loop
      vertex 185.818 153.486 3.2
      vertex 186.145 152.939 2
      vertex 186.145 152.939 3.2
    endloop
  endfacet
  facet normal -0.740011 0.672595 0
    outer loop
      vertex 186.525 160.674 2
      vertex 186.954 161.146 3.2
      vertex 186.954 161.146 2
    endloop
  endfacet
  facet normal -0.740011 0.672595 0
    outer loop
      vertex 186.954 161.146 3.2
      vertex 186.525 160.674 2
      vertex 186.525 160.674 3.2
    endloop
  endfacet
  facet normal -0.595228 0.803557 0
    outer loop
      vertex 187.939 161.955 2
      vertex 187.426 161.575 3.2
      vertex 187.939 161.955 3.2
    endloop
  endfacet
  facet normal -0.595228 0.803557 0
    outer loop
      vertex 187.426 161.575 3.2
      vertex 187.939 161.955 2
      vertex 187.426 161.575 2
    endloop
  endfacet
  facet normal -0.858323 0.513111 0
    outer loop
      vertex 185.818 159.614 2
      vertex 186.145 160.161 3.2
      vertex 186.145 160.161 2
    endloop
  endfacet
  facet normal -0.858323 0.513111 0
    outer loop
      vertex 186.145 160.161 3.2
      vertex 185.818 159.614 2
      vertex 185.818 159.614 3.2
    endloop
  endfacet
  facet normal 0.513111 -0.858323 0
    outer loop
      vertex 194.614 150.818 2
      vertex 195.161 151.145 3.2
      vertex 194.614 150.818 3.2
    endloop
  endfacet
  facet normal 0.513111 -0.858323 0
    outer loop
      vertex 195.161 151.145 3.2
      vertex 194.614 150.818 2
      vertex 195.161 151.145 2
    endloop
  endfacet
  facet normal -0.595228 -0.803557 0
    outer loop
      vertex 187.426 151.525 2
      vertex 187.939 151.145 3.2
      vertex 187.426 151.525 3.2
    endloop
  endfacet
  facet normal -0.595228 -0.803557 -0
    outer loop
      vertex 187.939 151.145 3.2
      vertex 187.426 151.525 2
      vertex 187.939 151.145 2
    endloop
  endfacet
  facet normal -0.513111 -0.858323 0
    outer loop
      vertex 187.939 151.145 2
      vertex 188.486 150.818 3.2
      vertex 187.939 151.145 3.2
    endloop
  endfacet
  facet normal -0.513111 -0.858323 -0
    outer loop
      vertex 188.486 150.818 3.2
      vertex 187.939 151.145 2
      vertex 188.486 150.818 2
    endloop
  endfacet
  facet normal 0.33733 -0.941386 0
    outer loop
      vertex 193.437 150.33 2
      vertex 194.037 150.545 3.2
      vertex 193.437 150.33 3.2
    endloop
  endfacet
  facet normal 0.33733 -0.941386 0
    outer loop
      vertex 194.037 150.545 3.2
      vertex 193.437 150.33 2
      vertex 194.037 150.545 2
    endloop
  endfacet
  facet normal -0.242904 -0.97005 0
    outer loop
      vertex 189.663 150.33 2
      vertex 190.282 150.175 3.2
      vertex 189.663 150.33 3.2
    endloop
  endfacet
  facet normal -0.242904 -0.97005 -0
    outer loop
      vertex 190.282 150.175 3.2
      vertex 189.663 150.33 2
      vertex 190.282 150.175 2
    endloop
  endfacet
  facet normal -0.97005 -0.242904 0
    outer loop
      vertex 185.33 154.663 2
      vertex 185.175 155.282 3.2
      vertex 185.175 155.282 2
    endloop
  endfacet
  facet normal -0.97005 -0.242904 0
    outer loop
      vertex 185.175 155.282 3.2
      vertex 185.33 154.663 2
      vertex 185.33 154.663 3.2
    endloop
  endfacet
  facet normal -0.147344 -0.989085 0
    outer loop
      vertex 190.282 150.175 2
      vertex 190.913 150.081 3.2
      vertex 190.282 150.175 3.2
    endloop
  endfacet
  facet normal -0.147344 -0.989085 -0
    outer loop
      vertex 190.913 150.081 3.2
      vertex 190.282 150.175 2
      vertex 190.913 150.081 2
    endloop
  endfacet
  facet normal -0.740011 -0.672595 0
    outer loop
      vertex 186.954 151.954 2
      vertex 186.525 152.426 3.2
      vertex 186.525 152.426 2
    endloop
  endfacet
  facet normal -0.740011 -0.672595 0
    outer loop
      vertex 186.525 152.426 3.2
      vertex 186.954 151.954 2
      vertex 186.954 151.954 3.2
    endloop
  endfacet
  facet normal 0.902995 -0.429651 0
    outer loop
      vertex 197.282 153.486 3.2
      vertex 197.4 153.734 2
      vertex 197.4 153.734 3.2
    endloop
  endfacet
  facet normal 0.902995 -0.429651 0
    outer loop
      vertex 197.4 153.734 2
      vertex 197.282 153.486 3.2
      vertex 197.282 153.486 2
    endloop
  endfacet
  facet normal -0.998818 -0.0486081 0
    outer loop
      vertex 185.081 155.913 2
      vertex 185.05 156.55 3.2
      vertex 185.05 156.55 2
    endloop
  endfacet
  facet normal -0.998818 -0.0486081 0
    outer loop
      vertex 185.05 156.55 3.2
      vertex 185.081 155.913 2
      vertex 185.081 155.913 3.2
    endloop
  endfacet
  facet normal -0.941386 0.33733 0
    outer loop
      vertex 185.33 158.437 2
      vertex 185.545 159.037 3.2
      vertex 185.545 159.037 2
    endloop
  endfacet
  facet normal -0.941386 0.33733 0
    outer loop
      vertex 185.545 159.037 3.2
      vertex 185.33 158.437 2
      vertex 185.33 158.437 3.2
    endloop
  endfacet
  facet normal 0.0486081 -0.998818 0
    outer loop
      vertex 191.55 150.05 2
      vertex 192.187 150.081 3.2
      vertex 191.55 150.05 3.2
    endloop
  endfacet
  facet normal 0.0486081 -0.998818 0
    outer loop
      vertex 192.187 150.081 3.2
      vertex 191.55 150.05 2
      vertex 192.187 150.081 2
    endloop
  endfacet
  facet normal -0.513111 0.858323 0
    outer loop
      vertex 188.486 162.282 2
      vertex 187.939 161.955 3.2
      vertex 188.486 162.282 3.2
    endloop
  endfacet
  facet normal -0.513111 0.858323 0
    outer loop
      vertex 187.939 161.955 3.2
      vertex 188.486 162.282 2
      vertex 187.939 161.955 2
    endloop
  endfacet
  facet normal 0.147344 -0.989085 0
    outer loop
      vertex 192.187 150.081 2
      vertex 192.818 150.175 3.2
      vertex 192.187 150.081 3.2
    endloop
  endfacet
  facet normal 0.147344 -0.989085 0
    outer loop
      vertex 192.818 150.175 3.2
      vertex 192.187 150.081 2
      vertex 192.818 150.175 2
    endloop
  endfacet
  facet normal 0.803557 -0.595228 0
    outer loop
      vertex 196.575 152.426 3.2
      vertex 196.955 152.939 2
      vertex 196.955 152.939 3.2
    endloop
  endfacet
  facet normal 0.803557 -0.595228 0
    outer loop
      vertex 196.955 152.939 2
      vertex 196.575 152.426 3.2
      vertex 196.575 152.426 2
    endloop
  endfacet
  facet normal 0.858323 -0.513111 0
    outer loop
      vertex 196.955 152.939 3.2
      vertex 197.282 153.486 2
      vertex 197.282 153.486 3.2
    endloop
  endfacet
  facet normal 0.858323 -0.513111 0
    outer loop
      vertex 197.282 153.486 2
      vertex 196.955 152.939 3.2
      vertex 196.955 152.939 2
    endloop
  endfacet
  facet normal -0.803557 0.595228 0
    outer loop
      vertex 186.145 160.161 2
      vertex 186.525 160.674 3.2
      vertex 186.525 160.674 2
    endloop
  endfacet
  facet normal -0.803557 0.595228 0
    outer loop
      vertex 186.525 160.674 3.2
      vertex 186.145 160.161 2
      vertex 186.145 160.161 3.2
    endloop
  endfacet
  facet normal -0.427682 -0.903929 0
    outer loop
      vertex 188.486 150.818 2
      vertex 189.063 150.545 3.2
      vertex 188.486 150.818 3.2
    endloop
  endfacet
  facet normal -0.427682 -0.903929 -0
    outer loop
      vertex 189.063 150.545 3.2
      vertex 188.486 150.818 2
      vertex 189.063 150.545 2
    endloop
  endfacet
  facet normal -0.429651 0.902995 0
    outer loop
      vertex 188.734 162.4 2
      vertex 188.486 162.282 3.2
      vertex 188.734 162.4 3.2
    endloop
  endfacet
  facet normal -0.429651 0.902995 0
    outer loop
      vertex 188.486 162.282 3.2
      vertex 188.734 162.4 2
      vertex 188.486 162.282 2
    endloop
  endfacet
  facet normal -0.33733 -0.941386 0
    outer loop
      vertex 189.063 150.545 2
      vertex 189.663 150.33 3.2
      vertex 189.063 150.545 3.2
    endloop
  endfacet
  facet normal -0.33733 -0.941386 -0
    outer loop
      vertex 189.663 150.33 3.2
      vertex 189.063 150.545 2
      vertex 189.663 150.33 2
    endloop
  endfacet
  facet normal -0.672595 0.740011 0
    outer loop
      vertex 187.426 161.575 2
      vertex 186.954 161.146 3.2
      vertex 187.426 161.575 3.2
    endloop
  endfacet
  facet normal -0.672595 0.740011 0
    outer loop
      vertex 186.954 161.146 3.2
      vertex 187.426 161.575 2
      vertex 186.954 161.146 2
    endloop
  endfacet
  facet normal -0.941386 -0.33733 0
    outer loop
      vertex 185.545 154.063 2
      vertex 185.33 154.663 3.2
      vertex 185.33 154.663 2
    endloop
  endfacet
  facet normal -0.941386 -0.33733 0
    outer loop
      vertex 185.33 154.663 3.2
      vertex 185.545 154.063 2
      vertex 185.545 154.063 3.2
    endloop
  endfacet
  facet normal 0.242904 -0.97005 0
    outer loop
      vertex 192.818 150.175 2
      vertex 193.437 150.33 3.2
      vertex 192.818 150.175 3.2
    endloop
  endfacet
  facet normal 0.242904 -0.97005 0
    outer loop
      vertex 193.437 150.33 3.2
      vertex 192.818 150.175 2
      vertex 193.437 150.33 2
    endloop
  endfacet
  facet normal -0.97005 0.242904 0
    outer loop
      vertex 185.175 157.818 2
      vertex 185.33 158.437 3.2
      vertex 185.33 158.437 2
    endloop
  endfacet
  facet normal -0.97005 0.242904 0
    outer loop
      vertex 185.33 158.437 3.2
      vertex 185.175 157.818 2
      vertex 185.175 157.818 3.2
    endloop
  endfacet
  facet normal -0.803557 -0.595228 0
    outer loop
      vertex 186.525 152.426 2
      vertex 186.145 152.939 3.2
      vertex 186.145 152.939 2
    endloop
  endfacet
  facet normal -0.803557 -0.595228 0
    outer loop
      vertex 186.145 152.939 3.2
      vertex 186.525 152.426 2
      vertex 186.525 152.426 3.2
    endloop
  endfacet
  facet normal -0.989085 -0.147344 0
    outer loop
      vertex 185.175 155.282 2
      vertex 185.081 155.913 3.2
      vertex 185.081 155.913 2
    endloop
  endfacet
  facet normal -0.989085 -0.147344 0
    outer loop
      vertex 185.081 155.913 3.2
      vertex 185.175 155.282 2
      vertex 185.175 155.282 3.2
    endloop
  endfacet
  facet normal 0.672595 -0.740011 0
    outer loop
      vertex 195.674 151.525 2
      vertex 196.146 151.954 3.2
      vertex 195.674 151.525 3.2
    endloop
  endfacet
  facet normal 0.672595 -0.740011 0
    outer loop
      vertex 196.146 151.954 3.2
      vertex 195.674 151.525 2
      vertex 196.146 151.954 2
    endloop
  endfacet
  facet normal 0.595228 -0.803557 0
    outer loop
      vertex 195.161 151.145 2
      vertex 195.674 151.525 3.2
      vertex 195.161 151.145 3.2
    endloop
  endfacet
  facet normal 0.595228 -0.803557 0
    outer loop
      vertex 195.674 151.525 3.2
      vertex 195.161 151.145 2
      vertex 195.674 151.525 2
    endloop
  endfacet
  facet normal -0.0486081 -0.998818 0
    outer loop
      vertex 190.913 150.081 2
      vertex 191.55 150.05 3.2
      vertex 190.913 150.081 3.2
    endloop
  endfacet
  facet normal -0.0486081 -0.998818 -0
    outer loop
      vertex 191.55 150.05 3.2
      vertex 190.913 150.081 2
      vertex 191.55 150.05 2
    endloop
  endfacet
  facet normal -0.989085 0.147344 0
    outer loop
      vertex 185.081 157.187 2
      vertex 185.175 157.818 3.2
      vertex 185.175 157.818 2
    endloop
  endfacet
  facet normal -0.989085 0.147344 0
    outer loop
      vertex 185.175 157.818 3.2
      vertex 185.081 157.187 2
      vertex 185.081 157.187 3.2
    endloop
  endfacet
  facet normal -0.998818 0.0486081 0
    outer loop
      vertex 185.05 156.55 2
      vertex 185.081 157.187 3.2
      vertex 185.081 157.187 2
    endloop
  endfacet
  facet normal -0.998818 0.0486081 0
    outer loop
      vertex 185.081 157.187 3.2
      vertex 185.05 156.55 2
      vertex 185.05 156.55 3.2
    endloop
  endfacet
  facet normal 0 0 1
    outer loop
      vertex 197.4 157 3.2
      vertex 196.675 157.055 3.2
      vertex 196.7 156.55 3.2
    endloop
  endfacet
  facet normal 0 0 1
    outer loop
      vertex 196.989 159.066 3.2
      vertex 196.601 157.555 3.2
      vertex 196.675 157.055 3.2
    endloop
  endfacet
  facet normal 0 0 1
    outer loop
      vertex 195.832 159.411 3.2
      vertex 196.762 159.546 3.2
      vertex 196.49 160 3.2
    endloop
  endfacet
  facet normal 0 0 1
    outer loop
      vertex 196.989 159.066 3.2
      vertex 196.478 158.045 3.2
      vertex 196.601 157.555 3.2
    endloop
  endfacet
  facet normal 0 0 1
    outer loop
      vertex 196.989 159.066 3.2
      vertex 196.308 158.521 3.2
      vertex 196.478 158.045 3.2
    endloop
  endfacet
  facet normal 0 0 1
    outer loop
      vertex 195.531 159.817 3.2
      vertex 196.49 160 3.2
      vertex 196.174 160.426 3.2
    endloop
  endfacet
  facet normal 0 0 1
    outer loop
      vertex 196.989 159.066 3.2
      vertex 196.092 158.978 3.2
      vertex 196.308 158.521 3.2
    endloop
  endfacet
  facet normal 0 0 1
    outer loop
      vertex 196.762 159.546 3.2
      vertex 195.832 159.411 3.2
      vertex 196.092 158.978 3.2
    endloop
  endfacet
  facet normal 0 0 1
    outer loop
      vertex 195.192 160.192 3.2
      vertex 196.174 160.426 3.2
      vertex 195.818 160.818 3.2
    endloop
  endfacet
  facet normal 0 0 1
    outer loop
      vertex 196.49 160 3.2
      vertex 195.531 159.817 3.2
      vertex 195.832 159.411 3.2
    endloop
  endfacet
  facet normal 0 0 1
    outer loop
      vertex 195.192 160.192 3.2
      vertex 195.818 160.818 3.2
      vertex 195.426 161.174 3.2
    endloop
  endfacet
  facet normal 0 0 1
    outer loop
      vertex 196.174 160.426 3.2
      vertex 195.192 160.192 3.2
      vertex 195.531 159.817 3.2
    endloop
  endfacet
  facet normal 0 0 1
    outer loop
      vertex 194.817 160.531 3.2
      vertex 195.426 161.174 3.2
      vertex 195 161.49 3.2
    endloop
  endfacet
  facet normal 0 0 1
    outer loop
      vertex 195.426 161.174 3.2
      vertex 194.817 160.531 3.2
      vertex 195.192 160.192 3.2
    endloop
  endfacet
  facet normal 0 0 1
    outer loop
      vertex 194.411 160.832 3.2
      vertex 195 161.49 3.2
      vertex 194.546 161.762 3.2
    endloop
  endfacet
  facet normal 0 0 1
    outer loop
      vertex 195 161.49 3.2
      vertex 194.411 160.832 3.2
      vertex 194.817 160.531 3.2
    endloop
  endfacet
  facet normal 0 0 1
    outer loop
      vertex 193.978 161.092 3.2
      vertex 194.546 161.762 3.2
      vertex 194.066 161.989 3.2
    endloop
  endfacet
  facet normal 0 0 1
    outer loop
      vertex 194.546 161.762 3.2
      vertex 193.978 161.092 3.2
      vertex 194.411 160.832 3.2
    endloop
  endfacet
  facet normal 0 0 1
    outer loop
      vertex 193.521 161.308 3.2
      vertex 194.066 161.989 3.2
      vertex 193.568 162.167 3.2
    endloop
  endfacet
  facet normal 0 0 1
    outer loop
      vertex 194.066 161.989 3.2
      vertex 193.521 161.308 3.2
      vertex 193.978 161.092 3.2
    endloop
  endfacet
  facet normal 0 0 1
    outer loop
      vertex 193.045 161.478 3.2
      vertex 193.568 162.167 3.2
      vertex 193.053 162.296 3.2
    endloop
  endfacet
  facet normal 0 0 1
    outer loop
      vertex 193.568 162.167 3.2
      vertex 193.045 161.478 3.2
      vertex 193.521 161.308 3.2
    endloop
  endfacet
  facet normal 0 0 1
    outer loop
      vertex 193.053 162.296 3.2
      vertex 192.555 161.601 3.2
      vertex 193.045 161.478 3.2
    endloop
  endfacet
  facet normal 0 0 1
    outer loop
      vertex 192.529 162.374 3.2
      vertex 192.555 161.601 3.2
      vertex 193.053 162.296 3.2
    endloop
  endfacet
  facet normal 0 0 1
    outer loop
      vertex 192.529 162.374 3.2
      vertex 192.055 161.675 3.2
      vertex 192.555 161.601 3.2
    endloop
  endfacet
  facet normal 0 0 1
    outer loop
      vertex 192 162.4 3.2
      vertex 192.055 161.675 3.2
      vertex 192.529 162.374 3.2
    endloop
  endfacet
  facet normal 0 0 1
    outer loop
      vertex 192 162.4 3.2
      vertex 191.55 161.7 3.2
      vertex 192.055 161.675 3.2
    endloop
  endfacet
  facet normal 0 0 1
    outer loop
      vertex 192 162.4 3.2
      vertex 191.045 161.675 3.2
      vertex 191.55 161.7 3.2
    endloop
  endfacet
  facet normal 0 0 1
    outer loop
      vertex 192 162.4 3.2
      vertex 190.545 161.601 3.2
      vertex 191.045 161.675 3.2
    endloop
  endfacet
  facet normal -0 0 1
    outer loop
      vertex 188.734 162.4 3.2
      vertex 190.545 161.601 3.2
      vertex 192 162.4 3.2
    endloop
  endfacet
  facet normal 0 0 1
    outer loop
      vertex 190.545 161.601 3.2
      vertex 188.734 162.4 3.2
      vertex 190.055 161.478 3.2
    endloop
  endfacet
  facet normal 0 0 1
    outer loop
      vertex 190.055 161.478 3.2
      vertex 188.734 162.4 3.2
      vertex 189.579 161.308 3.2
    endloop
  endfacet
  facet normal 0 0 1
    outer loop
      vertex 188.734 162.4 3.2
      vertex 189.122 161.092 3.2
      vertex 189.579 161.308 3.2
    endloop
  endfacet
  facet normal -0 0 1
    outer loop
      vertex 188.486 162.282 3.2
      vertex 189.122 161.092 3.2
      vertex 188.734 162.4 3.2
    endloop
  endfacet
  facet normal 0 0 1
    outer loop
      vertex 189.122 161.092 3.2
      vertex 188.486 162.282 3.2
      vertex 188.689 160.832 3.2
    endloop
  endfacet
  facet normal -0 0 1
    outer loop
      vertex 187.939 161.955 3.2
      vertex 188.689 160.832 3.2
      vertex 188.486 162.282 3.2
    endloop
  endfacet
  facet normal 0 0 1
    outer loop
      vertex 188.689 160.832 3.2
      vertex 187.939 161.955 3.2
      vertex 188.283 160.531 3.2
    endloop
  endfacet
  facet normal -0 0 1
    outer loop
      vertex 187.426 161.575 3.2
      vertex 188.283 160.531 3.2
      vertex 187.939 161.955 3.2
    endloop
  endfacet
  facet normal 0 0 1
    outer loop
      vertex 188.283 160.531 3.2
      vertex 187.426 161.575 3.2
      vertex 187.908 160.192 3.2
    endloop
  endfacet
  facet normal -0 0 1
    outer loop
      vertex 186.954 161.146 3.2
      vertex 187.908 160.192 3.2
      vertex 187.426 161.575 3.2
    endloop
  endfacet
  facet normal 0 0 1
    outer loop
      vertex 187.908 160.192 3.2
      vertex 186.954 161.146 3.2
      vertex 187.569 159.817 3.2
    endloop
  endfacet
  facet normal -0 0 1
    outer loop
      vertex 186.525 160.674 3.2
      vertex 187.569 159.817 3.2
      vertex 186.954 161.146 3.2
    endloop
  endfacet
  facet normal 0 0 1
    outer loop
      vertex 187.569 159.817 3.2
      vertex 186.525 160.674 3.2
      vertex 187.268 159.411 3.2
    endloop
  endfacet
  facet normal -0 0 1
    outer loop
      vertex 186.145 160.161 3.2
      vertex 187.268 159.411 3.2
      vertex 186.525 160.674 3.2
    endloop
  endfacet
  facet normal 0 0 1
    outer loop
      vertex 187.268 159.411 3.2
      vertex 186.145 160.161 3.2
      vertex 187.008 158.978 3.2
    endloop
  endfacet
  facet normal -0 0 1
    outer loop
      vertex 185.818 159.614 3.2
      vertex 187.008 158.978 3.2
      vertex 186.145 160.161 3.2
    endloop
  endfacet
  facet normal 0 0 1
    outer loop
      vertex 187.008 158.978 3.2
      vertex 185.818 159.614 3.2
      vertex 186.792 158.521 3.2
    endloop
  endfacet
  facet normal -0 0 1
    outer loop
      vertex 185.545 159.037 3.2
      vertex 186.792 158.521 3.2
      vertex 185.818 159.614 3.2
    endloop
  endfacet
  facet normal 0 0 1
    outer loop
      vertex 186.792 158.521 3.2
      vertex 185.545 159.037 3.2
      vertex 186.622 158.045 3.2
    endloop
  endfacet
  facet normal -0 0 1
    outer loop
      vertex 185.33 158.437 3.2
      vertex 186.622 158.045 3.2
      vertex 185.545 159.037 3.2
    endloop
  endfacet
  facet normal -0 0 1
    outer loop
      vertex 196.675 157.055 3.2
      vertex 197.4 157 3.2
      vertex 197.374 157.529 3.2
    endloop
  endfacet
  facet normal 0 0 1
    outer loop
      vertex 196.675 157.055 3.2
      vertex 197.374 157.529 3.2
      vertex 197.296 158.053 3.2
    endloop
  endfacet
  facet normal 0 0 1
    outer loop
      vertex 196.601 155.545 3.2
      vertex 197.4 157 3.2
      vertex 196.675 156.045 3.2
    endloop
  endfacet
  facet normal 0 0 1
    outer loop
      vertex 196.675 157.055 3.2
      vertex 197.296 158.053 3.2
      vertex 197.167 158.568 3.2
    endloop
  endfacet
  facet normal 0 0 1
    outer loop
      vertex 196.675 157.055 3.2
      vertex 197.167 158.568 3.2
      vertex 196.989 159.066 3.2
    endloop
  endfacet
  facet normal 0 0 1
    outer loop
      vertex 197.4 157 3.2
      vertex 196.7 156.55 3.2
      vertex 196.675 156.045 3.2
    endloop
  endfacet
  facet normal 0 0 1
    outer loop
      vertex 196.092 158.978 3.2
      vertex 196.989 159.066 3.2
      vertex 196.762 159.546 3.2
    endloop
  endfacet
  facet normal 0 0 1
    outer loop
      vertex 197.4 157 3.2
      vertex 196.601 155.545 3.2
      vertex 197.4 153.734 3.2
    endloop
  endfacet
  facet normal -0 0 1
    outer loop
      vertex 196.478 155.055 3.2
      vertex 197.4 153.734 3.2
      vertex 196.601 155.545 3.2
    endloop
  endfacet
  facet normal -0 0 1
    outer loop
      vertex 196.308 154.579 3.2
      vertex 197.4 153.734 3.2
      vertex 196.478 155.055 3.2
    endloop
  endfacet
  facet normal -0 0 1
    outer loop
      vertex 196.092 154.122 3.2
      vertex 197.4 153.734 3.2
      vertex 196.308 154.579 3.2
    endloop
  endfacet
  facet normal 0 0 1
    outer loop
      vertex 197.4 153.734 3.2
      vertex 196.092 154.122 3.2
      vertex 197.282 153.486 3.2
    endloop
  endfacet
  facet normal 0 0 1
    outer loop
      vertex 197.282 153.486 3.2
      vertex 196.092 154.122 3.2
      vertex 196.955 152.939 3.2
    endloop
  endfacet
  facet normal -0 0 1
    outer loop
      vertex 195.832 153.689 3.2
      vertex 196.955 152.939 3.2
      vertex 196.092 154.122 3.2
    endloop
  endfacet
  facet normal 0 0 1
    outer loop
      vertex 196.955 152.939 3.2
      vertex 195.832 153.689 3.2
      vertex 196.575 152.426 3.2
    endloop
  endfacet
  facet normal -0 0 1
    outer loop
      vertex 195.531 153.283 3.2
      vertex 196.575 152.426 3.2
      vertex 195.832 153.689 3.2
    endloop
  endfacet
  facet normal 0 0 1
    outer loop
      vertex 196.575 152.426 3.2
      vertex 195.531 153.283 3.2
      vertex 196.146 151.954 3.2
    endloop
  endfacet
  facet normal -0 0 1
    outer loop
      vertex 195.192 152.908 3.2
      vertex 196.146 151.954 3.2
      vertex 195.531 153.283 3.2
    endloop
  endfacet
  facet normal 0 0 1
    outer loop
      vertex 196.146 151.954 3.2
      vertex 195.192 152.908 3.2
      vertex 195.674 151.525 3.2
    endloop
  endfacet
  facet normal -0 0 1
    outer loop
      vertex 194.817 152.569 3.2
      vertex 195.674 151.525 3.2
      vertex 195.192 152.908 3.2
    endloop
  endfacet
  facet normal 0 0 1
    outer loop
      vertex 195.674 151.525 3.2
      vertex 194.817 152.569 3.2
      vertex 195.161 151.145 3.2
    endloop
  endfacet
  facet normal -0 0 1
    outer loop
      vertex 194.411 152.268 3.2
      vertex 195.161 151.145 3.2
      vertex 194.817 152.569 3.2
    endloop
  endfacet
  facet normal 0 0 1
    outer loop
      vertex 195.161 151.145 3.2
      vertex 194.411 152.268 3.2
      vertex 194.614 150.818 3.2
    endloop
  endfacet
  facet normal -0 0 1
    outer loop
      vertex 193.978 152.008 3.2
      vertex 194.614 150.818 3.2
      vertex 194.411 152.268 3.2
    endloop
  endfacet
  facet normal 0 0 1
    outer loop
      vertex 194.614 150.818 3.2
      vertex 193.978 152.008 3.2
      vertex 194.037 150.545 3.2
    endloop
  endfacet
  facet normal -0 0 1
    outer loop
      vertex 193.521 151.792 3.2
      vertex 194.037 150.545 3.2
      vertex 193.978 152.008 3.2
    endloop
  endfacet
  facet normal 0 0 1
    outer loop
      vertex 193.521 151.792 3.2
      vertex 193.437 150.33 3.2
      vertex 194.037 150.545 3.2
    endloop
  endfacet
  facet normal -0 0 1
    outer loop
      vertex 193.045 151.622 3.2
      vertex 193.437 150.33 3.2
      vertex 193.521 151.792 3.2
    endloop
  endfacet
  facet normal 0 0 1
    outer loop
      vertex 193.045 151.622 3.2
      vertex 192.818 150.175 3.2
      vertex 193.437 150.33 3.2
    endloop
  endfacet
  facet normal -0 0 1
    outer loop
      vertex 192.555 151.499 3.2
      vertex 192.818 150.175 3.2
      vertex 193.045 151.622 3.2
    endloop
  endfacet
  facet normal 0 0 1
    outer loop
      vertex 192.555 151.499 3.2
      vertex 192.187 150.081 3.2
      vertex 192.818 150.175 3.2
    endloop
  endfacet
  facet normal -0 0 1
    outer loop
      vertex 192.055 151.425 3.2
      vertex 192.187 150.081 3.2
      vertex 192.555 151.499 3.2
    endloop
  endfacet
  facet normal -0 0 1
    outer loop
      vertex 191.55 151.4 3.2
      vertex 192.187 150.081 3.2
      vertex 192.055 151.425 3.2
    endloop
  endfacet
  facet normal 0 0 1
    outer loop
      vertex 191.55 151.4 3.2
      vertex 191.55 150.05 3.2
      vertex 192.187 150.081 3.2
    endloop
  endfacet
  facet normal 0 0 1
    outer loop
      vertex 191.045 151.425 3.2
      vertex 191.55 150.05 3.2
      vertex 191.55 151.4 3.2
    endloop
  endfacet
  facet normal 0 0 1
    outer loop
      vertex 191.045 151.425 3.2
      vertex 190.913 150.081 3.2
      vertex 191.55 150.05 3.2
    endloop
  endfacet
  facet normal 0 0 1
    outer loop
      vertex 190.545 151.499 3.2
      vertex 190.913 150.081 3.2
      vertex 191.045 151.425 3.2
    endloop
  endfacet
  facet normal 0 0 1
    outer loop
      vertex 190.545 151.499 3.2
      vertex 190.282 150.175 3.2
      vertex 190.913 150.081 3.2
    endloop
  endfacet
  facet normal 0 0 1
    outer loop
      vertex 190.055 151.622 3.2
      vertex 190.282 150.175 3.2
      vertex 190.545 151.499 3.2
    endloop
  endfacet
  facet normal 0 0 1
    outer loop
      vertex 190.055 151.622 3.2
      vertex 189.663 150.33 3.2
      vertex 190.282 150.175 3.2
    endloop
  endfacet
  facet normal 0 0 1
    outer loop
      vertex 189.579 151.792 3.2
      vertex 189.663 150.33 3.2
      vertex 190.055 151.622 3.2
    endloop
  endfacet
  facet normal 0 0 1
    outer loop
      vertex 189.063 150.545 3.2
      vertex 189.579 151.792 3.2
      vertex 189.122 152.008 3.2
    endloop
  endfacet
  facet normal 0 0 1
    outer loop
      vertex 189.579 151.792 3.2
      vertex 189.063 150.545 3.2
      vertex 189.663 150.33 3.2
    endloop
  endfacet
  facet normal 0 0 1
    outer loop
      vertex 188.486 150.818 3.2
      vertex 189.122 152.008 3.2
      vertex 188.689 152.268 3.2
    endloop
  endfacet
  facet normal 0 0 1
    outer loop
      vertex 189.122 152.008 3.2
      vertex 188.486 150.818 3.2
      vertex 189.063 150.545 3.2
    endloop
  endfacet
  facet normal 0 0 1
    outer loop
      vertex 187.939 151.145 3.2
      vertex 188.689 152.268 3.2
      vertex 188.283 152.569 3.2
    endloop
  endfacet
  facet normal 0 0 1
    outer loop
      vertex 188.689 152.268 3.2
      vertex 187.939 151.145 3.2
      vertex 188.486 150.818 3.2
    endloop
  endfacet
  facet normal 0 0 1
    outer loop
      vertex 187.426 151.525 3.2
      vertex 188.283 152.569 3.2
      vertex 187.908 152.908 3.2
    endloop
  endfacet
  facet normal 0 0 1
    outer loop
      vertex 186.954 151.954 3.2
      vertex 187.908 152.908 3.2
      vertex 187.569 153.283 3.2
    endloop
  endfacet
  facet normal 0 0 1
    outer loop
      vertex 188.283 152.569 3.2
      vertex 187.426 151.525 3.2
      vertex 187.939 151.145 3.2
    endloop
  endfacet
  facet normal 0 0 1
    outer loop
      vertex 186.525 152.426 3.2
      vertex 187.569 153.283 3.2
      vertex 187.268 153.689 3.2
    endloop
  endfacet
  facet normal 0 0 1
    outer loop
      vertex 186.145 152.939 3.2
      vertex 187.268 153.689 3.2
      vertex 187.008 154.122 3.2
    endloop
  endfacet
  facet normal 0 0 1
    outer loop
      vertex 187.908 152.908 3.2
      vertex 186.954 151.954 3.2
      vertex 187.426 151.525 3.2
    endloop
  endfacet
  facet normal 0 0 1
    outer loop
      vertex 185.818 153.486 3.2
      vertex 187.008 154.122 3.2
      vertex 186.792 154.579 3.2
    endloop
  endfacet
  facet normal 0 0 1
    outer loop
      vertex 185.545 154.063 3.2
      vertex 186.792 154.579 3.2
      vertex 186.622 155.055 3.2
    endloop
  endfacet
  facet normal 0 0 1
    outer loop
      vertex 187.569 153.283 3.2
      vertex 186.525 152.426 3.2
      vertex 186.954 151.954 3.2
    endloop
  endfacet
  facet normal 0 0 1
    outer loop
      vertex 185.33 154.663 3.2
      vertex 186.622 155.055 3.2
      vertex 186.499 155.545 3.2
    endloop
  endfacet
  facet normal 0 0 1
    outer loop
      vertex 185.175 155.282 3.2
      vertex 186.499 155.545 3.2
      vertex 186.425 156.045 3.2
    endloop
  endfacet
  facet normal 0 0 1
    outer loop
      vertex 185.081 155.913 3.2
      vertex 186.425 156.045 3.2
      vertex 186.4 156.55 3.2
    endloop
  endfacet
  facet normal 0 0 1
    outer loop
      vertex 186.622 158.045 3.2
      vertex 185.33 158.437 3.2
      vertex 186.499 157.555 3.2
    endloop
  endfacet
  facet normal 0 0 1
    outer loop
      vertex 187.268 153.689 3.2
      vertex 186.145 152.939 3.2
      vertex 186.525 152.426 3.2
    endloop
  endfacet
  facet normal -0 0 1
    outer loop
      vertex 185.175 157.818 3.2
      vertex 186.499 157.555 3.2
      vertex 185.33 158.437 3.2
    endloop
  endfacet
  facet normal 0 0 1
    outer loop
      vertex 187.008 154.122 3.2
      vertex 185.818 153.486 3.2
      vertex 186.145 152.939 3.2
    endloop
  endfacet
  facet normal 0 0 1
    outer loop
      vertex 186.499 157.555 3.2
      vertex 185.175 157.818 3.2
      vertex 186.425 157.055 3.2
    endloop
  endfacet
  facet normal 0 0 1
    outer loop
      vertex 186.792 154.579 3.2
      vertex 185.545 154.063 3.2
      vertex 185.818 153.486 3.2
    endloop
  endfacet
  facet normal -0 0 1
    outer loop
      vertex 185.081 157.187 3.2
      vertex 186.425 157.055 3.2
      vertex 185.175 157.818 3.2
    endloop
  endfacet
  facet normal 0 0 1
    outer loop
      vertex 186.622 155.055 3.2
      vertex 185.33 154.663 3.2
      vertex 185.545 154.063 3.2
    endloop
  endfacet
  facet normal 0 0 1
    outer loop
      vertex 186.425 157.055 3.2
      vertex 185.081 157.187 3.2
      vertex 186.4 156.55 3.2
    endloop
  endfacet
  facet normal 0 0 1
    outer loop
      vertex 186.499 155.545 3.2
      vertex 185.175 155.282 3.2
      vertex 185.33 154.663 3.2
    endloop
  endfacet
  facet normal 0 0 1
    outer loop
      vertex 185.05 156.55 3.2
      vertex 186.4 156.55 3.2
      vertex 185.081 157.187 3.2
    endloop
  endfacet
  facet normal 0 0 1
    outer loop
      vertex 186.425 156.045 3.2
      vertex 185.081 155.913 3.2
      vertex 185.175 155.282 3.2
    endloop
  endfacet
  facet normal 0 0 1
    outer loop
      vertex 186.4 156.55 3.2
      vertex 185.05 156.55 3.2
      vertex 185.081 155.913 3.2
    endloop
  endfacet
  facet normal -0.903929 0.427682 0
    outer loop
      vertex 185.545 159.037 2
      vertex 185.818 159.614 3.2
      vertex 185.818 159.614 2
    endloop
  endfacet
  facet normal -0.903929 0.427682 0
    outer loop
      vertex 185.818 159.614 3.2
      vertex 185.545 159.037 2
      vertex 185.545 159.037 3.2
    endloop
  endfacet
  facet normal 0.740011 -0.672595 0
    outer loop
      vertex 196.146 151.954 3.2
      vertex 196.575 152.426 2
      vertex 196.575 152.426 3.2
    endloop
  endfacet
  facet normal 0.740011 -0.672595 0
    outer loop
      vertex 196.575 152.426 2
      vertex 196.146 151.954 3.2
      vertex 196.146 151.954 2
    endloop
  endfacet
  facet normal 0.0490901 -0.998794 0
    outer loop
      vertex 192 2.6 2
      vertex 192.529 2.626 3.2
      vertex 192 2.6 3.2
    endloop
  endfacet
  facet normal 0.0490901 -0.998794 0
    outer loop
      vertex 192.529 2.626 3.2
      vertex 192 2.6 2
      vertex 192.529 2.626 2
    endloop
  endfacet
  facet normal 0.740282 0.672297 0
    outer loop
      vertex 196.174 160.426 3.2
      vertex 195.818 160.818 2
      vertex 195.818 160.818 3.2
    endloop
  endfacet
  facet normal 0.740282 0.672297 0
    outer loop
      vertex 195.818 160.818 2
      vertex 196.174 160.426 3.2
      vertex 196.174 160.426 2
    endloop
  endfacet
  facet normal -0.998794 0.0490901 0
    outer loop
      vertex 2.6 157 2
      vertex 2.626 157.529 3.2
      vertex 2.626 157.529 2
    endloop
  endfacet
  facet normal -0.998794 0.0490901 0
    outer loop
      vertex 2.626 157.529 3.2
      vertex 2.6 157 2
      vertex 2.6 157 3.2
    endloop
  endfacet
  facet normal -0.595695 -0.803211 0
    outer loop
      vertex 4.57427 3.82574 2
      vertex 4.99992 3.51006 3.2
      vertex 4.57427 3.82574 3.2
    endloop
  endfacet
  facet normal -0.595695 -0.803211 -0
    outer loop
      vertex 4.99992 3.51006 3.2
      vertex 4.57427 3.82574 2
      vertex 4.99992 3.51006 2
    endloop
  endfacet
  facet normal -1 0 0
    outer loop
      vertex 2.6 7.99999 2
      vertex 2.6 11.2656 3.2
      vertex 2.6 11.2656 2
    endloop
  endfacet
  facet normal -1 -0 0
    outer loop
      vertex 2.6 11.2656 3.2
      vertex 2.6 7.99999 2
      vertex 2.6 7.99999 3.2
    endloop
  endfacet
  facet normal -1 0 0
    outer loop
      vertex 2.6 153.734 2
      vertex 2.6 157 3.2
      vertex 2.6 157 2
    endloop
  endfacet
  facet normal -1 -0 0
    outer loop
      vertex 2.6 157 3.2
      vertex 2.6 153.734 2
      vertex 2.6 153.734 3.2
    endloop
  endfacet
  facet normal -0.85746 0.514551 0
    outer loop
      vertex 3.23762 159.546 2
      vertex 3.51006 160 3.2
      vertex 3.51006 160 2
    endloop
  endfacet
  facet normal -0.85746 0.514551 0
    outer loop
      vertex 3.51006 160 3.2
      vertex 3.23762 159.546 2
      vertex 3.23762 159.546 3.2
    endloop
  endfacet
  facet normal -0.0490632 -0.998796 0
    outer loop
      vertex 7.4707 2.626 2
      vertex 7.99999 2.6 3.2
      vertex 7.4707 2.626 3.2
    endloop
  endfacet
  facet normal -0.0490632 -0.998796 -0
    outer loop
      vertex 7.99999 2.6 3.2
      vertex 7.4707 2.626 2
      vertex 7.99999 2.6 2
    endloop
  endfacet
  facet normal -0.596084 0.802922 0
    outer loop
      vertex 4.99992 161.49 2
      vertex 4.57427 161.174 3.2
      vertex 4.99992 161.49 3.2
    endloop
  endfacet
  facet normal -0.596084 0.802922 0
    outer loop
      vertex 4.57427 161.174 3.2
      vertex 4.99992 161.49 2
      vertex 4.57427 161.174 2
    endloop
  endfacet
  facet normal -0.147181 0.98911 0
    outer loop
      vertex 7.4707 162.374 2
      vertex 6.94651 162.296 3.2
      vertex 7.4707 162.374 3.2
    endloop
  endfacet
  facet normal -0.147181 0.98911 0
    outer loop
      vertex 6.94651 162.296 3.2
      vertex 7.4707 162.374 2
      vertex 6.94651 162.296 2
    endloop
  endfacet
  facet normal -0.513499 0.85809 0
    outer loop
      vertex 5.45445 161.762 2
      vertex 4.99992 161.49 3.2
      vertex 5.45445 161.762 3.2
    endloop
  endfacet
  facet normal -0.513499 0.85809 0
    outer loop
      vertex 4.99992 161.49 3.2
      vertex 5.45445 161.762 2
      vertex 4.99992 161.49 2
    endloop
  endfacet
  facet normal 0 -1 0
    outer loop
      vertex 7.99999 2.6 2
      vertex 11.2656 2.6 3.2
      vertex 7.99999 2.6 3.2
    endloop
  endfacet
  facet normal 0 -1 -0
    outer loop
      vertex 11.2656 2.6 3.2
      vertex 7.99999 2.6 2
      vertex 11.2656 2.6 2
    endloop
  endfacet
  facet normal 0 -1 0
    outer loop
      vertex 188.734 2.6 2
      vertex 192 2.6 3.2
      vertex 188.734 2.6 3.2
    endloop
  endfacet
  facet normal 0 -1 -0
    outer loop
      vertex 192 2.6 3.2
      vertex 188.734 2.6 2
      vertex 192 2.6 2
    endloop
  endfacet
  facet normal 0 1 -0
    outer loop
      vertex 11.2656 162.4 2
      vertex 7.99999 162.4 3.2
      vertex 11.2656 162.4 3.2
    endloop
  endfacet
  facet normal 0 1 0
    outer loop
      vertex 7.99999 162.4 3.2
      vertex 11.2656 162.4 2
      vertex 7.99999 162.4 2
    endloop
  endfacet
  facet normal 0 1 -0
    outer loop
      vertex 192 162.4 2
      vertex 188.734 162.4 3.2
      vertex 192 162.4 3.2
    endloop
  endfacet
  facet normal 0 1 0
    outer loop
      vertex 188.734 162.4 3.2
      vertex 192 162.4 2
      vertex 188.734 162.4 2
    endloop
  endfacet
  facet normal -0.998796 -0.0490632 0
    outer loop
      vertex 2.626 7.4707 2
      vertex 2.6 7.99999 3.2
      vertex 2.6 7.99999 2
    endloop
  endfacet
  facet normal -0.998796 -0.0490632 0
    outer loop
      vertex 2.6 7.99999 3.2
      vertex 2.626 7.4707 2
      vertex 2.626 7.4707 3.2
    endloop
  endfacet
  facet normal 0.802922 -0.596084 0
    outer loop
      vertex 196.174 4.57427 3.2
      vertex 196.49 4.99992 2
      vertex 196.49 4.99992 3.2
    endloop
  endfacet
  facet normal 0.802922 -0.596084 0
    outer loop
      vertex 196.49 4.99992 2
      vertex 196.174 4.57427 3.2
      vertex 196.174 4.57427 2
    endloop
  endfacet
  facet normal 0.51394 0.857826 -0
    outer loop
      vertex 195 161.49 2
      vertex 194.546 161.762 3.2
      vertex 195 161.49 3.2
    endloop
  endfacet
  facet normal 0.51394 0.857826 0
    outer loop
      vertex 194.546 161.762 3.2
      vertex 195 161.49 2
      vertex 194.546 161.762 2
    endloop
  endfacet
  facet normal -0.336002 0.941861 0
    outer loop
      vertex 6.43246 162.167 2
      vertex 5.9335 161.989 3.2
      vertex 6.43246 162.167 3.2
    endloop
  endfacet
  facet normal -0.336002 0.941861 0
    outer loop
      vertex 5.9335 161.989 3.2
      vertex 6.43246 162.167 2
      vertex 5.9335 161.989 2
    endloop
  endfacet
  facet normal 0.970032 0.242979 0
    outer loop
      vertex 197.296 158.053 3.2
      vertex 197.167 158.568 2
      vertex 197.167 158.568 3.2
    endloop
  endfacet
  facet normal 0.970032 0.242979 0
    outer loop
      vertex 197.167 158.568 2
      vertex 197.296 158.053 3.2
      vertex 197.296 158.053 2
    endloop
  endfacet
  facet normal -0.941545 -0.336889 0
    outer loop
      vertex 3.01104 5.9335 2
      vertex 2.83251 6.43246 3.2
      vertex 2.83251 6.43246 2
    endloop
  endfacet
  facet normal -0.941545 -0.336889 0
    outer loop
      vertex 2.83251 6.43246 3.2
      vertex 3.01104 5.9335 2
      vertex 3.01104 5.9335 3.2
    endloop
  endfacet
  facet normal -0.51411 -0.857724 0
    outer loop
      vertex 4.99992 3.51006 2
      vertex 5.45445 3.23762 3.2
      vertex 4.99992 3.51006 3.2
    endloop
  endfacet
  facet normal -0.51411 -0.857724 -0
    outer loop
      vertex 5.45445 3.23762 3.2
      vertex 4.99992 3.51006 2
      vertex 5.45445 3.23762 2
    endloop
  endfacet
  facet normal -0.243401 0.969926 0
    outer loop
      vertex 6.94651 162.296 2
      vertex 6.43246 162.167 3.2
      vertex 6.94651 162.296 3.2
    endloop
  endfacet
  facet normal -0.243401 0.969926 0
    outer loop
      vertex 6.43246 162.167 3.2
      vertex 6.94651 162.296 2
      vertex 6.43246 162.167 2
    endloop
  endfacet
  facet normal -0.146737 -0.989175 0
    outer loop
      vertex 6.94651 2.70376 2
      vertex 7.4707 2.626 3.2
      vertex 6.94651 2.70376 3.2
    endloop
  endfacet
  facet normal -0.146737 -0.989175 -0
    outer loop
      vertex 7.4707 2.626 3.2
      vertex 6.94651 2.70376 2
      vertex 7.4707 2.626 2
    endloop
  endfacet
  facet normal 0.242979 0.970032 -0
    outer loop
      vertex 193.568 162.167 2
      vertex 193.053 162.296 3.2
      vertex 193.568 162.167 3.2
    endloop
  endfacet
  facet normal 0.242979 0.970032 0
    outer loop
      vertex 193.053 162.296 3.2
      vertex 193.568 162.167 2
      vertex 193.053 162.296 2
    endloop
  endfacet
  facet normal 0.969926 -0.243401 0
    outer loop
      vertex 197.167 6.43246 3.2
      vertex 197.296 6.94651 2
      vertex 197.296 6.94651 3.2
    endloop
  endfacet
  facet normal 0.969926 -0.243401 0
    outer loop
      vertex 197.296 6.94651 2
      vertex 197.167 6.43246 3.2
      vertex 197.167 6.43246 2
    endloop
  endfacet
  facet normal 0.337464 -0.941338 0
    outer loop
      vertex 193.568 2.83251 2
      vertex 194.066 3.01104 3.2
      vertex 193.568 2.83251 3.2
    endloop
  endfacet
  facet normal 0.337464 -0.941338 0
    outer loop
      vertex 194.066 3.01104 3.2
      vertex 193.568 2.83251 2
      vertex 194.066 3.01104 2
    endloop
  endfacet
  facet normal 0.672297 0.740282 -0
    outer loop
      vertex 195.818 160.818 2
      vertex 195.426 161.174 3.2
      vertex 195.818 160.818 3.2
    endloop
  endfacet
  facet normal 0.672297 0.740282 0
    outer loop
      vertex 195.426 161.174 3.2
      vertex 195.818 160.818 2
      vertex 195.426 161.174 2
    endloop
  endfacet
  facet normal -0.671686 0.740836 0
    outer loop
      vertex 4.57427 161.174 2
      vertex 4.18162 160.818 3.2
      vertex 4.57427 161.174 3.2
    endloop
  endfacet
  facet normal -0.671686 0.740836 0
    outer loop
      vertex 4.18162 160.818 3.2
      vertex 4.57427 161.174 2
      vertex 4.18162 160.818 2
    endloop
  endfacet
  facet normal -0.0490632 0.998796 0
    outer loop
      vertex 7.99999 162.4 2
      vertex 7.4707 162.374 3.2
      vertex 7.99999 162.4 3.2
    endloop
  endfacet
  facet normal -0.0490632 0.998796 0
    outer loop
      vertex 7.4707 162.374 3.2
      vertex 7.99999 162.4 2
      vertex 7.4707 162.374 2
    endloop
  endfacet
  facet normal 0.42752 0.904006 -0
    outer loop
      vertex 194.546 161.762 2
      vertex 194.066 161.989 3.2
      vertex 194.546 161.762 3.2
    endloop
  endfacet
  facet normal 0.42752 0.904006 0
    outer loop
      vertex 194.066 161.989 3.2
      vertex 194.546 161.762 2
      vertex 194.066 161.989 2
    endloop
  endfacet
  facet normal -0.803211 -0.595695 0
    outer loop
      vertex 3.82574 4.57427 2
      vertex 3.51006 4.99992 3.2
      vertex 3.51006 4.99992 2
    endloop
  endfacet
  facet normal -0.803211 -0.595695 0
    outer loop
      vertex 3.51006 4.99992 3.2
      vertex 3.82574 4.57427 2
      vertex 3.82574 4.57427 3.2
    endloop
  endfacet
  facet normal -0.989168 0.146789 0
    outer loop
      vertex 2.626 157.529 2
      vertex 2.70376 158.053 3.2
      vertex 2.70376 158.053 2
    endloop
  endfacet
  facet normal -0.989168 0.146789 0
    outer loop
      vertex 2.70376 158.053 3.2
      vertex 2.626 157.529 2
      vertex 2.626 157.529 3.2
    endloop
  endfacet
  facet normal -0.427565 -0.903985 0
    outer loop
      vertex 5.45445 3.23762 2
      vertex 5.9335 3.01104 3.2
      vertex 5.45445 3.23762 3.2
    endloop
  endfacet
  facet normal -0.427565 -0.903985 -0
    outer loop
      vertex 5.9335 3.01104 3.2
      vertex 5.45445 3.23762 2
      vertex 5.9335 3.01104 2
    endloop
  endfacet
  facet normal -0.336889 -0.941545 0
    outer loop
      vertex 5.9335 3.01104 2
      vertex 6.43246 2.83251 3.2
      vertex 5.9335 3.01104 3.2
    endloop
  endfacet
  facet normal -0.336889 -0.941545 -0
    outer loop
      vertex 6.43246 2.83251 3.2
      vertex 5.9335 3.01104 2
      vertex 6.43246 2.83251 2
    endloop
  endfacet
  facet normal -0.803445 0.595379 0
    outer loop
      vertex 3.51006 160 2
      vertex 3.82574 160.426 3.2
      vertex 3.82574 160.426 2
    endloop
  endfacet
  facet normal -0.803445 0.595379 0
    outer loop
      vertex 3.82574 160.426 3.2
      vertex 3.51006 160 2
      vertex 3.51006 160 3.2
    endloop
  endfacet
  facet normal 0.998796 -0.0490632 0
    outer loop
      vertex 197.374 7.4707 3.2
      vertex 197.4 7.99999 2
      vertex 197.4 7.99999 3.2
    endloop
  endfacet
  facet normal 0.998796 -0.0490632 0
    outer loop
      vertex 197.4 7.99999 2
      vertex 197.374 7.4707 3.2
      vertex 197.374 7.4707 2
    endloop
  endfacet
  facet normal -0.970037 -0.242957 0
    outer loop
      vertex 2.83251 6.43246 2
      vertex 2.70376 6.94651 3.2
      vertex 2.70376 6.94651 2
    endloop
  endfacet
  facet normal -0.970037 -0.242957 0
    outer loop
      vertex 2.70376 6.94651 3.2
      vertex 2.83251 6.43246 2
      vertex 2.83251 6.43246 3.2
    endloop
  endfacet
  facet normal 0.336576 0.941656 -0
    outer loop
      vertex 194.066 161.989 2
      vertex 193.568 162.167 3.2
      vertex 194.066 161.989 3.2
    endloop
  endfacet
  facet normal 0.336576 0.941656 0
    outer loop
      vertex 193.568 162.167 3.2
      vertex 194.066 161.989 2
      vertex 193.568 162.167 2
    endloop
  endfacet
  facet normal -0.970143 0.242536 0
    outer loop
      vertex 2.70376 158.053 2
      vertex 2.83251 158.568 3.2
      vertex 2.83251 158.568 2
    endloop
  endfacet
  facet normal -0.970143 0.242536 0
    outer loop
      vertex 2.83251 158.568 3.2
      vertex 2.70376 158.053 2
      vertex 2.70376 158.053 3.2
    endloop
  endfacet
  facet normal -0.941338 0.337464 0
    outer loop
      vertex 2.83251 158.568 2
      vertex 3.01104 159.066 3.2
      vertex 3.01104 159.066 2
    endloop
  endfacet
  facet normal -0.941338 0.337464 0
    outer loop
      vertex 3.01104 159.066 3.2
      vertex 2.83251 158.568 2
      vertex 2.83251 158.568 3.2
    endloop
  endfacet
  facet normal -0.242957 -0.970037 0
    outer loop
      vertex 6.43246 2.83251 2
      vertex 6.94651 2.70376 3.2
      vertex 6.43246 2.83251 3.2
    endloop
  endfacet
  facet normal -0.242957 -0.970037 -0
    outer loop
      vertex 6.94651 2.70376 3.2
      vertex 6.43246 2.83251 2
      vertex 6.94651 2.70376 2
    endloop
  endfacet
  facet normal 1 -0 0
    outer loop
      vertex 197.4 7.99999 3.2
      vertex 197.4 11.2656 2
      vertex 197.4 11.2656 3.2
    endloop
  endfacet
  facet normal 1 0 0
    outer loop
      vertex 197.4 11.2656 2
      vertex 197.4 7.99999 3.2
      vertex 197.4 7.99999 2
    endloop
  endfacet
  facet normal 1 -0 0
    outer loop
      vertex 197.4 153.734 3.2
      vertex 197.4 157 2
      vertex 197.4 157 3.2
    endloop
  endfacet
  facet normal 1 0 0
    outer loop
      vertex 197.4 157 2
      vertex 197.4 153.734 3.2
      vertex 197.4 153.734 2
    endloop
  endfacet
  facet normal 0.941656 0.336576 0
    outer loop
      vertex 197.167 158.568 3.2
      vertex 196.989 159.066 2
      vertex 196.989 159.066 3.2
    endloop
  endfacet
  facet normal 0.941656 0.336576 0
    outer loop
      vertex 196.989 159.066 2
      vertex 197.167 158.568 3.2
      vertex 197.167 158.568 2
    endloop
  endfacet
  facet normal 0.595768 0.803156 -0
    outer loop
      vertex 195.426 161.174 2
      vertex 195 161.49 3.2
      vertex 195.426 161.174 3.2
    endloop
  endfacet
  facet normal 0.595768 0.803156 0
    outer loop
      vertex 195 161.49 3.2
      vertex 195.426 161.174 2
      vertex 195 161.49 2
    endloop
  endfacet
  facet normal 0.426873 -0.904312 0
    outer loop
      vertex 194.066 3.01104 2
      vertex 194.546 3.23762 3.2
      vertex 194.066 3.01104 3.2
    endloop
  endfacet
  facet normal 0.426873 -0.904312 0
    outer loop
      vertex 194.546 3.23762 3.2
      vertex 194.066 3.01104 2
      vertex 194.546 3.23762 2
    endloop
  endfacet
  facet normal 0.989102 0.147233 0
    outer loop
      vertex 197.374 157.529 3.2
      vertex 197.296 158.053 2
      vertex 197.296 158.053 3.2
    endloop
  endfacet
  facet normal 0.989102 0.147233 0
    outer loop
      vertex 197.296 158.053 2
      vertex 197.374 157.529 3.2
      vertex 197.374 157.529 2
    endloop
  endfacet
  facet normal 0.941861 -0.336002 0
    outer loop
      vertex 196.989 5.9335 3.2
      vertex 197.167 6.43246 2
      vertex 197.167 6.43246 3.2
    endloop
  endfacet
  facet normal 0.941861 -0.336002 0
    outer loop
      vertex 197.167 6.43246 2
      vertex 196.989 5.9335 3.2
      vertex 196.989 5.9335 2
    endloop
  endfacet
  facet normal 0.0490901 0.998794 -0
    outer loop
      vertex 192.529 162.374 2
      vertex 192 162.4 3.2
      vertex 192.529 162.374 3.2
    endloop
  endfacet
  facet normal 0.0490901 0.998794 0
    outer loop
      vertex 192 162.4 3.2
      vertex 192.529 162.374 2
      vertex 192 162.4 2
    endloop
  endfacet
  facet normal 0.998794 0.0490901 0
    outer loop
      vertex 197.4 157 3.2
      vertex 197.374 157.529 2
      vertex 197.374 157.529 3.2
    endloop
  endfacet
  facet normal 0.998794 0.0490901 0
    outer loop
      vertex 197.374 157.529 2
      vertex 197.4 157 3.2
      vertex 197.4 157 2
    endloop
  endfacet
  facet normal 0.98911 -0.147181 0
    outer loop
      vertex 197.296 6.94651 3.2
      vertex 197.374 7.4707 2
      vertex 197.374 7.4707 3.2
    endloop
  endfacet
  facet normal 0.98911 -0.147181 0
    outer loop
      vertex 197.374 7.4707 2
      vertex 197.296 6.94651 3.2
      vertex 197.296 6.94651 2
    endloop
  endfacet
  facet normal -0.989175 -0.146737 0
    outer loop
      vertex 2.70376 6.94651 2
      vertex 2.626 7.4707 3.2
      vertex 2.626 7.4707 2
    endloop
  endfacet
  facet normal -0.989175 -0.146737 0
    outer loop
      vertex 2.626 7.4707 3.2
      vertex 2.70376 6.94651 2
      vertex 2.70376 6.94651 3.2
    endloop
  endfacet
  facet normal 0.672173 -0.740395 0
    outer loop
      vertex 195.426 3.82574 2
      vertex 195.818 4.18162 3.2
      vertex 195.426 3.82574 3.2
    endloop
  endfacet
  facet normal 0.672173 -0.740395 0
    outer loop
      vertex 195.818 4.18162 3.2
      vertex 195.426 3.82574 2
      vertex 195.818 4.18162 2
    endloop
  endfacet
  facet normal 0.146789 -0.989168 0
    outer loop
      vertex 192.529 2.626 2
      vertex 193.053 2.70376 3.2
      vertex 192.529 2.626 3.2
    endloop
  endfacet
  facet normal 0.146789 -0.989168 0
    outer loop
      vertex 193.053 2.70376 3.2
      vertex 192.529 2.626 2
      vertex 193.053 2.70376 2
    endloop
  endfacet
  facet normal -0.740949 -0.671562 0
    outer loop
      vertex 4.18162 4.18162 2
      vertex 3.82574 4.57427 3.2
      vertex 3.82574 4.57427 2
    endloop
  endfacet
  facet normal -0.740949 -0.671562 0
    outer loop
      vertex 3.82574 4.57427 3.2
      vertex 4.18162 4.18162 2
      vertex 4.18162 4.18162 3.2
    endloop
  endfacet
  facet normal -0.740395 0.672173 0
    outer loop
      vertex 3.82574 160.426 2
      vertex 4.18162 160.818 3.2
      vertex 4.18162 160.818 2
    endloop
  endfacet
  facet normal -0.740395 0.672173 0
    outer loop
      vertex 4.18162 160.818 3.2
      vertex 3.82574 160.426 2
      vertex 3.82574 160.426 3.2
    endloop
  endfacet
  facet normal -0.428212 0.903678 0
    outer loop
      vertex 5.9335 161.989 2
      vertex 5.45445 161.762 3.2
      vertex 5.9335 161.989 3.2
    endloop
  endfacet
  facet normal -0.428212 0.903678 0
    outer loop
      vertex 5.45445 161.762 3.2
      vertex 5.9335 161.989 2
      vertex 5.45445 161.762 2
    endloop
  endfacet
  facet normal -0.904312 0.426873 0
    outer loop
      vertex 3.01104 159.066 2
      vertex 3.23762 159.546 3.2
      vertex 3.23762 159.546 2
    endloop
  endfacet
  facet normal -0.904312 0.426873 0
    outer loop
      vertex 3.23762 159.546 3.2
      vertex 3.01104 159.066 2
      vertex 3.01104 159.066 3.2
    endloop
  endfacet
  facet normal 0.740836 -0.671686 0
    outer loop
      vertex 195.818 4.18162 3.2
      vertex 196.174 4.57427 2
      vertex 196.174 4.57427 3.2
    endloop
  endfacet
  facet normal 0.740836 -0.671686 0
    outer loop
      vertex 196.174 4.57427 2
      vertex 195.818 4.18162 3.2
      vertex 195.818 4.18162 2
    endloop
  endfacet
  facet normal 0.514551 -0.85746 0
    outer loop
      vertex 194.546 3.23762 2
      vertex 195 3.51006 3.2
      vertex 194.546 3.23762 3.2
    endloop
  endfacet
  facet normal 0.514551 -0.85746 0
    outer loop
      vertex 195 3.51006 3.2
      vertex 194.546 3.23762 2
      vertex 195 3.51006 2
    endloop
  endfacet
  facet normal -0.671562 -0.740949 0
    outer loop
      vertex 4.18162 4.18162 2
      vertex 4.57427 3.82574 3.2
      vertex 4.18162 4.18162 3.2
    endloop
  endfacet
  facet normal -0.671562 -0.740949 -0
    outer loop
      vertex 4.57427 3.82574 3.2
      vertex 4.18162 4.18162 2
      vertex 4.57427 3.82574 2
    endloop
  endfacet
  facet normal 0.903678 -0.428212 0
    outer loop
      vertex 196.762 5.45445 3.2
      vertex 196.989 5.9335 2
      vertex 196.989 5.9335 3.2
    endloop
  endfacet
  facet normal 0.903678 -0.428212 0
    outer loop
      vertex 196.989 5.9335 2
      vertex 196.762 5.45445 3.2
      vertex 196.762 5.45445 2
    endloop
  endfacet
  facet normal 0.147233 0.989102 -0
    outer loop
      vertex 193.053 162.296 2
      vertex 192.529 162.374 3.2
      vertex 193.053 162.296 3.2
    endloop
  endfacet
  facet normal 0.147233 0.989102 0
    outer loop
      vertex 192.529 162.374 3.2
      vertex 193.053 162.296 2
      vertex 192.529 162.374 2
    endloop
  endfacet
  facet normal 0.595379 -0.803445 0
    outer loop
      vertex 195 3.51006 2
      vertex 195.426 3.82574 3.2
      vertex 195 3.51006 3.2
    endloop
  endfacet
  facet normal 0.595379 -0.803445 0
    outer loop
      vertex 195.426 3.82574 3.2
      vertex 195 3.51006 2
      vertex 195.426 3.82574 2
    endloop
  endfacet
  facet normal 0.857826 0.51394 0
    outer loop
      vertex 196.762 159.546 3.2
      vertex 196.49 160 2
      vertex 196.49 160 3.2
    endloop
  endfacet
  facet normal 0.857826 0.51394 0
    outer loop
      vertex 196.49 160 2
      vertex 196.762 159.546 3.2
      vertex 196.762 159.546 2
    endloop
  endfacet
  facet normal 0.904006 0.42752 0
    outer loop
      vertex 196.989 159.066 3.2
      vertex 196.762 159.546 2
      vertex 196.762 159.546 3.2
    endloop
  endfacet
  facet normal 0.904006 0.42752 0
    outer loop
      vertex 196.762 159.546 2
      vertex 196.989 159.066 3.2
      vertex 196.989 159.066 2
    endloop
  endfacet
  facet normal 0.85809 -0.513499 0
    outer loop
      vertex 196.49 4.99992 3.2
      vertex 196.762 5.45445 2
      vertex 196.762 5.45445 3.2
    endloop
  endfacet
  facet normal 0.85809 -0.513499 0
    outer loop
      vertex 196.762 5.45445 2
      vertex 196.49 4.99992 3.2
      vertex 196.49 4.99992 2
    endloop
  endfacet
  facet normal 0.242536 -0.970143 0
    outer loop
      vertex 193.053 2.70376 2
      vertex 193.568 2.83251 3.2
      vertex 193.053 2.70376 3.2
    endloop
  endfacet
  facet normal 0.242536 -0.970143 0
    outer loop
      vertex 193.568 2.83251 3.2
      vertex 193.053 2.70376 2
      vertex 193.568 2.83251 2
    endloop
  endfacet
  facet normal -0.903985 -0.427565 0
    outer loop
      vertex 3.23762 5.45445 2
      vertex 3.01104 5.9335 3.2
      vertex 3.01104 5.9335 2
    endloop
  endfacet
  facet normal -0.903985 -0.427565 0
    outer loop
      vertex 3.01104 5.9335 3.2
      vertex 3.23762 5.45445 2
      vertex 3.23762 5.45445 3.2
    endloop
  endfacet
  facet normal -0.857724 -0.51411 0
    outer loop
      vertex 3.51006 4.99992 2
      vertex 3.23762 5.45445 3.2
      vertex 3.23762 5.45445 2
    endloop
  endfacet
  facet normal -0.857724 -0.51411 0
    outer loop
      vertex 3.23762 5.45445 3.2
      vertex 3.51006 4.99992 2
      vertex 3.51006 4.99992 3.2
    endloop
  endfacet
  facet normal 0.803156 0.595768 0
    outer loop
      vertex 196.49 160 3.2
      vertex 196.174 160.426 2
      vertex 196.174 160.426 3.2
    endloop
  endfacet
  facet normal 0.803156 0.595768 0
    outer loop
      vertex 196.174 160.426 2
      vertex 196.49 160 3.2
      vertex 196.49 160 2
    endloop
  endfacet
  facet normal 1 -0 0
    outer loop
      vertex 81.2 129.7 10.17
      vertex 81.2 133.7 2
      vertex 81.2 133.7 10.17
    endloop
  endfacet
  facet normal 1 0 0
    outer loop
      vertex 81.2 133.7 2
      vertex 81.2 129.7 10.17
      vertex 81.2 129.7 2
    endloop
  endfacet
  facet normal -0 0 1
    outer loop
      vertex 77.2 133.7 10.17
      vertex 81.2 129.7 10.17
      vertex 81.2 133.7 10.17
    endloop
  endfacet
  facet normal 0 0 1
    outer loop
      vertex 81.2 129.7 10.17
      vertex 77.2 133.7 10.17
      vertex 77.2 129.7 10.17
    endloop
  endfacet
  facet normal -1 0 0
    outer loop
      vertex 77.2 129.7 2
      vertex 77.2 133.7 10.17
      vertex 77.2 133.7 2
    endloop
  endfacet
  facet normal -1 -0 0
    outer loop
      vertex 77.2 133.7 10.17
      vertex 77.2 129.7 2
      vertex 77.2 129.7 10.17
    endloop
  endfacet
  facet normal 0 1 -0
    outer loop
      vertex 81.2 133.7 2
      vertex 77.2 133.7 10.17
      vertex 81.2 133.7 10.17
    endloop
  endfacet
  facet normal 0 1 0
    outer loop
      vertex 77.2 133.7 10.17
      vertex 81.2 133.7 2
      vertex 77.2 133.7 2
    endloop
  endfacet
  facet normal 0 -1 0
    outer loop
      vertex 77.2 129.7 2
      vertex 81.2 129.7 10.17
      vertex 77.2 129.7 10.17
    endloop
  endfacet
  facet normal 0 -1 -0
    outer loop
      vertex 81.2 129.7 10.17
      vertex 77.2 129.7 2
      vertex 81.2 129.7 2
    endloop
  endfacet
  facet normal 0 0 1
    outer loop
      vertex 77.2 134.7 11.52
      vertex 76 134.7 11.52
      vertex 77.2 129.7 11.52
    endloop
  endfacet
  facet normal -0 0 1
    outer loop
      vertex 77.2 129.7 11.52
      vertex 82.2 128.5 11.52
      vertex 82.2 129.7 11.52
    endloop
  endfacet
  facet normal 0 0 1
    outer loop
      vertex 77.2 129.7 11.52
      vertex 76 128.5 11.52
      vertex 82.2 128.5 11.52
    endloop
  endfacet
  facet normal 0 0 1
    outer loop
      vertex 76 128.5 11.52
      vertex 77.2 129.7 11.52
      vertex 76 134.7 11.52
    endloop
  endfacet
  facet normal 0 1 -0
    outer loop
      vertex 82.2 129.7 2
      vertex 77.2 129.7 11.52
      vertex 82.2 129.7 11.52
    endloop
  endfacet
  facet normal 0 1 0
    outer loop
      vertex 77.2 129.7 11.52
      vertex 82.2 129.7 2
      vertex 77.2 129.7 2
    endloop
  endfacet
  facet normal 1 -0 0
    outer loop
      vertex 77.2 129.7 11.52
      vertex 77.2 134.7 2
      vertex 77.2 134.7 11.52
    endloop
  endfacet
  facet normal 1 0 0
    outer loop
      vertex 77.2 134.7 2
      vertex 77.2 129.7 11.52
      vertex 77.2 129.7 2
    endloop
  endfacet
  facet normal 0 1 -0
    outer loop
      vertex 77.2 134.7 2
      vertex 76 134.7 11.52
      vertex 77.2 134.7 11.52
    endloop
  endfacet
  facet normal 0 1 0
    outer loop
      vertex 76 134.7 11.52
      vertex 77.2 134.7 2
      vertex 76 134.7 2
    endloop
  endfacet
  facet normal -1 0 0
    outer loop
      vertex 76 128.5 2
      vertex 76 134.7 11.52
      vertex 76 134.7 2
    endloop
  endfacet
  facet normal -1 -0 0
    outer loop
      vertex 76 134.7 11.52
      vertex 76 128.5 2
      vertex 76 128.5 11.52
    endloop
  endfacet
  facet normal 0 -1 0
    outer loop
      vertex 76 128.5 2
      vertex 82.2 128.5 11.52
      vertex 76 128.5 11.52
    endloop
  endfacet
  facet normal 0 -1 -0
    outer loop
      vertex 82.2 128.5 11.52
      vertex 76 128.5 2
      vertex 82.2 128.5 2
    endloop
  endfacet
  facet normal 1 -0 0
    outer loop
      vertex 82.2 128.5 11.52
      vertex 82.2 129.7 2
      vertex 82.2 129.7 11.52
    endloop
  endfacet
  facet normal 1 0 0
    outer loop
      vertex 82.2 129.7 2
      vertex 82.2 128.5 11.52
      vertex 82.2 128.5 2
    endloop
  endfacet
  facet normal 1 -0 0
    outer loop
      vertex 81.2 158.3 10.17
      vertex 81.2 162.3 2
      vertex 81.2 162.3 10.17
    endloop
  endfacet
  facet normal 1 0 0
    outer loop
      vertex 81.2 162.3 2
      vertex 81.2 158.3 10.17
      vertex 81.2 158.3 2
    endloop
  endfacet
  facet normal -0 0 1
    outer loop
      vertex 77.2 162.3 10.17
      vertex 81.2 158.3 10.17
      vertex 81.2 162.3 10.17
    endloop
  endfacet
  facet normal 0 0 1
    outer loop
      vertex 81.2 158.3 10.17
      vertex 77.2 162.3 10.17
      vertex 77.2 158.3 10.17
    endloop
  endfacet
  facet normal -1 0 0
    outer loop
      vertex 77.2 158.3 2
      vertex 77.2 162.3 10.17
      vertex 77.2 162.3 2
    endloop
  endfacet
  facet normal -1 -0 0
    outer loop
      vertex 77.2 162.3 10.17
      vertex 77.2 158.3 2
      vertex 77.2 158.3 10.17
    endloop
  endfacet
  facet normal 0 -1 0
    outer loop
      vertex 77.2 158.3 2
      vertex 81.2 158.3 10.17
      vertex 77.2 158.3 10.17
    endloop
  endfacet
  facet normal 0 -1 -0
    outer loop
      vertex 81.2 158.3 10.17
      vertex 77.2 158.3 2
      vertex 81.2 158.3 2
    endloop
  endfacet
  facet normal 0 0 1
    outer loop
      vertex 82.2 162.4 11.52
      vertex 77.2 162.3 11.52
      vertex 82.2 162.3 11.52
    endloop
  endfacet
  facet normal -0 0 1
    outer loop
      vertex 76 162.4 11.52
      vertex 77.2 162.3 11.52
      vertex 82.2 162.4 11.52
    endloop
  endfacet
  facet normal 0 0 1
    outer loop
      vertex 76 157.3 11.52
      vertex 77.2 162.3 11.52
      vertex 76 162.4 11.52
    endloop
  endfacet
  facet normal 0 0 1
    outer loop
      vertex 77.2 162.3 11.52
      vertex 76 157.3 11.52
      vertex 77.2 157.3 11.52
    endloop
  endfacet
  facet normal 0 -1 0
    outer loop
      vertex 76 157.3 2
      vertex 77.2 157.3 11.52
      vertex 76 157.3 11.52
    endloop
  endfacet
  facet normal 0 -1 -0
    outer loop
      vertex 77.2 157.3 11.52
      vertex 76 157.3 2
      vertex 77.2 157.3 2
    endloop
  endfacet
  facet normal 1 -0 0
    outer loop
      vertex 77.2 157.3 11.52
      vertex 77.2 162.3 2
      vertex 77.2 162.3 11.52
    endloop
  endfacet
  facet normal 1 0 0
    outer loop
      vertex 77.2 162.3 2
      vertex 77.2 157.3 11.52
      vertex 77.2 157.3 2
    endloop
  endfacet
  facet normal 0 -1 0
    outer loop
      vertex 81.2 162.3 10.17
      vertex 77.2 162.3 11.52
      vertex 77.2 162.3 10.17
    endloop
  endfacet
  facet normal 0 -1 0
    outer loop
      vertex 77.2 162.3 11.52
      vertex 81.2 162.3 10.17
      vertex 82.2 162.3 11.52
    endloop
  endfacet
  facet normal 0 -1 0
    outer loop
      vertex 82.2 162.3 2
      vertex 81.2 162.3 10.17
      vertex 81.2 162.3 2
    endloop
  endfacet
  facet normal 0 -1 0
    outer loop
      vertex 81.2 162.3 10.17
      vertex 82.2 162.3 2
      vertex 82.2 162.3 11.52
    endloop
  endfacet
  facet normal 0 0 0
    outer loop
      vertex 77.2 162.3 11.52
      vertex 77.2 162.3 2
      vertex 77.2 162.3 10.17
    endloop
  endfacet
  facet normal 1 -0 0
    outer loop
      vertex 82.2 162.3 11.52
      vertex 82.2 162.4 2
      vertex 82.2 162.4 11.52
    endloop
  endfacet
  facet normal 1 0 0
    outer loop
      vertex 82.2 162.4 2
      vertex 82.2 162.3 11.52
      vertex 82.2 162.3 2
    endloop
  endfacet
  facet normal -1 0 0
    outer loop
      vertex 76 157.3 2
      vertex 76 162.4 11.52
      vertex 76 162.4 2
    endloop
  endfacet
  facet normal -1 -0 0
    outer loop
      vertex 76 162.4 11.52
      vertex 76 157.3 2
      vertex 76 157.3 11.52
    endloop
  endfacet
  facet normal -0 0 1
    outer loop
      vertex 118.8 133.7 10.17
      vertex 122.8 129.7 10.17
      vertex 122.8 133.7 10.17
    endloop
  endfacet
  facet normal 0 0 1
    outer loop
      vertex 122.8 129.7 10.17
      vertex 118.8 133.7 10.17
      vertex 118.8 129.7 10.17
    endloop
  endfacet
  facet normal -1 0 0
    outer loop
      vertex 118.8 129.7 2
      vertex 118.8 133.7 10.17
      vertex 118.8 133.7 2
    endloop
  endfacet
  facet normal -1 -0 0
    outer loop
      vertex 118.8 133.7 10.17
      vertex 118.8 129.7 2
      vertex 118.8 129.7 10.17
    endloop
  endfacet
  facet normal 0 1 -0
    outer loop
      vertex 122.8 133.7 2
      vertex 118.8 133.7 10.17
      vertex 122.8 133.7 10.17
    endloop
  endfacet
  facet normal 0 1 0
    outer loop
      vertex 118.8 133.7 10.17
      vertex 122.8 133.7 2
      vertex 118.8 133.7 2
    endloop
  endfacet
  facet normal 0 -1 0
    outer loop
      vertex 118.8 129.7 2
      vertex 122.8 129.7 10.17
      vertex 118.8 129.7 10.17
    endloop
  endfacet
  facet normal 0 -1 -0
    outer loop
      vertex 122.8 129.7 10.17
      vertex 118.8 129.7 2
      vertex 122.8 129.7 2
    endloop
  endfacet
  facet normal 0 0 1
    outer loop
      vertex 122.8 129.7 11.52
      vertex 124 134.7 11.52
      vertex 122.8 134.7 11.52
    endloop
  endfacet
  facet normal 0 0 1
    outer loop
      vertex 124 134.7 11.52
      vertex 122.8 129.7 11.52
      vertex 124 128.5 11.52
    endloop
  endfacet
  facet normal 0 0 1
    outer loop
      vertex 117.8 128.5 11.52
      vertex 122.8 129.7 11.52
      vertex 117.8 129.7 11.52
    endloop
  endfacet
  facet normal 0 0 1
    outer loop
      vertex 122.8 129.7 11.52
      vertex 117.8 128.5 11.52
      vertex 124 128.5 11.52
    endloop
  endfacet
  facet normal -1 0 0
    outer loop
      vertex 122.8 133.7 10.17
      vertex 122.8 134.7 2
      vertex 122.8 133.7 2
    endloop
  endfacet
  facet normal -1 0 0
    outer loop
      vertex 122.8 134.7 2
      vertex 122.8 133.7 10.17
      vertex 122.8 134.7 11.52
    endloop
  endfacet
  facet normal -1 0 0
    outer loop
      vertex 122.8 129.7 11.52
      vertex 122.8 133.7 10.17
      vertex 122.8 129.7 10.17
    endloop
  endfacet
  facet normal -1 0 0
    outer loop
      vertex 122.8 133.7 10.17
      vertex 122.8 129.7 11.52
      vertex 122.8 134.7 11.52
    endloop
  endfacet
  facet normal 0 0 0
    outer loop
      vertex 122.8 129.7 11.52
      vertex 122.8 129.7 10.17
      vertex 122.8 129.7 2
    endloop
  endfacet
  facet normal 0 1 -0
    outer loop
      vertex 122.8 129.7 2
      vertex 117.8 129.7 11.52
      vertex 122.8 129.7 11.52
    endloop
  endfacet
  facet normal 0 1 0
    outer loop
      vertex 117.8 129.7 11.52
      vertex 122.8 129.7 2
      vertex 117.8 129.7 2
    endloop
  endfacet
  facet normal -1 0 0
    outer loop
      vertex 117.8 128.5 2
      vertex 117.8 129.7 11.52
      vertex 117.8 129.7 2
    endloop
  endfacet
  facet normal -1 -0 0
    outer loop
      vertex 117.8 129.7 11.52
      vertex 117.8 128.5 2
      vertex 117.8 128.5 11.52
    endloop
  endfacet
  facet normal 0 -1 0
    outer loop
      vertex 117.8 128.5 2
      vertex 124 128.5 11.52
      vertex 117.8 128.5 11.52
    endloop
  endfacet
  facet normal 0 -1 -0
    outer loop
      vertex 124 128.5 11.52
      vertex 117.8 128.5 2
      vertex 124 128.5 2
    endloop
  endfacet
  facet normal 1 -0 0
    outer loop
      vertex 124 128.5 11.52
      vertex 124 134.7 2
      vertex 124 134.7 11.52
    endloop
  endfacet
  facet normal 1 0 0
    outer loop
      vertex 124 134.7 2
      vertex 124 128.5 11.52
      vertex 124 128.5 2
    endloop
  endfacet
  facet normal 0 1 -0
    outer loop
      vertex 124 134.7 2
      vertex 122.8 134.7 11.52
      vertex 124 134.7 11.52
    endloop
  endfacet
  facet normal 0 1 0
    outer loop
      vertex 122.8 134.7 11.52
      vertex 124 134.7 2
      vertex 122.8 134.7 2
    endloop
  endfacet
  facet normal -0 0 1
    outer loop
      vertex 118.8 162.3 10.17
      vertex 122.8 158.3 10.17
      vertex 122.8 162.3 10.17
    endloop
  endfacet
  facet normal 0 0 1
    outer loop
      vertex 122.8 158.3 10.17
      vertex 118.8 162.3 10.17
      vertex 118.8 158.3 10.17
    endloop
  endfacet
  facet normal -1 0 0
    outer loop
      vertex 118.8 158.3 2
      vertex 118.8 162.3 10.17
      vertex 118.8 162.3 2
    endloop
  endfacet
  facet normal -1 -0 0
    outer loop
      vertex 118.8 162.3 10.17
      vertex 118.8 158.3 2
      vertex 118.8 158.3 10.17
    endloop
  endfacet
  facet normal 0 -1 0
    outer loop
      vertex 118.8 158.3 2
      vertex 122.8 158.3 10.17
      vertex 118.8 158.3 10.17
    endloop
  endfacet
  facet normal 0 -1 -0
    outer loop
      vertex 122.8 158.3 10.17
      vertex 118.8 158.3 2
      vertex 122.8 158.3 2
    endloop
  endfacet
  facet normal 0 0 1
    outer loop
      vertex 124 162.4 11.52
      vertex 122.8 162.3 11.52
      vertex 124 157.3 11.52
    endloop
  endfacet
  facet normal -0 0 1
    outer loop
      vertex 117.8 162.4 11.52
      vertex 122.8 162.3 11.52
      vertex 124 162.4 11.52
    endloop
  endfacet
  facet normal 0 0 1
    outer loop
      vertex 122.8 162.3 11.52
      vertex 117.8 162.4 11.52
      vertex 117.8 162.3 11.52
    endloop
  endfacet
  facet normal 0 0 1
    outer loop
      vertex 124 157.3 11.52
      vertex 122.8 162.3 11.52
      vertex 122.8 157.3 11.52
    endloop
  endfacet
  facet normal -1 0 0
    outer loop
      vertex 117.8 162.3 2
      vertex 117.8 162.4 11.52
      vertex 117.8 162.4 2
    endloop
  endfacet
  facet normal -1 -0 0
    outer loop
      vertex 117.8 162.4 11.52
      vertex 117.8 162.3 2
      vertex 117.8 162.3 11.52
    endloop
  endfacet
  facet normal 0 -1 0
    outer loop
      vertex 117.8 162.3 11.52
      vertex 118.8 162.3 10.17
      vertex 122.8 162.3 11.52
    endloop
  endfacet
  facet normal 0 -1 0
    outer loop
      vertex 117.8 162.3 2
      vertex 118.8 162.3 10.17
      vertex 117.8 162.3 11.52
    endloop
  endfacet
  facet normal 0 -1 -0
    outer loop
      vertex 118.8 162.3 10.17
      vertex 117.8 162.3 2
      vertex 118.8 162.3 2
    endloop
  endfacet
  facet normal 0 -1 -0
    outer loop
      vertex 122.8 162.3 11.52
      vertex 118.8 162.3 10.17
      vertex 122.8 162.3 10.17
    endloop
  endfacet
  facet normal -1 0 0
    outer loop
      vertex 122.8 158.3 2
      vertex 122.8 157.3 2
      vertex 122.8 158.3 10.17
    endloop
  endfacet
  facet normal -1 0 0
    outer loop
      vertex 122.8 158.3 10.17
      vertex 122.8 162.3 11.52
      vertex 122.8 162.3 10.17
    endloop
  endfacet
  facet normal -1 0 0
    outer loop
      vertex 122.8 158.3 10.17
      vertex 122.8 157.3 11.52
      vertex 122.8 162.3 11.52
    endloop
  endfacet
  facet normal -1 0 0
    outer loop
      vertex 122.8 157.3 11.52
      vertex 122.8 158.3 10.17
      vertex 122.8 157.3 2
    endloop
  endfacet
  facet normal 0 -1 0
    outer loop
      vertex 122.8 157.3 2
      vertex 124 157.3 11.52
      vertex 122.8 157.3 11.52
    endloop
  endfacet
  facet normal 0 -1 -0
    outer loop
      vertex 124 157.3 11.52
      vertex 122.8 157.3 2
      vertex 124 157.3 2
    endloop
  endfacet
  facet normal 1 -0 0
    outer loop
      vertex 124 157.3 11.52
      vertex 124 162.4 2
      vertex 124 162.4 11.52
    endloop
  endfacet
  facet normal 1 0 0
    outer loop
      vertex 124 162.4 2
      vertex 124 157.3 11.52
      vertex 124 157.3 2
    endloop
  endfacet
  facet normal 0 1 -0
    outer loop
      vertex 82.2 162.4 2
      vertex 76 162.4 11.52
      vertex 82.2 162.4 11.52
    endloop
  endfacet
  facet normal 0 1 0
    outer loop
      vertex 76 162.4 11.52
      vertex 82.2 162.4 2
      vertex 76 162.4 2
    endloop
  endfacet
  facet normal 0 1 -0
    outer loop
      vertex 124 162.4 2
      vertex 117.8 162.4 11.52
      vertex 124 162.4 11.52
    endloop
  endfacet
  facet normal 0 1 0
    outer loop
      vertex 117.8 162.4 11.52
      vertex 124 162.4 2
      vertex 117.8 162.4 2
    endloop
  endfacet
  facet normal 0.049036 -0.998797 0
    outer loop
      vertex 192 1.35 0
      vertex 192.652 1.38201 2
      vertex 192 1.35 2
    endloop
  endfacet
  facet normal 0.049036 -0.998797 0
    outer loop
      vertex 192.652 1.38201 2
      vertex 192 1.35 0
      vertex 192.652 1.38201 0
    endloop
  endfacet
  facet normal 0.904018 0.427493 0
    outer loop
      vertex 198.144 159.545 2
      vertex 197.865 160.135 0
      vertex 197.865 160.135 2
    endloop
  endfacet
  facet normal 0.904018 0.427493 0
    outer loop
      vertex 197.865 160.135 0
      vertex 198.144 159.545 2
      vertex 198.144 159.545 0
    endloop
  endfacet
  facet normal -0.514099 -0.857731 0
    outer loop
      vertex 4.30544 2.47073 0
      vertex 4.86521 2.13522 2
      vertex 4.30544 2.47073 2
    endloop
  endfacet
  facet normal -0.514099 -0.857731 -0
    outer loop
      vertex 4.86521 2.13522 2
      vertex 4.30544 2.47073 0
      vertex 4.86521 2.13522 0
    endloop
  endfacet
  facet normal -0.049035 0.998797 0
    outer loop
      vertex 7.99999 163.65 0
      vertex 7.34818 163.618 2
      vertex 7.99999 163.65 2
    endloop
  endfacet
  facet normal -0.049035 0.998797 0
    outer loop
      vertex 7.34818 163.618 2
      vertex 7.99999 163.65 0
      vertex 7.34818 163.618 0
    endloop
  endfacet
  facet normal -1 0 0
    outer loop
      vertex 1.35 7.99999 0
      vertex 1.35 157 2
      vertex 1.35 157 0
    endloop
  endfacet
  facet normal -1 -0 0
    outer loop
      vertex 1.35 157 2
      vertex 1.35 7.99999 0
      vertex 1.35 7.99999 2
    endloop
  endfacet
  facet normal 0.427493 0.904018 -0
    outer loop
      vertex 195.135 162.865 0
      vertex 194.545 163.144 2
      vertex 195.135 162.865 2
    endloop
  endfacet
  facet normal 0.427493 0.904018 0
    outer loop
      vertex 194.545 163.144 2
      vertex 195.135 162.865 0
      vertex 194.545 163.144 0
    endloop
  endfacet
  facet normal -0.998796 -0.0490503 0
    outer loop
      vertex 1.38201 7.34818 0
      vertex 1.35 7.99999 2
      vertex 1.35 7.99999 0
    endloop
  endfacet
  facet normal -0.998796 -0.0490503 0
    outer loop
      vertex 1.35 7.99999 2
      vertex 1.38201 7.34818 0
      vertex 1.38201 7.34818 2
    endloop
  endfacet
  facet normal 0.595823 -0.803116 0
    outer loop
      vertex 195.695 2.47073 0
      vertex 196.219 2.85948 2
      vertex 195.695 2.47073 2
    endloop
  endfacet
  facet normal 0.595823 -0.803116 0
    outer loop
      vertex 196.219 2.85948 2
      vertex 195.695 2.47073 0
      vertex 196.219 2.85948 0
    endloop
  endfacet
  facet normal -0.672193 0.740376 0
    outer loop
      vertex 3.78127 162.141 0
      vertex 3.29774 161.702 2
      vertex 3.78127 162.141 2
    endloop
  endfacet
  facet normal -0.672193 0.740376 0
    outer loop
      vertex 3.29774 161.702 2
      vertex 3.78127 162.141 0
      vertex 3.29774 161.702 0
    endloop
  endfacet
  facet normal 0 -1 0
    outer loop
      vertex 7.99999 1.35 0
      vertex 192 1.35 2
      vertex 7.99999 1.35 2
    endloop
  endfacet
  facet normal 0 -1 -0
    outer loop
      vertex 192 1.35 2
      vertex 7.99999 1.35 0
      vertex 192 1.35 0
    endloop
  endfacet
  facet normal 0.904002 -0.427529 0
    outer loop
      vertex 197.865 4.86521 2
      vertex 198.144 5.45515 0
      vertex 198.144 5.45515 2
    endloop
  endfacet
  facet normal 0.904002 -0.427529 0
    outer loop
      vertex 198.144 5.45515 0
      vertex 197.865 4.86521 2
      vertex 197.865 4.86521 0
    endloop
  endfacet
  facet normal -0.595698 -0.803208 0
    outer loop
      vertex 3.78127 2.85948 0
      vertex 4.30544 2.47073 2
      vertex 3.78127 2.85948 2
    endloop
  endfacet
  facet normal -0.595698 -0.803208 -0
    outer loop
      vertex 4.30544 2.47073 2
      vertex 3.78127 2.85948 0
      vertex 4.30544 2.47073 0
    endloop
  endfacet
  facet normal 0 1 -0
    outer loop
      vertex 192 163.65 0
      vertex 7.99999 163.65 2
      vertex 192 163.65 2
    endloop
  endfacet
  facet normal 0 1 0
    outer loop
      vertex 7.99999 163.65 2
      vertex 192 163.65 0
      vertex 7.99999 163.65 0
    endloop
  endfacet
  facet normal -0.147097 0.989122 0
    outer loop
      vertex 7.34818 163.618 0
      vertex 6.70265 163.522 2
      vertex 7.34818 163.618 2
    endloop
  endfacet
  facet normal -0.147097 0.989122 0
    outer loop
      vertex 6.70265 163.522 2
      vertex 7.34818 163.618 0
      vertex 6.70265 163.522 0
    endloop
  endfacet
  facet normal -0.427567 -0.903984 0
    outer loop
      vertex 4.86521 2.13522 0
      vertex 5.45515 1.85619 2
      vertex 4.86521 2.13522 2
    endloop
  endfacet
  facet normal -0.427567 -0.903984 -0
    outer loop
      vertex 5.45515 1.85619 2
      vertex 4.86521 2.13522 0
      vertex 5.45515 1.85619 0
    endloop
  endfacet
  facet normal -0.242157 0.970237 0
    outer loop
      vertex 6.70265 163.522 0
      vertex 6.0696 163.364 2
      vertex 6.70265 163.522 2
    endloop
  endfacet
  facet normal -0.242157 0.970237 0
    outer loop
      vertex 6.0696 163.364 2
      vertex 6.70265 163.522 0
      vertex 6.0696 163.364 0
    endloop
  endfacet
  facet normal -0.594956 0.803758 0
    outer loop
      vertex 4.30544 162.529 0
      vertex 3.78127 162.141 2
      vertex 4.30544 162.529 2
    endloop
  endfacet
  facet normal -0.594956 0.803758 0
    outer loop
      vertex 3.78127 162.141 2
      vertex 4.30544 162.529 0
      vertex 3.78127 162.141 0
    endloop
  endfacet
  facet normal 0.147216 0.989104 -0
    outer loop
      vertex 193.297 163.522 0
      vertex 192.652 163.618 2
      vertex 193.297 163.522 2
    endloop
  endfacet
  facet normal 0.147216 0.989104 0
    outer loop
      vertex 192.652 163.618 2
      vertex 193.297 163.522 0
      vertex 192.652 163.618 0
    endloop
  endfacet
  facet normal 1 -0 0
    outer loop
      vertex 198.65 7.99999 2
      vertex 198.65 157 0
      vertex 198.65 157 2
    endloop
  endfacet
  facet normal 1 0 0
    outer loop
      vertex 198.65 157 0
      vertex 198.65 7.99999 2
      vertex 198.65 7.99999 0
    endloop
  endfacet
  facet normal 0.336604 -0.941646 0
    outer loop
      vertex 193.93 1.63635 0
      vertex 194.545 1.85619 2
      vertex 193.93 1.63635 2
    endloop
  endfacet
  facet normal 0.336604 -0.941646 0
    outer loop
      vertex 194.545 1.85619 2
      vertex 193.93 1.63635 0
      vertex 194.545 1.85619 0
    endloop
  endfacet
  facet normal -0.941646 0.336604 0
    outer loop
      vertex 1.63635 158.93 0
      vertex 1.85619 159.545 2
      vertex 1.85619 159.545 0
    endloop
  endfacet
  facet normal -0.941646 0.336604 0
    outer loop
      vertex 1.85619 159.545 2
      vertex 1.63635 158.93 0
      vertex 1.63635 158.93 2
    endloop
  endfacet
  facet normal -0.671571 -0.74094 0
    outer loop
      vertex 3.29774 3.29774 0
      vertex 3.78127 2.85948 2
      vertex 3.29774 3.29774 2
    endloop
  endfacet
  facet normal -0.671571 -0.74094 -0
    outer loop
      vertex 3.78127 2.85948 2
      vertex 3.29774 3.29774 0
      vertex 3.78127 2.85948 0
    endloop
  endfacet
  facet normal -0.941551 -0.336871 0
    outer loop
      vertex 1.85619 5.45515 0
      vertex 1.63635 6.0696 2
      vertex 1.63635 6.0696 0
    endloop
  endfacet
  facet normal -0.941551 -0.336871 0
    outer loop
      vertex 1.63635 6.0696 2
      vertex 1.85619 5.45515 0
      vertex 1.85619 5.45515 2
    endloop
  endfacet
  facet normal -0.970032 -0.242979 0
    outer loop
      vertex 1.63635 6.0696 0
      vertex 1.47778 6.70265 2
      vertex 1.47778 6.70265 0
    endloop
  endfacet
  facet normal -0.970032 -0.242979 0
    outer loop
      vertex 1.47778 6.70265 2
      vertex 1.63635 6.0696 0
      vertex 1.63635 6.0696 2
    endloop
  endfacet
  facet normal 0.336821 0.941569 -0
    outer loop
      vertex 194.545 163.144 0
      vertex 193.93 163.364 2
      vertex 194.545 163.144 2
    endloop
  endfacet
  facet normal 0.336821 0.941569 0
    outer loop
      vertex 193.93 163.364 2
      vertex 194.545 163.144 0
      vertex 193.93 163.364 0
    endloop
  endfacet
  facet normal 0.595081 0.803666 -0
    outer loop
      vertex 196.219 162.141 0
      vertex 195.695 162.529 2
      vertex 196.219 162.141 2
    endloop
  endfacet
  facet normal 0.595081 0.803666 0
    outer loop
      vertex 195.695 162.529 2
      vertex 196.219 162.141 0
      vertex 195.695 162.529 0
    endloop
  endfacet
  facet normal -0.242979 -0.970032 0
    outer loop
      vertex 6.0696 1.63635 0
      vertex 6.70265 1.47778 2
      vertex 6.0696 1.63635 2
    endloop
  endfacet
  facet normal -0.242979 -0.970032 -0
    outer loop
      vertex 6.70265 1.47778 2
      vertex 6.0696 1.63635 0
      vertex 6.70265 1.47778 0
    endloop
  endfacet
  facet normal -0.989156 0.14687 0
    outer loop
      vertex 1.38201 157.652 0
      vertex 1.47778 158.297 2
      vertex 1.47778 158.297 0
    endloop
  endfacet
  facet normal -0.989156 0.14687 0
    outer loop
      vertex 1.47778 158.297 2
      vertex 1.38201 157.652 0
      vertex 1.38201 157.652 2
    endloop
  endfacet
  facet normal -0.336871 -0.941551 0
    outer loop
      vertex 5.45515 1.85619 0
      vertex 6.0696 1.63635 2
      vertex 5.45515 1.85619 2
    endloop
  endfacet
  facet normal -0.336871 -0.941551 -0
    outer loop
      vertex 6.0696 1.63635 2
      vertex 5.45515 1.85619 0
      vertex 6.0696 1.63635 0
    endloop
  endfacet
  facet normal -0.146752 -0.989173 0
    outer loop
      vertex 6.70265 1.47778 0
      vertex 7.34818 1.38201 2
      vertex 6.70265 1.47778 2
    endloop
  endfacet
  facet normal -0.146752 -0.989173 -0
    outer loop
      vertex 7.34818 1.38201 2
      vertex 6.70265 1.47778 0
      vertex 7.34818 1.38201 0
    endloop
  endfacet
  facet normal -0.998797 0.049036 0
    outer loop
      vertex 1.35 157 0
      vertex 1.38201 157.652 2
      vertex 1.38201 157.652 0
    endloop
  endfacet
  facet normal -0.998797 0.049036 0
    outer loop
      vertex 1.38201 157.652 2
      vertex 1.35 157 0
      vertex 1.35 157 2
    endloop
  endfacet
  facet normal -0.0490503 -0.998796 0
    outer loop
      vertex 7.34818 1.38201 0
      vertex 7.99999 1.35 2
      vertex 7.34818 1.38201 2
    endloop
  endfacet
  facet normal -0.0490503 -0.998796 -0
    outer loop
      vertex 7.99999 1.35 2
      vertex 7.34818 1.38201 0
      vertex 7.99999 1.35 0
    endloop
  endfacet
  facet normal 0.857493 0.514496 0
    outer loop
      vertex 197.865 160.135 2
      vertex 197.529 160.695 0
      vertex 197.529 160.695 2
    endloop
  endfacet
  facet normal 0.857493 0.514496 0
    outer loop
      vertex 197.529 160.695 0
      vertex 197.865 160.135 2
      vertex 197.865 160.135 0
    endloop
  endfacet
  facet normal -0.970027 0.242997 0
    outer loop
      vertex 1.47778 158.297 0
      vertex 1.63635 158.93 2
      vertex 1.63635 158.93 0
    endloop
  endfacet
  facet normal -0.970027 0.242997 0
    outer loop
      vertex 1.63635 158.93 2
      vertex 1.47778 158.297 0
      vertex 1.47778 158.297 2
    endloop
  endfacet
  facet normal -0.803208 -0.595698 0
    outer loop
      vertex 2.85948 3.78127 0
      vertex 2.47073 4.30544 2
      vertex 2.47073 4.30544 0
    endloop
  endfacet
  facet normal -0.803208 -0.595698 0
    outer loop
      vertex 2.47073 4.30544 2
      vertex 2.85948 3.78127 0
      vertex 2.85948 3.78127 2
    endloop
  endfacet
  facet normal 0.803758 -0.594956 0
    outer loop
      vertex 197.141 3.78127 2
      vertex 197.529 4.30544 0
      vertex 197.529 4.30544 2
    endloop
  endfacet
  facet normal 0.803758 -0.594956 0
    outer loop
      vertex 197.529 4.30544 0
      vertex 197.141 3.78127 2
      vertex 197.141 3.78127 0
    endloop
  endfacet
  facet normal 0.514496 0.857493 -0
    outer loop
      vertex 195.695 162.529 0
      vertex 195.135 162.865 2
      vertex 195.695 162.529 2
    endloop
  endfacet
  facet normal 0.514496 0.857493 0
    outer loop
      vertex 195.135 162.865 2
      vertex 195.695 162.529 0
      vertex 195.135 162.865 0
    endloop
  endfacet
  facet normal 0.970237 -0.242157 0
    outer loop
      vertex 198.364 6.0696 2
      vertex 198.522 6.70265 0
      vertex 198.522 6.70265 2
    endloop
  endfacet
  facet normal 0.970237 -0.242157 0
    outer loop
      vertex 198.522 6.70265 0
      vertex 198.364 6.0696 2
      vertex 198.364 6.0696 0
    endloop
  endfacet
  facet normal 0.672597 0.740009 -0
    outer loop
      vertex 196.702 161.702 0
      vertex 196.219 162.141 2
      vertex 196.702 161.702 2
    endloop
  endfacet
  facet normal 0.672597 0.740009 0
    outer loop
      vertex 196.219 162.141 2
      vertex 196.702 161.702 0
      vertex 196.219 162.141 0
    endloop
  endfacet
  facet normal -0.857824 0.513944 0
    outer loop
      vertex 2.13522 160.135 0
      vertex 2.47073 160.695 2
      vertex 2.47073 160.695 0
    endloop
  endfacet
  facet normal -0.857824 0.513944 0
    outer loop
      vertex 2.47073 160.695 2
      vertex 2.13522 160.135 0
      vertex 2.13522 160.135 2
    endloop
  endfacet
  facet normal -0.337089 0.941473 0
    outer loop
      vertex 6.0696 163.364 0
      vertex 5.45515 163.144 2
      vertex 6.0696 163.364 2
    endloop
  endfacet
  facet normal -0.337089 0.941473 0
    outer loop
      vertex 5.45515 163.144 2
      vertex 6.0696 163.364 0
      vertex 5.45515 163.144 0
    endloop
  endfacet
  facet normal 0.740009 0.672597 0
    outer loop
      vertex 197.141 161.219 2
      vertex 196.702 161.702 0
      vertex 196.702 161.702 2
    endloop
  endfacet
  facet normal 0.740009 0.672597 0
    outer loop
      vertex 196.702 161.702 0
      vertex 197.141 161.219 2
      vertex 197.141 161.219 0
    endloop
  endfacet
  facet normal 0.242175 0.970233 -0
    outer loop
      vertex 193.93 163.364 0
      vertex 193.297 163.522 2
      vertex 193.93 163.364 2
    endloop
  endfacet
  facet normal 0.242175 0.970233 0
    outer loop
      vertex 193.297 163.522 2
      vertex 193.93 163.364 0
      vertex 193.297 163.522 0
    endloop
  endfacet
  facet normal 0.998798 0.0490207 0
    outer loop
      vertex 198.65 157 2
      vertex 198.618 157.652 0
      vertex 198.618 157.652 2
    endloop
  endfacet
  facet normal 0.998798 0.0490207 0
    outer loop
      vertex 198.618 157.652 0
      vertex 198.65 157 2
      vertex 198.65 157 0
    endloop
  endfacet
  facet normal 0.998797 -0.049035 0
    outer loop
      vertex 198.618 7.34818 2
      vertex 198.65 7.99999 0
      vertex 198.65 7.99999 2
    endloop
  endfacet
  facet normal 0.998797 -0.049035 0
    outer loop
      vertex 198.65 7.99999 0
      vertex 198.618 7.34818 2
      vertex 198.618 7.34818 0
    endloop
  endfacet
  facet normal 0.0490207 0.998798 -0
    outer loop
      vertex 192.652 163.618 0
      vertex 192 163.65 2
      vertex 192.652 163.618 2
    endloop
  endfacet
  facet normal 0.0490207 0.998798 0
    outer loop
      vertex 192 163.65 2
      vertex 192.652 163.618 0
      vertex 192 163.65 0
    endloop
  endfacet
  facet normal 0.970233 0.242175 0
    outer loop
      vertex 198.522 158.297 2
      vertex 198.364 158.93 0
      vertex 198.364 158.93 2
    endloop
  endfacet
  facet normal 0.970233 0.242175 0
    outer loop
      vertex 198.364 158.93 0
      vertex 198.522 158.297 2
      vertex 198.522 158.297 0
    endloop
  endfacet
  facet normal 0.427531 -0.904001 0
    outer loop
      vertex 194.545 1.85619 0
      vertex 195.135 2.13522 2
      vertex 194.545 1.85619 2
    endloop
  endfacet
  facet normal 0.427531 -0.904001 0
    outer loop
      vertex 195.135 2.13522 2
      vertex 194.545 1.85619 0
      vertex 195.135 2.13522 0
    endloop
  endfacet
  facet normal -0.427529 0.904002 0
    outer loop
      vertex 5.45515 163.144 0
      vertex 4.86521 162.865 2
      vertex 5.45515 163.144 2
    endloop
  endfacet
  facet normal -0.427529 0.904002 0
    outer loop
      vertex 4.86521 162.865 2
      vertex 5.45515 163.144 0
      vertex 4.86521 162.865 0
    endloop
  endfacet
  facet normal 0.14687 -0.989156 0
    outer loop
      vertex 192.652 1.38201 0
      vertex 193.297 1.47778 2
      vertex 192.652 1.38201 2
    endloop
  endfacet
  facet normal 0.14687 -0.989156 0
    outer loop
      vertex 193.297 1.47778 2
      vertex 192.652 1.38201 0
      vertex 193.297 1.47778 0
    endloop
  endfacet
  facet normal -0.989173 -0.146752 0
    outer loop
      vertex 1.47778 6.70265 0
      vertex 1.38201 7.34818 2
      vertex 1.38201 7.34818 0
    endloop
  endfacet
  facet normal -0.989173 -0.146752 0
    outer loop
      vertex 1.38201 7.34818 2
      vertex 1.47778 6.70265 0
      vertex 1.47778 6.70265 2
    endloop
  endfacet
  facet normal -0.857731 -0.514099 0
    outer loop
      vertex 2.47073 4.30544 0
      vertex 2.13522 4.86521 2
      vertex 2.13522 4.86521 0
    endloop
  endfacet
  facet normal -0.857731 -0.514099 0
    outer loop
      vertex 2.13522 4.86521 2
      vertex 2.47073 4.30544 0
      vertex 2.47073 4.30544 2
    endloop
  endfacet
  facet normal -0.903984 -0.427567 0
    outer loop
      vertex 2.13522 4.86521 0
      vertex 1.85619 5.45515 2
      vertex 1.85619 5.45515 0
    endloop
  endfacet
  facet normal -0.903984 -0.427567 0
    outer loop
      vertex 1.85619 5.45515 2
      vertex 2.13522 4.86521 0
      vertex 2.13522 4.86521 2
    endloop
  endfacet
  facet normal -0.904001 0.427531 0
    outer loop
      vertex 1.85619 159.545 0
      vertex 2.13522 160.135 2
      vertex 2.13522 160.135 0
    endloop
  endfacet
  facet normal -0.904001 0.427531 0
    outer loop
      vertex 2.13522 160.135 2
      vertex 1.85619 159.545 0
      vertex 1.85619 159.545 2
    endloop
  endfacet
  facet normal -0.803116 0.595823 0
    outer loop
      vertex 2.47073 160.695 0
      vertex 2.85948 161.219 2
      vertex 2.85948 161.219 0
    endloop
  endfacet
  facet normal -0.803116 0.595823 0
    outer loop
      vertex 2.85948 161.219 2
      vertex 2.47073 160.695 0
      vertex 2.47073 160.695 2
    endloop
  endfacet
  facet normal 0.803666 0.595081 0
    outer loop
      vertex 197.529 160.695 2
      vertex 197.141 161.219 0
      vertex 197.141 161.219 2
    endloop
  endfacet
  facet normal 0.803666 0.595081 0
    outer loop
      vertex 197.141 161.219 0
      vertex 197.529 160.695 2
      vertex 197.529 160.695 0
    endloop
  endfacet
  facet normal -0.514651 0.8574 0
    outer loop
      vertex 4.86521 162.865 0
      vertex 4.30544 162.529 2
      vertex 4.86521 162.865 2
    endloop
  endfacet
  facet normal -0.514651 0.8574 0
    outer loop
      vertex 4.30544 162.529 2
      vertex 4.86521 162.865 0
      vertex 4.30544 162.529 0
    endloop
  endfacet
  facet normal 0.941569 0.336821 0
    outer loop
      vertex 198.364 158.93 2
      vertex 198.144 159.545 0
      vertex 198.144 159.545 2
    endloop
  endfacet
  facet normal 0.941569 0.336821 0
    outer loop
      vertex 198.144 159.545 0
      vertex 198.364 158.93 2
      vertex 198.364 158.93 0
    endloop
  endfacet
  facet normal -0.740574 0.671975 0
    outer loop
      vertex 2.85948 161.219 0
      vertex 3.29774 161.702 2
      vertex 3.29774 161.702 0
    endloop
  endfacet
  facet normal -0.740574 0.671975 0
    outer loop
      vertex 3.29774 161.702 2
      vertex 2.85948 161.219 0
      vertex 2.85948 161.219 2
    endloop
  endfacet
  facet normal 0.242997 -0.970027 0
    outer loop
      vertex 193.297 1.47778 0
      vertex 193.93 1.63635 2
      vertex 193.297 1.47778 2
    endloop
  endfacet
  facet normal 0.242997 -0.970027 0
    outer loop
      vertex 193.93 1.63635 2
      vertex 193.297 1.47778 0
      vertex 193.93 1.63635 0
    endloop
  endfacet
  facet normal 0.989104 0.147216 0
    outer loop
      vertex 198.618 157.652 2
      vertex 198.522 158.297 0
      vertex 198.522 158.297 2
    endloop
  endfacet
  facet normal 0.989104 0.147216 0
    outer loop
      vertex 198.522 158.297 0
      vertex 198.618 157.652 2
      vertex 198.618 157.652 0
    endloop
  endfacet
  facet normal 0.941473 -0.337089 0
    outer loop
      vertex 198.144 5.45515 2
      vertex 198.364 6.0696 0
      vertex 198.364 6.0696 2
    endloop
  endfacet
  facet normal 0.941473 -0.337089 0
    outer loop
      vertex 198.364 6.0696 0
      vertex 198.144 5.45515 2
      vertex 198.144 5.45515 0
    endloop
  endfacet
  facet normal -0.74094 -0.671571 0
    outer loop
      vertex 3.29774 3.29774 0
      vertex 2.85948 3.78127 2
      vertex 2.85948 3.78127 0
    endloop
  endfacet
  facet normal -0.74094 -0.671571 0
    outer loop
      vertex 2.85948 3.78127 2
      vertex 3.29774 3.29774 0
      vertex 3.29774 3.29774 2
    endloop
  endfacet
  facet normal 0 0 1
    outer loop
      vertex 46.4115 126.089 2
      vertex 12.0612 151.145 2
      vertex 46.3221 125.732 2
    endloop
  endfacet
  facet normal 0 0 1
    outer loop
      vertex 53.5 81.5 2
      vertex 14.9187 9.08711 2
      vertex 14.95 8.45 2
    endloop
  endfacet
  facet normal -0 0 1
    outer loop
      vertex 11.5141 150.818 2
      vertex 46.3221 125.732 2
      vertex 12.0612 151.145 2
    endloop
  endfacet
  facet normal 0 0 1
    outer loop
      vertex 53.5 81.5 2
      vertex 14.8251 9.71809 2
      vertex 14.9187 9.08711 2
    endloop
  endfacet
  facet normal 0 0 1
    outer loop
      vertex 46.3221 125.732 2
      vertex 11.5141 150.818 2
      vertex 46.2681 125.368 2
    endloop
  endfacet
  facet normal 0 0 1
    outer loop
      vertex 53.5 81.5 2
      vertex 14.6701 10.3369 2
      vertex 14.8251 9.71809 2
    endloop
  endfacet
  facet normal -0 0 1
    outer loop
      vertex 10.9374 150.545 2
      vertex 46.2681 125.368 2
      vertex 11.5141 150.818 2
    endloop
  endfacet
  facet normal 0 0 1
    outer loop
      vertex 53.5 81.5 2
      vertex 14.4552 10.9374 2
      vertex 14.6701 10.3369 2
    endloop
  endfacet
  facet normal 0 0 1
    outer loop
      vertex 46.2681 125.368 2
      vertex 10.9374 150.545 2
      vertex 46.25 125 2
    endloop
  endfacet
  facet normal 0 0 1
    outer loop
      vertex 53.5 81.5 2
      vertex 14.1825 11.5141 2
      vertex 14.4552 10.9374 2
    endloop
  endfacet
  facet normal -0 0 1
    outer loop
      vertex 10.3369 150.33 2
      vertex 46.25 125 2
      vertex 10.9374 150.545 2
    endloop
  endfacet
  facet normal 0 0 1
    outer loop
      vertex 53.5 81.5 2
      vertex 13.8546 12.0612 2
      vertex 14.1825 11.5141 2
    endloop
  endfacet
  facet normal 0 0 1
    outer loop
      vertex 46.25 125 2
      vertex 10.3369 150.33 2
      vertex 46.2681 124.632 2
    endloop
  endfacet
  facet normal 0 0 1
    outer loop
      vertex 53.5 81.5 2
      vertex 13.4746 12.5736 2
      vertex 13.8546 12.0612 2
    endloop
  endfacet
  facet normal -0 0 1
    outer loop
      vertex 9.71809 150.175 2
      vertex 46.2681 124.632 2
      vertex 10.3369 150.33 2
    endloop
  endfacet
  facet normal 0 0 1
    outer loop
      vertex 53.5 81.5 2
      vertex 13.0462 13.0462 2
      vertex 13.4746 12.5736 2
    endloop
  endfacet
  facet normal 0 0 1
    outer loop
      vertex 46.2681 124.632 2
      vertex 9.71809 150.175 2
      vertex 46.3221 124.268 2
    endloop
  endfacet
  facet normal 0 0 1
    outer loop
      vertex 53.5 81.5 2
      vertex 12.5736 13.4746 2
      vertex 13.0462 13.0462 2
    endloop
  endfacet
  facet normal -0 0 1
    outer loop
      vertex 9.08711 150.081 2
      vertex 46.3221 124.268 2
      vertex 9.71809 150.175 2
    endloop
  endfacet
  facet normal 0 0 1
    outer loop
      vertex 53.5 81.5 2
      vertex 12.0612 13.8546 2
      vertex 12.5736 13.4746 2
    endloop
  endfacet
  facet normal 0 0 1
    outer loop
      vertex 46.3221 124.268 2
      vertex 9.08711 150.081 2
      vertex 46.4115 123.911 2
    endloop
  endfacet
  facet normal 0 0 1
    outer loop
      vertex 53.5 81.5 2
      vertex 11.5141 14.1825 2
      vertex 12.0612 13.8546 2
    endloop
  endfacet
  facet normal -0 0 1
    outer loop
      vertex 8.45 150.05 2
      vertex 46.4115 123.911 2
      vertex 9.08711 150.081 2
    endloop
  endfacet
  facet normal 0 0 1
    outer loop
      vertex 53.5 81.5 2
      vertex 10.9374 14.4552 2
      vertex 11.5141 14.1825 2
    endloop
  endfacet
  facet normal 0 0 1
    outer loop
      vertex 46.4115 123.911 2
      vertex 8.45 150.05 2
      vertex 46.5355 123.565 2
    endloop
  endfacet
  facet normal 0 0 1
    outer loop
      vertex 53.5 81.5 2
      vertex 10.3369 14.6701 2
      vertex 10.9374 14.4552 2
    endloop
  endfacet
  facet normal 0 0 1
    outer loop
      vertex 7.81289 150.081 2
      vertex 46.5355 123.565 2
      vertex 8.45 150.05 2
    endloop
  endfacet
  facet normal 0 0 1
    outer loop
      vertex 53.5 81.5 2
      vertex 9.71809 14.8251 2
      vertex 10.3369 14.6701 2
    endloop
  endfacet
  facet normal 0 0 1
    outer loop
      vertex 46.5355 123.565 2
      vertex 7.81289 150.081 2
      vertex 46.6928 123.232 2
    endloop
  endfacet
  facet normal 0 0 1
    outer loop
      vertex 53.5 81.5 2
      vertex 9.08711 14.9187 2
      vertex 9.71809 14.8251 2
    endloop
  endfacet
  facet normal 0 0 1
    outer loop
      vertex 7.18191 150.175 2
      vertex 46.6928 123.232 2
      vertex 7.81289 150.081 2
    endloop
  endfacet
  facet normal 0 0 1
    outer loop
      vertex 53.5 81.5 2
      vertex 8.45 14.95 2
      vertex 9.08711 14.9187 2
    endloop
  endfacet
  facet normal 0 0 1
    outer loop
      vertex 46.6928 123.232 2
      vertex 7.18191 150.175 2
      vertex 53.5 81.5 2
    endloop
  endfacet
  facet normal 0 0 1
    outer loop
      vertex 53.5 81.5 2
      vertex 7.81289 14.9187 2
      vertex 8.45 14.95 2
    endloop
  endfacet
  facet normal 0 0 1
    outer loop
      vertex 6.56315 150.33 2
      vertex 53.5 81.5 2
      vertex 7.18191 150.175 2
    endloop
  endfacet
  facet normal 0 0 1
    outer loop
      vertex 53.5 81.5 2
      vertex 7.18191 14.8251 2
      vertex 7.81289 14.9187 2
    endloop
  endfacet
  facet normal 0 0 1
    outer loop
      vertex 5.96256 150.545 2
      vertex 53.5 81.5 2
      vertex 6.56315 150.33 2
    endloop
  endfacet
  facet normal 0 0 1
    outer loop
      vertex 53.5 81.5 2
      vertex 6.56315 14.6701 2
      vertex 7.18191 14.8251 2
    endloop
  endfacet
  facet normal 0 0 1
    outer loop
      vertex 5.96256 14.4552 2
      vertex 53.5 81.5 2
      vertex 5.96256 150.545 2
    endloop
  endfacet
  facet normal 0 0 1
    outer loop
      vertex 53.5 81.5 2
      vertex 5.96256 14.4552 2
      vertex 6.56315 14.6701 2
    endloop
  endfacet
  facet normal 0 0 1
    outer loop
      vertex 5.38592 150.818 2
      vertex 5.96256 14.4552 2
      vertex 5.96256 150.545 2
    endloop
  endfacet
  facet normal 0 0 1
    outer loop
      vertex 5.38592 150.818 2
      vertex 5.38592 14.1825 2
      vertex 5.96256 14.4552 2
    endloop
  endfacet
  facet normal 0 0 1
    outer loop
      vertex 4.83879 151.145 2
      vertex 5.38592 14.1825 2
      vertex 5.38592 150.818 2
    endloop
  endfacet
  facet normal 0 0 1
    outer loop
      vertex 4.83879 151.145 2
      vertex 4.83879 13.8546 2
      vertex 5.38592 14.1825 2
    endloop
  endfacet
  facet normal 0 0 1
    outer loop
      vertex 4.32644 151.525 2
      vertex 4.83879 13.8546 2
      vertex 4.83879 151.145 2
    endloop
  endfacet
  facet normal 0 0 1
    outer loop
      vertex 4.32644 151.525 2
      vertex 4.32644 13.4746 2
      vertex 4.83879 13.8546 2
    endloop
  endfacet
  facet normal 0 0 1
    outer loop
      vertex 3.85381 151.954 2
      vertex 4.32644 13.4746 2
      vertex 4.32644 151.525 2
    endloop
  endfacet
  facet normal 0 0 1
    outer loop
      vertex 3.85381 151.954 2
      vertex 3.85381 13.0462 2
      vertex 4.32644 13.4746 2
    endloop
  endfacet
  facet normal 0 0 1
    outer loop
      vertex 3.42543 152.426 2
      vertex 3.85381 13.0462 2
      vertex 3.85381 151.954 2
    endloop
  endfacet
  facet normal 0 0 1
    outer loop
      vertex 3.42543 152.426 2
      vertex 3.42543 12.5736 2
      vertex 3.85381 13.0462 2
    endloop
  endfacet
  facet normal 0 0 1
    outer loop
      vertex 3.04545 152.939 2
      vertex 3.42543 12.5736 2
      vertex 3.42543 152.426 2
    endloop
  endfacet
  facet normal 0 0 1
    outer loop
      vertex 3.04545 152.939 2
      vertex 3.04545 12.0612 2
      vertex 3.42543 12.5736 2
    endloop
  endfacet
  facet normal 0 0 1
    outer loop
      vertex 2.71751 153.486 2
      vertex 3.04545 12.0612 2
      vertex 3.04545 152.939 2
    endloop
  endfacet
  facet normal 0 0 1
    outer loop
      vertex 2.71751 153.486 2
      vertex 2.71751 11.5141 2
      vertex 3.04545 12.0612 2
    endloop
  endfacet
  facet normal 0 0 1
    outer loop
      vertex 2.6 153.734 2
      vertex 2.71751 11.5141 2
      vertex 2.71751 153.486 2
    endloop
  endfacet
  facet normal 0 0 1
    outer loop
      vertex 2.71751 11.5141 2
      vertex 2.6 153.734 2
      vertex 2.6 11.2656 2
    endloop
  endfacet
  facet normal 0 0 1
    outer loop
      vertex 52.0834 128.118 2
      vertex 51.8 132 2
      vertex 51.8 128.288 2
    endloop
  endfacet
  facet normal -0 0 1
    outer loop
      vertex 76 157.3 2
      vertex 77.2 134.7 2
      vertex 77.2 157.3 2
    endloop
  endfacet
  facet normal 0 0 1
    outer loop
      vertex 77.2 134.7 2
      vertex 76 157.3 2
      vertex 76 134.7 2
    endloop
  endfacet
  facet normal 0 0 1
    outer loop
      vertex 77.2 157.3 2
      vertex 81.2 158.3 2
      vertex 77.2 158.3 2
    endloop
  endfacet
  facet normal 0 0 1
    outer loop
      vertex 81.2 158.3 2
      vertex 77.2 157.3 2
      vertex 81.2 133.7 2
    endloop
  endfacet
  facet normal -0 0 1
    outer loop
      vertex 77.2 134.7 2
      vertex 81.2 133.7 2
      vertex 77.2 157.3 2
    endloop
  endfacet
  facet normal 0 0 1
    outer loop
      vertex 81.2 133.7 2
      vertex 77.2 134.7 2
      vertex 77.2 133.7 2
    endloop
  endfacet
  facet normal 0 0 1
    outer loop
      vertex 81.2 158.3 2
      vertex 82.2 162.3 2
      vertex 81.2 162.3 2
    endloop
  endfacet
  facet normal 0 0 1
    outer loop
      vertex 82.2 162.3 2
      vertex 81.2 158.3 2
      vertex 82.2 129.7 2
    endloop
  endfacet
  facet normal -0 0 1
    outer loop
      vertex 81.2 133.7 2
      vertex 82.2 129.7 2
      vertex 81.2 158.3 2
    endloop
  endfacet
  facet normal 0 0 1
    outer loop
      vertex 82.2 129.7 2
      vertex 81.2 133.7 2
      vertex 81.2 129.7 2
    endloop
  endfacet
  facet normal -0 0 1
    outer loop
      vertex 117.8 162.3 2
      vertex 118.8 158.3 2
      vertex 118.8 162.3 2
    endloop
  endfacet
  facet normal -0 0 1
    outer loop
      vertex 82.2 162.3 2
      vertex 118.8 158.3 2
      vertex 117.8 162.3 2
    endloop
  endfacet
  facet normal 0 0 1
    outer loop
      vertex 118.8 158.3 2
      vertex 82.2 162.3 2
      vertex 118.8 133.7 2
    endloop
  endfacet
  facet normal 0 0 1
    outer loop
      vertex 118.8 133.7 2
      vertex 117.8 129.7 2
      vertex 118.8 129.7 2
    endloop
  endfacet
  facet normal -0 0 1
    outer loop
      vertex 118.8 158.3 2
      vertex 122.8 157.3 2
      vertex 122.8 158.3 2
    endloop
  endfacet
  facet normal 0 0 1
    outer loop
      vertex 122.8 157.3 2
      vertex 118.8 158.3 2
      vertex 122.8 134.7 2
    endloop
  endfacet
  facet normal 0 0 1
    outer loop
      vertex 118.8 133.7 2
      vertex 122.8 134.7 2
      vertex 118.8 158.3 2
    endloop
  endfacet
  facet normal 0 0 1
    outer loop
      vertex 122.8 134.7 2
      vertex 118.8 133.7 2
      vertex 122.8 133.7 2
    endloop
  endfacet
  facet normal -0 0 1
    outer loop
      vertex 122.8 157.3 2
      vertex 124 134.7 2
      vertex 124 157.3 2
    endloop
  endfacet
  facet normal 0 0 1
    outer loop
      vertex 124 134.7 2
      vertex 122.8 157.3 2
      vertex 122.8 134.7 2
    endloop
  endfacet
  facet normal 0 0 1
    outer loop
      vertex 151.768 121.693 2
      vertex 146.49 112.696 2
      vertex 146.5 112.5 2
    endloop
  endfacet
  facet normal 0 0 1
    outer loop
      vertex 146.693 123.232 2
      vertex 146.462 112.89 2
      vertex 146.49 112.696 2
    endloop
  endfacet
  facet normal 0 0 1
    outer loop
      vertex 146.693 123.232 2
      vertex 146.414 113.081 2
      vertex 146.462 112.89 2
    endloop
  endfacet
  facet normal 0 0 1
    outer loop
      vertex 144.5 114.5 2
      vertex 146.535 123.565 2
      vertex 146.411 123.911 2
    endloop
  endfacet
  facet normal 0 0 1
    outer loop
      vertex 146.693 123.232 2
      vertex 146.348 113.265 2
      vertex 146.414 113.081 2
    endloop
  endfacet
  facet normal 0 0 1
    outer loop
      vertex 144.5 114.5 2
      vertex 146.411 123.911 2
      vertex 146.322 124.268 2
    endloop
  endfacet
  facet normal 0 0 1
    outer loop
      vertex 124 128.5 2
      vertex 146.322 124.268 2
      vertex 146.268 124.632 2
    endloop
  endfacet
  facet normal 0 0 1
    outer loop
      vertex 146.693 123.232 2
      vertex 146.264 113.443 2
      vertex 146.348 113.265 2
    endloop
  endfacet
  facet normal 0 0 1
    outer loop
      vertex 124 128.5 2
      vertex 146.268 124.632 2
      vertex 146.25 125 2
    endloop
  endfacet
  facet normal 0 0 1
    outer loop
      vertex 146.693 123.232 2
      vertex 146.163 113.611 2
      vertex 146.264 113.443 2
    endloop
  endfacet
  facet normal -0 0 1
    outer loop
      vertex 197.282 153.486 2
      vertex 197.4 11.2656 2
      vertex 197.4 153.734 2
    endloop
  endfacet
  facet normal 0 0 1
    outer loop
      vertex 197.282 153.486 2
      vertex 197.282 11.5141 2
      vertex 197.4 11.2656 2
    endloop
  endfacet
  facet normal -0 0 1
    outer loop
      vertex 196.955 152.939 2
      vertex 197.282 11.5141 2
      vertex 197.282 153.486 2
    endloop
  endfacet
  facet normal 0 0 1
    outer loop
      vertex 196.955 152.939 2
      vertex 196.955 12.0612 2
      vertex 197.282 11.5141 2
    endloop
  endfacet
  facet normal -0 0 1
    outer loop
      vertex 196.575 152.426 2
      vertex 196.955 12.0612 2
      vertex 196.955 152.939 2
    endloop
  endfacet
  facet normal 0 0 1
    outer loop
      vertex 196.575 152.426 2
      vertex 196.575 12.5736 2
      vertex 196.955 12.0612 2
    endloop
  endfacet
  facet normal -0 0 1
    outer loop
      vertex 196.146 151.954 2
      vertex 196.575 12.5736 2
      vertex 196.575 152.426 2
    endloop
  endfacet
  facet normal 0 0 1
    outer loop
      vertex 196.146 151.954 2
      vertex 196.146 13.0462 2
      vertex 196.575 12.5736 2
    endloop
  endfacet
  facet normal -0 0 1
    outer loop
      vertex 195.674 151.525 2
      vertex 196.146 13.0462 2
      vertex 196.146 151.954 2
    endloop
  endfacet
  facet normal 0 0 1
    outer loop
      vertex 195.674 151.525 2
      vertex 195.674 13.4746 2
      vertex 196.146 13.0462 2
    endloop
  endfacet
  facet normal -0 0 1
    outer loop
      vertex 195.161 151.145 2
      vertex 195.674 13.4746 2
      vertex 195.674 151.525 2
    endloop
  endfacet
  facet normal 0 0 1
    outer loop
      vertex 195.161 151.145 2
      vertex 195.161 13.8546 2
      vertex 195.674 13.4746 2
    endloop
  endfacet
  facet normal -0 0 1
    outer loop
      vertex 194.614 150.818 2
      vertex 195.161 13.8546 2
      vertex 195.161 151.145 2
    endloop
  endfacet
  facet normal 0 0 1
    outer loop
      vertex 194.614 150.818 2
      vertex 194.614 14.1825 2
      vertex 195.161 13.8546 2
    endloop
  endfacet
  facet normal -0 0 1
    outer loop
      vertex 194.037 150.545 2
      vertex 194.614 14.1825 2
      vertex 194.614 150.818 2
    endloop
  endfacet
  facet normal 0 0 1
    outer loop
      vertex 194.037 150.545 2
      vertex 194.037 14.4552 2
      vertex 194.614 14.1825 2
    endloop
  endfacet
  facet normal 0 0 1
    outer loop
      vertex 146.5 81.5 2
      vertex 194.037 150.545 2
      vertex 193.437 150.33 2
    endloop
  endfacet
  facet normal 0 0 1
    outer loop
      vertex 194.037 150.545 2
      vertex 146.5 81.5 2
      vertex 194.037 14.4552 2
    endloop
  endfacet
  facet normal 0 0 1
    outer loop
      vertex 146.5 81.5 2
      vertex 193.437 150.33 2
      vertex 192.818 150.175 2
    endloop
  endfacet
  facet normal 0 0 1
    outer loop
      vertex 194.037 14.4552 2
      vertex 146.5 81.5 2
      vertex 193.437 14.6701 2
    endloop
  endfacet
  facet normal 0 0 1
    outer loop
      vertex 153.307 123.232 2
      vertex 192.818 150.175 2
      vertex 192.187 150.081 2
    endloop
  endfacet
  facet normal -0 0 1
    outer loop
      vertex 146.49 81.304 2
      vertex 193.437 14.6701 2
      vertex 146.5 81.5 2
    endloop
  endfacet
  facet normal 0 0 1
    outer loop
      vertex 153.465 123.565 2
      vertex 192.187 150.081 2
      vertex 191.55 150.05 2
    endloop
  endfacet
  facet normal 0 0 1
    outer loop
      vertex 193.437 14.6701 2
      vertex 146.49 81.304 2
      vertex 192.818 14.8251 2
    endloop
  endfacet
  facet normal 0 0 1
    outer loop
      vertex 153.589 123.911 2
      vertex 191.55 150.05 2
      vertex 190.913 150.081 2
    endloop
  endfacet
  facet normal -0 0 1
    outer loop
      vertex 146.462 81.1098 2
      vertex 192.818 14.8251 2
      vertex 146.49 81.304 2
    endloop
  endfacet
  facet normal 0 0 1
    outer loop
      vertex 153.678 124.268 2
      vertex 190.913 150.081 2
      vertex 190.282 150.175 2
    endloop
  endfacet
  facet normal 0 0 1
    outer loop
      vertex 192.818 14.8251 2
      vertex 146.462 81.1098 2
      vertex 192.187 14.9187 2
    endloop
  endfacet
  facet normal 0 0 1
    outer loop
      vertex 153.732 124.632 2
      vertex 190.282 150.175 2
      vertex 189.663 150.33 2
    endloop
  endfacet
  facet normal -0 0 1
    outer loop
      vertex 146.414 80.9194 2
      vertex 192.187 14.9187 2
      vertex 146.462 81.1098 2
    endloop
  endfacet
  facet normal 0 0 1
    outer loop
      vertex 153.75 125 2
      vertex 189.663 150.33 2
      vertex 189.063 150.545 2
    endloop
  endfacet
  facet normal 0 0 1
    outer loop
      vertex 192.187 14.9187 2
      vertex 146.414 80.9194 2
      vertex 191.55 14.95 2
    endloop
  endfacet
  facet normal 0 0 1
    outer loop
      vertex 153.732 125.368 2
      vertex 189.063 150.545 2
      vertex 188.486 150.818 2
    endloop
  endfacet
  facet normal -0 0 1
    outer loop
      vertex 146.348 80.7346 2
      vertex 191.55 14.95 2
      vertex 146.414 80.9194 2
    endloop
  endfacet
  facet normal 0 0 1
    outer loop
      vertex 153.678 125.732 2
      vertex 188.486 150.818 2
      vertex 187.939 151.145 2
    endloop
  endfacet
  facet normal 0 0 1
    outer loop
      vertex 191.55 14.95 2
      vertex 146.348 80.7346 2
      vertex 190.913 14.9187 2
    endloop
  endfacet
  facet normal 0 0 1
    outer loop
      vertex 153.589 126.089 2
      vertex 187.939 151.145 2
      vertex 187.426 151.525 2
    endloop
  endfacet
  facet normal -0 0 1
    outer loop
      vertex 146.264 80.5572 2
      vertex 190.913 14.9187 2
      vertex 146.348 80.7346 2
    endloop
  endfacet
  facet normal 0 0 1
    outer loop
      vertex 151.765 132.351 2
      vertex 187.426 151.525 2
      vertex 186.954 151.954 2
    endloop
  endfacet
  facet normal 0 0 1
    outer loop
      vertex 190.913 14.9187 2
      vertex 146.264 80.5572 2
      vertex 190.282 14.8251 2
    endloop
  endfacet
  facet normal 0 0 1
    outer loop
      vertex 151.722 132.523 2
      vertex 186.954 151.954 2
      vertex 186.525 152.426 2
    endloop
  endfacet
  facet normal -0 0 1
    outer loop
      vertex 146.163 80.3889 2
      vertex 190.282 14.8251 2
      vertex 146.264 80.5572 2
    endloop
  endfacet
  facet normal 0 0 1
    outer loop
      vertex 151.663 132.689 2
      vertex 186.525 152.426 2
      vertex 186.145 152.939 2
    endloop
  endfacet
  facet normal 0 0 1
    outer loop
      vertex 190.282 14.8251 2
      vertex 146.163 80.3889 2
      vertex 189.663 14.6701 2
    endloop
  endfacet
  facet normal 0 0 1
    outer loop
      vertex 151.587 132.849 2
      vertex 186.145 152.939 2
      vertex 185.818 153.486 2
    endloop
  endfacet
  facet normal -0 0 1
    outer loop
      vertex 146.046 80.2312 2
      vertex 189.663 14.6701 2
      vertex 146.163 80.3889 2
    endloop
  endfacet
  facet normal 0 0 1
    outer loop
      vertex 151.497 133 2
      vertex 185.818 153.486 2
      vertex 185.545 154.063 2
    endloop
  endfacet
  facet normal 0 0 1
    outer loop
      vertex 189.663 14.6701 2
      vertex 146.046 80.2312 2
      vertex 189.063 14.4552 2
    endloop
  endfacet
  facet normal 0 0 1
    outer loop
      vertex 151.273 133.273 2
      vertex 185.545 154.063 2
      vertex 185.33 154.663 2
    endloop
  endfacet
  facet normal -0 0 1
    outer loop
      vertex 145.914 80.0858 2
      vertex 189.063 14.4552 2
      vertex 146.046 80.2312 2
    endloop
  endfacet
  facet normal 0 0 1
    outer loop
      vertex 151.142 133.391 2
      vertex 185.33 154.663 2
      vertex 185.175 155.282 2
    endloop
  endfacet
  facet normal -0 0 1
    outer loop
      vertex 145.769 79.954 2
      vertex 189.063 14.4552 2
      vertex 145.914 80.0858 2
    endloop
  endfacet
  facet normal 0 0 1
    outer loop
      vertex 151 133.497 2
      vertex 185.175 155.282 2
      vertex 185.081 155.913 2
    endloop
  endfacet
  facet normal 0 0 1
    outer loop
      vertex 189.063 14.4552 2
      vertex 145.769 79.954 2
      vertex 188.486 14.1825 2
    endloop
  endfacet
  facet normal 0 0 1
    outer loop
      vertex 150.849 133.587 2
      vertex 185.081 155.913 2
      vertex 185.05 156.55 2
    endloop
  endfacet
  facet normal -0 0 1
    outer loop
      vertex 145.611 79.8371 2
      vertex 188.486 14.1825 2
      vertex 145.769 79.954 2
    endloop
  endfacet
  facet normal 0 0 1
    outer loop
      vertex 197.4 157 2
      vertex 198.65 157 2
      vertex 198.618 157.652 2
    endloop
  endfacet
  facet normal 0 0 1
    outer loop
      vertex 198.65 157 2
      vertex 197.4 153.734 2
      vertex 198.65 7.99999 2
    endloop
  endfacet
  facet normal 0 0 1
    outer loop
      vertex 197.374 157.529 2
      vertex 198.618 157.652 2
      vertex 198.522 158.297 2
    endloop
  endfacet
  facet normal -0 0 1
    outer loop
      vertex 197.4 11.2656 2
      vertex 198.65 7.99999 2
      vertex 197.4 153.734 2
    endloop
  endfacet
  facet normal 0 0 1
    outer loop
      vertex 197.296 158.053 2
      vertex 198.522 158.297 2
      vertex 198.364 158.93 2
    endloop
  endfacet
  facet normal 0 0 1
    outer loop
      vertex 197.4 7.99999 2
      vertex 198.65 7.99999 2
      vertex 197.4 11.2656 2
    endloop
  endfacet
  facet normal 0 0 1
    outer loop
      vertex 197.167 158.568 2
      vertex 198.364 158.93 2
      vertex 198.144 159.545 2
    endloop
  endfacet
  facet normal 0 0 1
    outer loop
      vertex 198.65 7.99999 2
      vertex 197.4 7.99999 2
      vertex 198.618 7.34818 2
    endloop
  endfacet
  facet normal 0 0 1
    outer loop
      vertex 196.989 159.066 2
      vertex 198.144 159.545 2
      vertex 197.865 160.135 2
    endloop
  endfacet
  facet normal -0 0 1
    outer loop
      vertex 197.374 7.4707 2
      vertex 198.618 7.34818 2
      vertex 197.4 7.99999 2
    endloop
  endfacet
  facet normal 0 0 1
    outer loop
      vertex 196.762 159.546 2
      vertex 197.865 160.135 2
      vertex 197.529 160.695 2
    endloop
  endfacet
  facet normal 0 0 1
    outer loop
      vertex 198.618 7.34818 2
      vertex 197.374 7.4707 2
      vertex 198.522 6.70265 2
    endloop
  endfacet
  facet normal 0 0 1
    outer loop
      vertex 198.65 157 2
      vertex 197.4 157 2
      vertex 197.4 153.734 2
    endloop
  endfacet
  facet normal 0 0 1
    outer loop
      vertex 198.618 157.652 2
      vertex 197.374 157.529 2
      vertex 197.4 157 2
    endloop
  endfacet
  facet normal 0 0 1
    outer loop
      vertex 198.522 158.297 2
      vertex 197.296 158.053 2
      vertex 197.374 157.529 2
    endloop
  endfacet
  facet normal 0 0 1
    outer loop
      vertex 198.364 158.93 2
      vertex 197.167 158.568 2
      vertex 197.296 158.053 2
    endloop
  endfacet
  facet normal 0 0 1
    outer loop
      vertex 196.49 160 2
      vertex 197.529 160.695 2
      vertex 197.141 161.219 2
    endloop
  endfacet
  facet normal 0 0 1
    outer loop
      vertex 198.144 159.545 2
      vertex 196.989 159.066 2
      vertex 197.167 158.568 2
    endloop
  endfacet
  facet normal 0 0 1
    outer loop
      vertex 197.865 160.135 2
      vertex 196.762 159.546 2
      vertex 196.989 159.066 2
    endloop
  endfacet
  facet normal 0 0 1
    outer loop
      vertex 196.174 160.426 2
      vertex 197.141 161.219 2
      vertex 196.702 161.702 2
    endloop
  endfacet
  facet normal 0 0 1
    outer loop
      vertex 197.529 160.695 2
      vertex 196.49 160 2
      vertex 196.762 159.546 2
    endloop
  endfacet
  facet normal 0 0 1
    outer loop
      vertex 195.818 160.818 2
      vertex 196.702 161.702 2
      vertex 196.219 162.141 2
    endloop
  endfacet
  facet normal 0 0 1
    outer loop
      vertex 197.141 161.219 2
      vertex 196.174 160.426 2
      vertex 196.49 160 2
    endloop
  endfacet
  facet normal 0 0 1
    outer loop
      vertex 196.702 161.702 2
      vertex 195.818 160.818 2
      vertex 196.174 160.426 2
    endloop
  endfacet
  facet normal 0 0 1
    outer loop
      vertex 195.426 161.174 2
      vertex 196.219 162.141 2
      vertex 195.695 162.529 2
    endloop
  endfacet
  facet normal 0 0 1
    outer loop
      vertex 196.219 162.141 2
      vertex 195.426 161.174 2
      vertex 195.818 160.818 2
    endloop
  endfacet
  facet normal 0 0 1
    outer loop
      vertex 195 161.49 2
      vertex 195.695 162.529 2
      vertex 195.135 162.865 2
    endloop
  endfacet
  facet normal 0 0 1
    outer loop
      vertex 195.695 162.529 2
      vertex 195 161.49 2
      vertex 195.426 161.174 2
    endloop
  endfacet
  facet normal 0 0 1
    outer loop
      vertex 195.135 162.865 2
      vertex 194.546 161.762 2
      vertex 195 161.49 2
    endloop
  endfacet
  facet normal 0 0 1
    outer loop
      vertex 194.545 163.144 2
      vertex 194.546 161.762 2
      vertex 195.135 162.865 2
    endloop
  endfacet
  facet normal 0 0 1
    outer loop
      vertex 194.545 163.144 2
      vertex 194.066 161.989 2
      vertex 194.546 161.762 2
    endloop
  endfacet
  facet normal 0 0 1
    outer loop
      vertex 193.93 163.364 2
      vertex 194.066 161.989 2
      vertex 194.545 163.144 2
    endloop
  endfacet
  facet normal 0 0 1
    outer loop
      vertex 193.93 163.364 2
      vertex 193.568 162.167 2
      vertex 194.066 161.989 2
    endloop
  endfacet
  facet normal 0 0 1
    outer loop
      vertex 193.297 163.522 2
      vertex 193.568 162.167 2
      vertex 193.93 163.364 2
    endloop
  endfacet
  facet normal 0 0 1
    outer loop
      vertex 193.297 163.522 2
      vertex 193.053 162.296 2
      vertex 193.568 162.167 2
    endloop
  endfacet
  facet normal 0 0 1
    outer loop
      vertex 192.652 163.618 2
      vertex 193.053 162.296 2
      vertex 193.297 163.522 2
    endloop
  endfacet
  facet normal 0 0 1
    outer loop
      vertex 192.652 163.618 2
      vertex 192.529 162.374 2
      vertex 193.053 162.296 2
    endloop
  endfacet
  facet normal 0 0 1
    outer loop
      vertex 192 163.65 2
      vertex 192.529 162.374 2
      vertex 192.652 163.618 2
    endloop
  endfacet
  facet normal 0 0 1
    outer loop
      vertex 192 163.65 2
      vertex 192 162.4 2
      vertex 192.529 162.374 2
    endloop
  endfacet
  facet normal 0 0 1
    outer loop
      vertex 192 163.65 2
      vertex 188.734 162.4 2
      vertex 192 162.4 2
    endloop
  endfacet
  facet normal 0 0 1
    outer loop
      vertex 189.663 150.33 2
      vertex 153.75 125 2
      vertex 153.732 124.632 2
    endloop
  endfacet
  facet normal 0 0 1
    outer loop
      vertex 150.689 133.663 2
      vertex 185.05 156.55 2
      vertex 185.081 157.187 2
    endloop
  endfacet
  facet normal 0 0 1
    outer loop
      vertex 150.351 133.765 2
      vertex 185.081 157.187 2
      vertex 185.175 157.818 2
    endloop
  endfacet
  facet normal 0 0 1
    outer loop
      vertex 124 162.4 2
      vertex 185.175 157.818 2
      vertex 185.33 158.437 2
    endloop
  endfacet
  facet normal 0 0 1
    outer loop
      vertex 124 162.4 2
      vertex 185.33 158.437 2
      vertex 185.545 159.037 2
    endloop
  endfacet
  facet normal 0 0 1
    outer loop
      vertex 124 162.4 2
      vertex 185.545 159.037 2
      vertex 185.818 159.614 2
    endloop
  endfacet
  facet normal 0 0 1
    outer loop
      vertex 124 162.4 2
      vertex 185.818 159.614 2
      vertex 186.145 160.161 2
    endloop
  endfacet
  facet normal 0 0 1
    outer loop
      vertex 124 162.4 2
      vertex 186.145 160.161 2
      vertex 186.525 160.674 2
    endloop
  endfacet
  facet normal 0 0 1
    outer loop
      vertex 124 162.4 2
      vertex 186.525 160.674 2
      vertex 186.954 161.146 2
    endloop
  endfacet
  facet normal 0 0 1
    outer loop
      vertex 189.063 150.545 2
      vertex 153.732 125.368 2
      vertex 153.75 125 2
    endloop
  endfacet
  facet normal 0 0 1
    outer loop
      vertex 188.486 150.818 2
      vertex 153.678 125.732 2
      vertex 153.732 125.368 2
    endloop
  endfacet
  facet normal 0 0 1
    outer loop
      vertex 187.939 151.145 2
      vertex 153.589 126.089 2
      vertex 153.678 125.732 2
    endloop
  endfacet
  facet normal 0 0 1
    outer loop
      vertex 187.426 151.525 2
      vertex 153.465 126.435 2
      vertex 153.589 126.089 2
    endloop
  endfacet
  facet normal 0 0 1
    outer loop
      vertex 187.426 151.525 2
      vertex 151.765 132.351 2
      vertex 153.465 126.435 2
    endloop
  endfacet
  facet normal -0 -0 1
    outer loop
      vertex 151.791 132.176 2
      vertex 153.465 126.435 2
      vertex 151.765 132.351 2
    endloop
  endfacet
  facet normal -0 -0 1
    outer loop
      vertex 151.8 132 2
      vertex 153.307 126.768 2
      vertex 151.791 132.176 2
    endloop
  endfacet
  facet normal 0 0 1
    outer loop
      vertex 153.307 126.768 2
      vertex 151.8 132 2
      vertex 153.118 127.083 2
    endloop
  endfacet
  facet normal 0 0 1
    outer loop
      vertex 153.118 127.083 2
      vertex 151.8 132 2
      vertex 152.899 127.379 2
    endloop
  endfacet
  facet normal 0 0 1
    outer loop
      vertex 152.899 127.379 2
      vertex 151.8 132 2
      vertex 152.652 127.652 2
    endloop
  endfacet
  facet normal 0 0 1
    outer loop
      vertex 152.379 127.899 2
      vertex 151.8 132 2
      vertex 152.083 128.118 2
    endloop
  endfacet
  facet normal 0 0 1
    outer loop
      vertex 124 162.4 2
      vertex 186.954 161.146 2
      vertex 187.426 161.575 2
    endloop
  endfacet
  facet normal 0 0 1
    outer loop
      vertex 152.652 127.652 2
      vertex 151.8 132 2
      vertex 152.379 127.899 2
    endloop
  endfacet
  facet normal 0 0 1
    outer loop
      vertex 153.465 126.435 2
      vertex 151.791 132.176 2
      vertex 153.307 126.768 2
    endloop
  endfacet
  facet normal 0 0 1
    outer loop
      vertex 186.954 151.954 2
      vertex 151.722 132.523 2
      vertex 151.765 132.351 2
    endloop
  endfacet
  facet normal 0 0 1
    outer loop
      vertex 186.525 152.426 2
      vertex 151.663 132.689 2
      vertex 151.722 132.523 2
    endloop
  endfacet
  facet normal 0 0 1
    outer loop
      vertex 186.145 152.939 2
      vertex 151.587 132.849 2
      vertex 151.663 132.689 2
    endloop
  endfacet
  facet normal 0 0 1
    outer loop
      vertex 185.818 153.486 2
      vertex 151.497 133 2
      vertex 151.587 132.849 2
    endloop
  endfacet
  facet normal 0 0 1
    outer loop
      vertex 185.545 154.063 2
      vertex 151.391 133.142 2
      vertex 151.497 133 2
    endloop
  endfacet
  facet normal 0 0 1
    outer loop
      vertex 185.545 154.063 2
      vertex 151.273 133.273 2
      vertex 151.391 133.142 2
    endloop
  endfacet
  facet normal 0 0 1
    outer loop
      vertex 185.33 154.663 2
      vertex 151.142 133.391 2
      vertex 151.273 133.273 2
    endloop
  endfacet
  facet normal 0 0 1
    outer loop
      vertex 185.175 155.282 2
      vertex 151 133.497 2
      vertex 151.142 133.391 2
    endloop
  endfacet
  facet normal 0 0 1
    outer loop
      vertex 185.081 155.913 2
      vertex 150.849 133.587 2
      vertex 151 133.497 2
    endloop
  endfacet
  facet normal 0 0 1
    outer loop
      vertex 185.05 156.55 2
      vertex 150.689 133.663 2
      vertex 150.849 133.587 2
    endloop
  endfacet
  facet normal 0 0 1
    outer loop
      vertex 185.081 157.187 2
      vertex 150.523 133.722 2
      vertex 150.689 133.663 2
    endloop
  endfacet
  facet normal 0 0 1
    outer loop
      vertex 185.081 157.187 2
      vertex 150.351 133.765 2
      vertex 150.523 133.722 2
    endloop
  endfacet
  facet normal 0 0 1
    outer loop
      vertex 185.175 157.818 2
      vertex 124 162.4 2
      vertex 150.351 133.765 2
    endloop
  endfacet
  facet normal 0 0 1
    outer loop
      vertex 150.351 133.765 2
      vertex 124 162.4 2
      vertex 150.176 133.791 2
    endloop
  endfacet
  facet normal 0 0 1
    outer loop
      vertex 150.176 133.791 2
      vertex 124 162.4 2
      vertex 150 133.8 2
    endloop
  endfacet
  facet normal 0 0 1
    outer loop
      vertex 124 162.4 2
      vertex 187.426 161.575 2
      vertex 187.939 161.955 2
    endloop
  endfacet
  facet normal -0 0 1
    outer loop
      vertex 124 157.3 2
      vertex 150 133.8 2
      vertex 124 162.4 2
    endloop
  endfacet
  facet normal 0 0 1
    outer loop
      vertex 150 133.8 2
      vertex 124 157.3 2
      vertex 149.824 133.791 2
    endloop
  endfacet
  facet normal 0 0 1
    outer loop
      vertex 149.824 133.791 2
      vertex 124 157.3 2
      vertex 149.649 133.765 2
    endloop
  endfacet
  facet normal 0 0 1
    outer loop
      vertex 149.649 133.765 2
      vertex 124 157.3 2
      vertex 149.477 133.722 2
    endloop
  endfacet
  facet normal 0 0 1
    outer loop
      vertex 149.477 133.722 2
      vertex 124 157.3 2
      vertex 149.311 133.663 2
    endloop
  endfacet
  facet normal 0 0 1
    outer loop
      vertex 148.2 132 2
      vertex 147.917 128.118 2
      vertex 148.2 128.288 2
    endloop
  endfacet
  facet normal 0 0 1
    outer loop
      vertex 146.693 126.768 2
      vertex 148.2 132 2
      vertex 148.209 132.176 2
    endloop
  endfacet
  facet normal 0 0 1
    outer loop
      vertex 148.2 132 2
      vertex 147.621 127.899 2
      vertex 147.917 128.118 2
    endloop
  endfacet
  facet normal 0 0 1
    outer loop
      vertex 148.2 132 2
      vertex 147.348 127.652 2
      vertex 147.621 127.899 2
    endloop
  endfacet
  facet normal 0 0 1
    outer loop
      vertex 124 134.7 2
      vertex 148.209 132.176 2
      vertex 148.235 132.351 2
    endloop
  endfacet
  facet normal 0 0 1
    outer loop
      vertex 148.2 132 2
      vertex 147.101 127.379 2
      vertex 147.348 127.652 2
    endloop
  endfacet
  facet normal 0 0 1
    outer loop
      vertex 148.2 132 2
      vertex 146.882 127.083 2
      vertex 147.101 127.379 2
    endloop
  endfacet
  facet normal 0 0 1
    outer loop
      vertex 124 134.7 2
      vertex 148.235 132.351 2
      vertex 148.278 132.523 2
    endloop
  endfacet
  facet normal 0 0 1
    outer loop
      vertex 148.2 132 2
      vertex 146.693 126.768 2
      vertex 146.882 127.083 2
    endloop
  endfacet
  facet normal 0 0 1
    outer loop
      vertex 148.209 132.176 2
      vertex 124 134.7 2
      vertex 146.693 126.768 2
    endloop
  endfacet
  facet normal 0 0 1
    outer loop
      vertex 146.693 126.768 2
      vertex 124 134.7 2
      vertex 146.535 126.435 2
    endloop
  endfacet
  facet normal 0 0 1
    outer loop
      vertex 146.693 123.232 2
      vertex 146.046 113.769 2
      vertex 146.163 113.611 2
    endloop
  endfacet
  facet normal 0 0 1
    outer loop
      vertex 146.693 123.232 2
      vertex 145.914 113.914 2
      vertex 146.046 113.769 2
    endloop
  endfacet
  facet normal 0 0 1
    outer loop
      vertex 146.693 123.232 2
      vertex 145.769 114.046 2
      vertex 145.914 113.914 2
    endloop
  endfacet
  facet normal 0 0 1
    outer loop
      vertex 146.693 123.232 2
      vertex 145.611 114.163 2
      vertex 145.769 114.046 2
    endloop
  endfacet
  facet normal 0 0 1
    outer loop
      vertex 124 128.5 2
      vertex 146.25 125 2
      vertex 146.268 125.368 2
    endloop
  endfacet
  facet normal 0 0 1
    outer loop
      vertex 146.693 123.232 2
      vertex 145.443 114.264 2
      vertex 145.611 114.163 2
    endloop
  endfacet
  facet normal 0 0 1
    outer loop
      vertex 146.693 123.232 2
      vertex 145.265 114.348 2
      vertex 145.443 114.264 2
    endloop
  endfacet
  facet normal 0 0 1
    outer loop
      vertex 146.693 123.232 2
      vertex 145.081 114.414 2
      vertex 145.265 114.348 2
    endloop
  endfacet
  facet normal 0 0 1
    outer loop
      vertex 146.693 123.232 2
      vertex 144.89 114.462 2
      vertex 145.081 114.414 2
    endloop
  endfacet
  facet normal 0 0 1
    outer loop
      vertex 146.693 123.232 2
      vertex 144.696 114.49 2
      vertex 144.89 114.462 2
    endloop
  endfacet
  facet normal 0 0 1
    outer loop
      vertex 146.693 123.232 2
      vertex 144.5 114.5 2
      vertex 144.696 114.49 2
    endloop
  endfacet
  facet normal 0 0 1
    outer loop
      vertex 124 128.5 2
      vertex 146.268 125.368 2
      vertex 146.322 125.732 2
    endloop
  endfacet
  facet normal -0 0 1
    outer loop
      vertex 124 128.5 2
      vertex 146.535 126.435 2
      vertex 124 134.7 2
    endloop
  endfacet
  facet normal 0 0 1
    outer loop
      vertex 148.337 132.689 2
      vertex 124 134.7 2
      vertex 148.278 132.523 2
    endloop
  endfacet
  facet normal 0 0 1
    outer loop
      vertex 148.413 132.849 2
      vertex 124 134.7 2
      vertex 148.337 132.689 2
    endloop
  endfacet
  facet normal 0 0 1
    outer loop
      vertex 148.503 133 2
      vertex 124 134.7 2
      vertex 148.413 132.849 2
    endloop
  endfacet
  facet normal 0 0 1
    outer loop
      vertex 148.609 133.142 2
      vertex 124 134.7 2
      vertex 148.503 133 2
    endloop
  endfacet
  facet normal 0 0 1
    outer loop
      vertex 148.727 133.273 2
      vertex 124 134.7 2
      vertex 148.609 133.142 2
    endloop
  endfacet
  facet normal -0 0 1
    outer loop
      vertex 124 134.7 2
      vertex 148.727 133.273 2
      vertex 124 157.3 2
    endloop
  endfacet
  facet normal 0 0 1
    outer loop
      vertex 148.858 133.391 2
      vertex 124 157.3 2
      vertex 148.727 133.273 2
    endloop
  endfacet
  facet normal 0 0 1
    outer loop
      vertex 149 133.497 2
      vertex 124 157.3 2
      vertex 148.858 133.391 2
    endloop
  endfacet
  facet normal 0 0 1
    outer loop
      vertex 149.151 133.587 2
      vertex 124 157.3 2
      vertex 149 133.497 2
    endloop
  endfacet
  facet normal 0 0 1
    outer loop
      vertex 149.311 133.663 2
      vertex 124 157.3 2
      vertex 149.151 133.587 2
    endloop
  endfacet
  facet normal 0 0 1
    outer loop
      vertex 188.486 162.282 2
      vertex 124 162.4 2
      vertex 187.939 161.955 2
    endloop
  endfacet
  facet normal 0 0 1
    outer loop
      vertex 188.734 162.4 2
      vertex 124 162.4 2
      vertex 188.486 162.282 2
    endloop
  endfacet
  facet normal 0 0 1
    outer loop
      vertex 192 163.65 2
      vertex 124 162.4 2
      vertex 188.734 162.4 2
    endloop
  endfacet
  facet normal 0 0 1
    outer loop
      vertex 192 163.65 2
      vertex 117.8 162.4 2
      vertex 124 162.4 2
    endloop
  endfacet
  facet normal 0 0 1
    outer loop
      vertex 82.2 162.3 2
      vertex 117.8 162.3 2
      vertex 117.8 162.4 2
    endloop
  endfacet
  facet normal 0 0 1
    outer loop
      vertex 118.8 133.7 2
      vertex 82.2 129.7 2
      vertex 117.8 129.7 2
    endloop
  endfacet
  facet normal 0 0 1
    outer loop
      vertex 82.2 162.3 2
      vertex 117.8 162.4 2
      vertex 82.2 162.4 2
    endloop
  endfacet
  facet normal 0 0 1
    outer loop
      vertex 192 163.65 2
      vertex 82.2 162.4 2
      vertex 117.8 162.4 2
    endloop
  endfacet
  facet normal 0 0 1
    outer loop
      vertex 192 163.65 2
      vertex 76 162.4 2
      vertex 82.2 162.4 2
    endloop
  endfacet
  facet normal 0 0 1
    outer loop
      vertex 50 133.8 2
      vertex 76 157.3 2
      vertex 76 162.4 2
    endloop
  endfacet
  facet normal 0 -0 1
    outer loop
      vertex 51.2728 133.273 2
      vertex 76 157.3 2
      vertex 51.1419 133.391 2
    endloop
  endfacet
  facet normal 0 -0 1
    outer loop
      vertex 51.4966 133 2
      vertex 76 134.7 2
      vertex 51.3914 133.142 2
    endloop
  endfacet
  facet normal 0 0 1
    outer loop
      vertex 53.7319 124.632 2
      vertex 76 128.5 2
      vertex 53.75 125 2
    endloop
  endfacet
  facet normal 0 0 1
    outer loop
      vertex 53.6779 124.268 2
      vertex 76 128.5 2
      vertex 53.7319 124.632 2
    endloop
  endfacet
  facet normal 0 0 1
    outer loop
      vertex 76 128.5 2
      vertex 53.6779 124.268 2
      vertex 55.5 114.5 2
    endloop
  endfacet
  facet normal -0 0 1
    outer loop
      vertex 53.5885 123.911 2
      vertex 55.5 114.5 2
      vertex 53.6779 124.268 2
    endloop
  endfacet
  facet normal -0 0 1
    outer loop
      vertex 53.4645 123.565 2
      vertex 55.5 114.5 2
      vertex 53.5885 123.911 2
    endloop
  endfacet
  facet normal -0 0 1
    outer loop
      vertex 53.3072 123.232 2
      vertex 55.5 114.5 2
      vertex 53.4645 123.565 2
    endloop
  endfacet
  facet normal -0 0 1
    outer loop
      vertex 52.8988 122.621 2
      vertex 55.5 114.5 2
      vertex 53.118 122.917 2
    endloop
  endfacet
  facet normal -0 0 1
    outer loop
      vertex 52.6516 122.348 2
      vertex 55.5 114.5 2
      vertex 52.8988 122.621 2
    endloop
  endfacet
  facet normal -0 0 1
    outer loop
      vertex 52.379 122.101 2
      vertex 55.5 114.5 2
      vertex 52.6516 122.348 2
    endloop
  endfacet
  facet normal 0 0 1
    outer loop
      vertex 55.5 114.5 2
      vertex 52.379 122.101 2
      vertex 55.304 114.49 2
    endloop
  endfacet
  facet normal -0 0 1
    outer loop
      vertex 53.118 122.917 2
      vertex 55.5 114.5 2
      vertex 53.3072 123.232 2
    endloop
  endfacet
  facet normal 0 0 1
    outer loop
      vertex 76 128.5 2
      vertex 53.7319 125.368 2
      vertex 53.75 125 2
    endloop
  endfacet
  facet normal 0 0 1
    outer loop
      vertex 76 128.5 2
      vertex 53.6779 125.732 2
      vertex 53.7319 125.368 2
    endloop
  endfacet
  facet normal 0 0 1
    outer loop
      vertex 76 128.5 2
      vertex 53.5885 126.089 2
      vertex 53.6779 125.732 2
    endloop
  endfacet
  facet normal 0 0 1
    outer loop
      vertex 76 128.5 2
      vertex 53.4645 126.435 2
      vertex 53.5885 126.089 2
    endloop
  endfacet
  facet normal 0 -0 1
    outer loop
      vertex 53.3072 126.768 2
      vertex 76 134.7 2
      vertex 51.7913 132.176 2
    endloop
  endfacet
  facet normal 0 -0 1
    outer loop
      vertex 53.4645 126.435 2
      vertex 76 134.7 2
      vertex 53.3072 126.768 2
    endloop
  endfacet
  facet normal -0 -0 1
    outer loop
      vertex 51.8 132 2
      vertex 53.3072 126.768 2
      vertex 51.7913 132.176 2
    endloop
  endfacet
  facet normal 0 0 1
    outer loop
      vertex 53.3072 126.768 2
      vertex 51.8 132 2
      vertex 53.118 127.083 2
    endloop
  endfacet
  facet normal 0 0 1
    outer loop
      vertex 53.118 127.083 2
      vertex 51.8 132 2
      vertex 52.8988 127.379 2
    endloop
  endfacet
  facet normal 0 0 1
    outer loop
      vertex 52.8988 127.379 2
      vertex 51.8 132 2
      vertex 52.6516 127.652 2
    endloop
  endfacet
  facet normal 0 0 1
    outer loop
      vertex 52.379 127.899 2
      vertex 51.8 132 2
      vertex 52.0834 128.118 2
    endloop
  endfacet
  facet normal 0 0 1
    outer loop
      vertex 52.6516 127.652 2
      vertex 51.8 132 2
      vertex 52.379 127.899 2
    endloop
  endfacet
  facet normal 0 0 1
    outer loop
      vertex 76 134.7 2
      vertex 53.4645 126.435 2
      vertex 76 128.5 2
    endloop
  endfacet
  facet normal 0 -0 1
    outer loop
      vertex 51.7913 132.176 2
      vertex 76 134.7 2
      vertex 51.7654 132.351 2
    endloop
  endfacet
  facet normal 0 -0 1
    outer loop
      vertex 51.7654 132.351 2
      vertex 76 134.7 2
      vertex 51.7225 132.523 2
    endloop
  endfacet
  facet normal 0 -0 1
    outer loop
      vertex 51.7225 132.523 2
      vertex 76 134.7 2
      vertex 51.663 132.689 2
    endloop
  endfacet
  facet normal 0 -0 1
    outer loop
      vertex 51.663 132.689 2
      vertex 76 134.7 2
      vertex 51.5874 132.849 2
    endloop
  endfacet
  facet normal 0 -0 1
    outer loop
      vertex 51.5874 132.849 2
      vertex 76 134.7 2
      vertex 51.4966 133 2
    endloop
  endfacet
  facet normal 0 0 1
    outer loop
      vertex 76 134.7 2
      vertex 51.2728 133.273 2
      vertex 51.3914 133.142 2
    endloop
  endfacet
  facet normal 0 0 1
    outer loop
      vertex 76 157.3 2
      vertex 51.2728 133.273 2
      vertex 76 134.7 2
    endloop
  endfacet
  facet normal 0 0 1
    outer loop
      vertex 76 157.3 2
      vertex 51 133.497 2
      vertex 51.1419 133.391 2
    endloop
  endfacet
  facet normal 0 0 1
    outer loop
      vertex 76 157.3 2
      vertex 50.8485 133.587 2
      vertex 51 133.497 2
    endloop
  endfacet
  facet normal 0 0 1
    outer loop
      vertex 76 157.3 2
      vertex 50.6888 133.663 2
      vertex 50.8485 133.587 2
    endloop
  endfacet
  facet normal 0 0 1
    outer loop
      vertex 76 157.3 2
      vertex 50.5225 133.722 2
      vertex 50.6888 133.663 2
    endloop
  endfacet
  facet normal 0 0 1
    outer loop
      vertex 76 157.3 2
      vertex 50.3512 133.765 2
      vertex 50.5225 133.722 2
    endloop
  endfacet
  facet normal 0 0 1
    outer loop
      vertex 76 157.3 2
      vertex 50.1764 133.791 2
      vertex 50.3512 133.765 2
    endloop
  endfacet
  facet normal 0 0 1
    outer loop
      vertex 76 157.3 2
      vertex 50 133.8 2
      vertex 50.1764 133.791 2
    endloop
  endfacet
  facet normal 0 0 1
    outer loop
      vertex 76 162.4 2
      vertex 49.8236 133.791 2
      vertex 50 133.8 2
    endloop
  endfacet
  facet normal 0 0 1
    outer loop
      vertex 76 162.4 2
      vertex 49.6488 133.765 2
      vertex 49.8236 133.791 2
    endloop
  endfacet
  facet normal -0 0 1
    outer loop
      vertex 14.8251 157.818 2
      vertex 49.6488 133.765 2
      vertex 76 162.4 2
    endloop
  endfacet
  facet normal -0 -0 1
    outer loop
      vertex 14.9187 157.187 2
      vertex 49.6488 133.765 2
      vertex 14.8251 157.818 2
    endloop
  endfacet
  facet normal 0 0 1
    outer loop
      vertex 49.6488 133.765 2
      vertex 14.9187 157.187 2
      vertex 49.4775 133.722 2
    endloop
  endfacet
  facet normal 0 0 1
    outer loop
      vertex 49.4775 133.722 2
      vertex 14.9187 157.187 2
      vertex 49.3112 133.663 2
    endloop
  endfacet
  facet normal -0 -0 1
    outer loop
      vertex 14.95 156.55 2
      vertex 49.3112 133.663 2
      vertex 14.9187 157.187 2
    endloop
  endfacet
  facet normal 0 0 1
    outer loop
      vertex 49.3112 133.663 2
      vertex 14.95 156.55 2
      vertex 49.1515 133.587 2
    endloop
  endfacet
  facet normal 0 0 1
    outer loop
      vertex 48.2 132 2
      vertex 47.9166 128.118 2
      vertex 48.2 128.288 2
    endloop
  endfacet
  facet normal 0 0 1
    outer loop
      vertex 46.6928 126.768 2
      vertex 48.2 132 2
      vertex 48.2087 132.176 2
    endloop
  endfacet
  facet normal 0 0 1
    outer loop
      vertex 48.2 132 2
      vertex 47.621 127.899 2
      vertex 47.9166 128.118 2
    endloop
  endfacet
  facet normal 0 0 1
    outer loop
      vertex 48.2 132 2
      vertex 47.3484 127.652 2
      vertex 47.621 127.899 2
    endloop
  endfacet
  facet normal 0 0 1
    outer loop
      vertex 46.5355 126.435 2
      vertex 48.2087 132.176 2
      vertex 48.2346 132.351 2
    endloop
  endfacet
  facet normal 0 0 1
    outer loop
      vertex 48.2 132 2
      vertex 47.1012 127.379 2
      vertex 47.3484 127.652 2
    endloop
  endfacet
  facet normal 0 0 1
    outer loop
      vertex 48.2 132 2
      vertex 46.882 127.083 2
      vertex 47.1012 127.379 2
    endloop
  endfacet
  facet normal 0 0 1
    outer loop
      vertex 48.6086 133.142 2
      vertex 14.4552 154.063 2
      vertex 48.5034 133 2
    endloop
  endfacet
  facet normal 0 0 1
    outer loop
      vertex 48.2 132 2
      vertex 46.6928 126.768 2
      vertex 46.882 127.083 2
    endloop
  endfacet
  facet normal 0 0 1
    outer loop
      vertex 48.2087 132.176 2
      vertex 46.5355 126.435 2
      vertex 46.6928 126.768 2
    endloop
  endfacet
  facet normal -0 0 1
    outer loop
      vertex 14.1825 153.486 2
      vertex 48.5034 133 2
      vertex 14.4552 154.063 2
    endloop
  endfacet
  facet normal -0 0 1
    outer loop
      vertex 13.4746 152.426 2
      vertex 48.337 132.689 2
      vertex 13.8546 152.939 2
    endloop
  endfacet
  facet normal 0 0 1
    outer loop
      vertex 48.4126 132.849 2
      vertex 13.8546 152.939 2
      vertex 48.337 132.689 2
    endloop
  endfacet
  facet normal -0 0 1
    outer loop
      vertex 13.8546 152.939 2
      vertex 48.4126 132.849 2
      vertex 14.1825 153.486 2
    endloop
  endfacet
  facet normal 0 0 1
    outer loop
      vertex 48.5034 133 2
      vertex 14.1825 153.486 2
      vertex 48.4126 132.849 2
    endloop
  endfacet
  facet normal 0 0 1
    outer loop
      vertex 48.7272 133.273 2
      vertex 14.4552 154.063 2
      vertex 48.6086 133.142 2
    endloop
  endfacet
  facet normal -0 0 1
    outer loop
      vertex 14.4552 154.063 2
      vertex 48.7272 133.273 2
      vertex 14.6701 154.663 2
    endloop
  endfacet
  facet normal 0 0 1
    outer loop
      vertex 48.8581 133.391 2
      vertex 14.6701 154.663 2
      vertex 48.7272 133.273 2
    endloop
  endfacet
  facet normal -0 0 1
    outer loop
      vertex 14.6701 154.663 2
      vertex 48.8581 133.391 2
      vertex 14.8251 155.282 2
    endloop
  endfacet
  facet normal 0 0 1
    outer loop
      vertex 49 133.497 2
      vertex 14.8251 155.282 2
      vertex 48.8581 133.391 2
    endloop
  endfacet
  facet normal -0 0 1
    outer loop
      vertex 14.9187 155.913 2
      vertex 49.1515 133.587 2
      vertex 14.95 156.55 2
    endloop
  endfacet
  facet normal -0 0 1
    outer loop
      vertex 14.8251 155.282 2
      vertex 49 133.497 2
      vertex 14.9187 155.913 2
    endloop
  endfacet
  facet normal 0 0 1
    outer loop
      vertex 49.1515 133.587 2
      vertex 14.9187 155.913 2
      vertex 49 133.497 2
    endloop
  endfacet
  facet normal 0 0 1
    outer loop
      vertex 76 162.4 2
      vertex 14.6701 158.437 2
      vertex 14.8251 157.818 2
    endloop
  endfacet
  facet normal 0 0 1
    outer loop
      vertex 76 162.4 2
      vertex 14.4552 159.037 2
      vertex 14.6701 158.437 2
    endloop
  endfacet
  facet normal 0 0 1
    outer loop
      vertex 76 162.4 2
      vertex 14.1825 159.614 2
      vertex 14.4552 159.037 2
    endloop
  endfacet
  facet normal 0 0 1
    outer loop
      vertex 76 162.4 2
      vertex 13.8546 160.161 2
      vertex 14.1825 159.614 2
    endloop
  endfacet
  facet normal 0 0 1
    outer loop
      vertex 76 162.4 2
      vertex 13.4746 160.674 2
      vertex 13.8546 160.161 2
    endloop
  endfacet
  facet normal 0 0 1
    outer loop
      vertex 76 162.4 2
      vertex 13.0462 161.146 2
      vertex 13.4746 160.674 2
    endloop
  endfacet
  facet normal 0 0 1
    outer loop
      vertex 76 162.4 2
      vertex 12.5736 161.575 2
      vertex 13.0462 161.146 2
    endloop
  endfacet
  facet normal 0 0 1
    outer loop
      vertex 76 162.4 2
      vertex 12.0612 161.955 2
      vertex 12.5736 161.575 2
    endloop
  endfacet
  facet normal -0 0 1
    outer loop
      vertex 7.99999 163.65 2
      vertex 76 162.4 2
      vertex 192 163.65 2
    endloop
  endfacet
  facet normal 0 0 1
    outer loop
      vertex 76 162.4 2
      vertex 11.5141 162.282 2
      vertex 12.0612 161.955 2
    endloop
  endfacet
  facet normal 0 0 1
    outer loop
      vertex 76 162.4 2
      vertex 11.2656 162.4 2
      vertex 11.5141 162.282 2
    endloop
  endfacet
  facet normal 0 0 1
    outer loop
      vertex 76 162.4 2
      vertex 7.99999 163.65 2
      vertex 11.2656 162.4 2
    endloop
  endfacet
  facet normal 0 0 1
    outer loop
      vertex 7.99999 163.65 2
      vertex 7.99999 162.4 2
      vertex 11.2656 162.4 2
    endloop
  endfacet
  facet normal 0 0 1
    outer loop
      vertex 7.99999 163.65 2
      vertex 7.4707 162.374 2
      vertex 7.99999 162.4 2
    endloop
  endfacet
  facet normal -0 0 1
    outer loop
      vertex 7.34818 163.618 2
      vertex 7.4707 162.374 2
      vertex 7.99999 163.65 2
    endloop
  endfacet
  facet normal 0 0 1
    outer loop
      vertex 7.34818 163.618 2
      vertex 6.94651 162.296 2
      vertex 7.4707 162.374 2
    endloop
  endfacet
  facet normal -0 0 1
    outer loop
      vertex 6.70265 163.522 2
      vertex 6.94651 162.296 2
      vertex 7.34818 163.618 2
    endloop
  endfacet
  facet normal 0 0 1
    outer loop
      vertex 6.70265 163.522 2
      vertex 6.43246 162.167 2
      vertex 6.94651 162.296 2
    endloop
  endfacet
  facet normal -0 0 1
    outer loop
      vertex 6.0696 163.364 2
      vertex 6.43246 162.167 2
      vertex 6.70265 163.522 2
    endloop
  endfacet
  facet normal 0 0 1
    outer loop
      vertex 6.0696 163.364 2
      vertex 5.9335 161.989 2
      vertex 6.43246 162.167 2
    endloop
  endfacet
  facet normal -0 0 1
    outer loop
      vertex 5.45515 163.144 2
      vertex 5.9335 161.989 2
      vertex 6.0696 163.364 2
    endloop
  endfacet
  facet normal 0 0 1
    outer loop
      vertex 5.45515 163.144 2
      vertex 5.45445 161.762 2
      vertex 5.9335 161.989 2
    endloop
  endfacet
  facet normal -0 0 1
    outer loop
      vertex 4.86521 162.865 2
      vertex 5.45445 161.762 2
      vertex 5.45515 163.144 2
    endloop
  endfacet
  facet normal 0 0 1
    outer loop
      vertex 5.45445 161.762 2
      vertex 4.86521 162.865 2
      vertex 4.99992 161.49 2
    endloop
  endfacet
  facet normal -0 0 1
    outer loop
      vertex 4.30544 162.529 2
      vertex 4.99992 161.49 2
      vertex 4.86521 162.865 2
    endloop
  endfacet
  facet normal 0 0 1
    outer loop
      vertex 4.99992 161.49 2
      vertex 4.30544 162.529 2
      vertex 4.57427 161.174 2
    endloop
  endfacet
  facet normal -0 0 1
    outer loop
      vertex 3.78127 162.141 2
      vertex 4.57427 161.174 2
      vertex 4.30544 162.529 2
    endloop
  endfacet
  facet normal 0 0 1
    outer loop
      vertex 4.57427 161.174 2
      vertex 3.78127 162.141 2
      vertex 4.18162 160.818 2
    endloop
  endfacet
  facet normal -0 0 1
    outer loop
      vertex 3.29774 161.702 2
      vertex 4.18162 160.818 2
      vertex 3.78127 162.141 2
    endloop
  endfacet
  facet normal 0 0 1
    outer loop
      vertex 4.18162 160.818 2
      vertex 3.29774 161.702 2
      vertex 3.82574 160.426 2
    endloop
  endfacet
  facet normal -0 0 1
    outer loop
      vertex 2.85948 161.219 2
      vertex 3.82574 160.426 2
      vertex 3.29774 161.702 2
    endloop
  endfacet
  facet normal 0 0 1
    outer loop
      vertex 3.82574 160.426 2
      vertex 2.85948 161.219 2
      vertex 3.51006 160 2
    endloop
  endfacet
  facet normal -0 0 1
    outer loop
      vertex 2.47073 160.695 2
      vertex 3.51006 160 2
      vertex 2.85948 161.219 2
    endloop
  endfacet
  facet normal 0 0 1
    outer loop
      vertex 3.51006 160 2
      vertex 2.47073 160.695 2
      vertex 3.23762 159.546 2
    endloop
  endfacet
  facet normal -0 0 1
    outer loop
      vertex 2.13522 160.135 2
      vertex 3.23762 159.546 2
      vertex 2.47073 160.695 2
    endloop
  endfacet
  facet normal 0 0 1
    outer loop
      vertex 3.23762 159.546 2
      vertex 2.13522 160.135 2
      vertex 3.01104 159.066 2
    endloop
  endfacet
  facet normal -0 0 1
    outer loop
      vertex 1.85619 159.545 2
      vertex 3.01104 159.066 2
      vertex 2.13522 160.135 2
    endloop
  endfacet
  facet normal -0 0 1
    outer loop
      vertex 1.35 157 2
      vertex 2.6 153.734 2
      vertex 2.6 157 2
    endloop
  endfacet
  facet normal 0 0 1
    outer loop
      vertex 2.6 153.734 2
      vertex 1.35 157 2
      vertex 2.6 11.2656 2
    endloop
  endfacet
  facet normal 0 0 1
    outer loop
      vertex 2.83251 158.568 2
      vertex 1.63635 158.93 2
      vertex 2.70376 158.053 2
    endloop
  endfacet
  facet normal -0 0 1
    outer loop
      vertex 1.63635 158.93 2
      vertex 2.83251 158.568 2
      vertex 1.85619 159.545 2
    endloop
  endfacet
  facet normal 0 0 1
    outer loop
      vertex 3.01104 159.066 2
      vertex 1.85619 159.545 2
      vertex 2.83251 158.568 2
    endloop
  endfacet
  facet normal -0 0 1
    outer loop
      vertex 197.296 6.94651 2
      vertex 198.522 6.70265 2
      vertex 197.374 7.4707 2
    endloop
  endfacet
  facet normal 0 0 1
    outer loop
      vertex 198.522 6.70265 2
      vertex 197.296 6.94651 2
      vertex 198.364 6.0696 2
    endloop
  endfacet
  facet normal -0 0 1
    outer loop
      vertex 197.167 6.43246 2
      vertex 198.364 6.0696 2
      vertex 197.296 6.94651 2
    endloop
  endfacet
  facet normal 0 0 1
    outer loop
      vertex 198.364 6.0696 2
      vertex 197.167 6.43246 2
      vertex 198.144 5.45515 2
    endloop
  endfacet
  facet normal -0 0 1
    outer loop
      vertex 196.989 5.9335 2
      vertex 198.144 5.45515 2
      vertex 197.167 6.43246 2
    endloop
  endfacet
  facet normal 0 0 1
    outer loop
      vertex 198.144 5.45515 2
      vertex 196.989 5.9335 2
      vertex 197.865 4.86521 2
    endloop
  endfacet
  facet normal -0 0 1
    outer loop
      vertex 196.762 5.45445 2
      vertex 197.865 4.86521 2
      vertex 196.989 5.9335 2
    endloop
  endfacet
  facet normal 0 0 1
    outer loop
      vertex 197.865 4.86521 2
      vertex 196.762 5.45445 2
      vertex 197.529 4.30544 2
    endloop
  endfacet
  facet normal -0 0 1
    outer loop
      vertex 196.49 4.99992 2
      vertex 197.529 4.30544 2
      vertex 196.762 5.45445 2
    endloop
  endfacet
  facet normal 0 0 1
    outer loop
      vertex 197.529 4.30544 2
      vertex 196.49 4.99992 2
      vertex 197.141 3.78127 2
    endloop
  endfacet
  facet normal -0 0 1
    outer loop
      vertex 196.174 4.57427 2
      vertex 197.141 3.78127 2
      vertex 196.49 4.99992 2
    endloop
  endfacet
  facet normal 0 0 1
    outer loop
      vertex 197.141 3.78127 2
      vertex 196.174 4.57427 2
      vertex 196.702 3.29774 2
    endloop
  endfacet
  facet normal -0 0 1
    outer loop
      vertex 195.818 4.18162 2
      vertex 196.702 3.29774 2
      vertex 196.174 4.57427 2
    endloop
  endfacet
  facet normal 0 0 1
    outer loop
      vertex 196.702 3.29774 2
      vertex 195.818 4.18162 2
      vertex 196.219 2.85948 2
    endloop
  endfacet
  facet normal -0 0 1
    outer loop
      vertex 195.426 3.82574 2
      vertex 196.219 2.85948 2
      vertex 195.818 4.18162 2
    endloop
  endfacet
  facet normal 0 0 1
    outer loop
      vertex 196.219 2.85948 2
      vertex 195.426 3.82574 2
      vertex 195.695 2.47073 2
    endloop
  endfacet
  facet normal -0 0 1
    outer loop
      vertex 195 3.51006 2
      vertex 195.695 2.47073 2
      vertex 195.426 3.82574 2
    endloop
  endfacet
  facet normal 0 0 1
    outer loop
      vertex 195.695 2.47073 2
      vertex 195 3.51006 2
      vertex 195.135 2.13522 2
    endloop
  endfacet
  facet normal -0 0 1
    outer loop
      vertex 194.546 3.23762 2
      vertex 195.135 2.13522 2
      vertex 195 3.51006 2
    endloop
  endfacet
  facet normal 0 0 1
    outer loop
      vertex 194.546 3.23762 2
      vertex 194.545 1.85619 2
      vertex 195.135 2.13522 2
    endloop
  endfacet
  facet normal -0 0 1
    outer loop
      vertex 194.066 3.01104 2
      vertex 194.545 1.85619 2
      vertex 194.546 3.23762 2
    endloop
  endfacet
  facet normal 0 0 1
    outer loop
      vertex 194.066 3.01104 2
      vertex 193.93 1.63635 2
      vertex 194.545 1.85619 2
    endloop
  endfacet
  facet normal -0 0 1
    outer loop
      vertex 193.568 2.83251 2
      vertex 193.93 1.63635 2
      vertex 194.066 3.01104 2
    endloop
  endfacet
  facet normal 0 0 1
    outer loop
      vertex 193.568 2.83251 2
      vertex 193.297 1.47778 2
      vertex 193.93 1.63635 2
    endloop
  endfacet
  facet normal -0 0 1
    outer loop
      vertex 193.053 2.70376 2
      vertex 193.297 1.47778 2
      vertex 193.568 2.83251 2
    endloop
  endfacet
  facet normal 0 0 1
    outer loop
      vertex 193.053 2.70376 2
      vertex 192.652 1.38201 2
      vertex 193.297 1.47778 2
    endloop
  endfacet
  facet normal -0 0 1
    outer loop
      vertex 192.529 2.626 2
      vertex 192.652 1.38201 2
      vertex 193.053 2.70376 2
    endloop
  endfacet
  facet normal -0 0 1
    outer loop
      vertex 192 2.6 2
      vertex 192.652 1.38201 2
      vertex 192.529 2.626 2
    endloop
  endfacet
  facet normal 0 0 1
    outer loop
      vertex 192 2.6 2
      vertex 192 1.35 2
      vertex 192.652 1.38201 2
    endloop
  endfacet
  facet normal -0 0 1
    outer loop
      vertex 188.734 2.6 2
      vertex 192 1.35 2
      vertex 192 2.6 2
    endloop
  endfacet
  facet normal 0 0 1
    outer loop
      vertex 190.282 150.175 2
      vertex 153.732 124.632 2
      vertex 153.678 124.268 2
    endloop
  endfacet
  facet normal 0 0 1
    outer loop
      vertex 190.913 150.081 2
      vertex 153.678 124.268 2
      vertex 153.589 123.911 2
    endloop
  endfacet
  facet normal 0 0 1
    outer loop
      vertex 191.55 150.05 2
      vertex 153.589 123.911 2
      vertex 153.465 123.565 2
    endloop
  endfacet
  facet normal 0 0 1
    outer loop
      vertex 192.187 150.081 2
      vertex 153.465 123.565 2
      vertex 153.307 123.232 2
    endloop
  endfacet
  facet normal 0 0 1
    outer loop
      vertex 188.486 14.1825 2
      vertex 145.611 79.8371 2
      vertex 187.939 13.8546 2
    endloop
  endfacet
  facet normal -0 0 1
    outer loop
      vertex 145.443 79.7362 2
      vertex 187.939 13.8546 2
      vertex 145.611 79.8371 2
    endloop
  endfacet
  facet normal 0 0 1
    outer loop
      vertex 187.939 13.8546 2
      vertex 145.443 79.7362 2
      vertex 187.426 13.4746 2
    endloop
  endfacet
  facet normal 0 0 1
    outer loop
      vertex 192.818 150.175 2
      vertex 153.307 123.232 2
      vertex 146.5 81.5 2
    endloop
  endfacet
  facet normal 0 0 1
    outer loop
      vertex 146.5 81.5 2
      vertex 153.307 123.232 2
      vertex 153.118 122.917 2
    endloop
  endfacet
  facet normal 0 0 1
    outer loop
      vertex 146.5 81.5 2
      vertex 153.118 122.917 2
      vertex 152.899 122.621 2
    endloop
  endfacet
  facet normal 0 0 1
    outer loop
      vertex 146.5 112.5 2
      vertex 152.899 122.621 2
      vertex 152.652 122.348 2
    endloop
  endfacet
  facet normal 0 0 1
    outer loop
      vertex 146.5 112.5 2
      vertex 152.652 122.348 2
      vertex 152.379 122.101 2
    endloop
  endfacet
  facet normal 0 0 1
    outer loop
      vertex 146.5 112.5 2
      vertex 152.379 122.101 2
      vertex 152.083 121.882 2
    endloop
  endfacet
  facet normal 0 0 1
    outer loop
      vertex 146.5 112.5 2
      vertex 152.083 121.882 2
      vertex 151.768 121.693 2
    endloop
  endfacet
  facet normal 0 0 1
    outer loop
      vertex 146.49 112.696 2
      vertex 151.768 121.693 2
      vertex 151.435 121.535 2
    endloop
  endfacet
  facet normal 0 0 1
    outer loop
      vertex 146.49 112.696 2
      vertex 151.435 121.535 2
      vertex 151.089 121.411 2
    endloop
  endfacet
  facet normal 0 0 1
    outer loop
      vertex 146.49 112.696 2
      vertex 151.089 121.411 2
      vertex 150.732 121.322 2
    endloop
  endfacet
  facet normal 0 0 1
    outer loop
      vertex 146.49 112.696 2
      vertex 150.732 121.322 2
      vertex 150.368 121.268 2
    endloop
  endfacet
  facet normal 0 0 1
    outer loop
      vertex 146.49 112.696 2
      vertex 150.368 121.268 2
      vertex 150 121.25 2
    endloop
  endfacet
  facet normal 0 0 1
    outer loop
      vertex 146.49 112.696 2
      vertex 150 121.25 2
      vertex 149.632 121.268 2
    endloop
  endfacet
  facet normal 0 0 1
    outer loop
      vertex 146.49 112.696 2
      vertex 149.632 121.268 2
      vertex 149.268 121.322 2
    endloop
  endfacet
  facet normal 0 0 1
    outer loop
      vertex 146.49 112.696 2
      vertex 149.268 121.322 2
      vertex 148.911 121.411 2
    endloop
  endfacet
  facet normal 0 0 1
    outer loop
      vertex 146.49 112.696 2
      vertex 148.911 121.411 2
      vertex 148.565 121.535 2
    endloop
  endfacet
  facet normal 0 0 1
    outer loop
      vertex 146.49 112.696 2
      vertex 148.565 121.535 2
      vertex 148.232 121.693 2
    endloop
  endfacet
  facet normal 0 0 1
    outer loop
      vertex 146.49 112.696 2
      vertex 148.232 121.693 2
      vertex 147.917 121.882 2
    endloop
  endfacet
  facet normal 0 0 1
    outer loop
      vertex 146.49 112.696 2
      vertex 147.917 121.882 2
      vertex 147.621 122.101 2
    endloop
  endfacet
  facet normal 0 0 1
    outer loop
      vertex 146.49 112.696 2
      vertex 147.621 122.101 2
      vertex 147.348 122.348 2
    endloop
  endfacet
  facet normal 0 0 1
    outer loop
      vertex 146.49 112.696 2
      vertex 147.348 122.348 2
      vertex 147.101 122.621 2
    endloop
  endfacet
  facet normal 0 0 1
    outer loop
      vertex 146.49 112.696 2
      vertex 147.101 122.621 2
      vertex 146.882 122.917 2
    endloop
  endfacet
  facet normal 0 0 1
    outer loop
      vertex 146.49 112.696 2
      vertex 146.882 122.917 2
      vertex 146.693 123.232 2
    endloop
  endfacet
  facet normal 0 0 1
    outer loop
      vertex 144.5 114.5 2
      vertex 146.693 123.232 2
      vertex 146.535 123.565 2
    endloop
  endfacet
  facet normal 0 0 1
    outer loop
      vertex 152.899 122.621 2
      vertex 146.5 112.5 2
      vertex 146.5 81.5 2
    endloop
  endfacet
  facet normal -0 0 1
    outer loop
      vertex 145.265 79.6522 2
      vertex 187.426 13.4746 2
      vertex 145.443 79.7362 2
    endloop
  endfacet
  facet normal 0 0 1
    outer loop
      vertex 187.426 13.4746 2
      vertex 145.265 79.6522 2
      vertex 186.954 13.0462 2
    endloop
  endfacet
  facet normal -0 0 1
    outer loop
      vertex 145.081 79.5861 2
      vertex 186.954 13.0462 2
      vertex 145.265 79.6522 2
    endloop
  endfacet
  facet normal 0 0 1
    outer loop
      vertex 186.954 13.0462 2
      vertex 145.081 79.5861 2
      vertex 186.525 12.5736 2
    endloop
  endfacet
  facet normal -0 0 1
    outer loop
      vertex 144.89 79.5384 2
      vertex 186.525 12.5736 2
      vertex 145.081 79.5861 2
    endloop
  endfacet
  facet normal 0 0 1
    outer loop
      vertex 186.525 12.5736 2
      vertex 144.89 79.5384 2
      vertex 186.145 12.0612 2
    endloop
  endfacet
  facet normal -0 0 1
    outer loop
      vertex 144.696 79.5096 2
      vertex 186.145 12.0612 2
      vertex 144.89 79.5384 2
    endloop
  endfacet
  facet normal 0 0 1
    outer loop
      vertex 186.145 12.0612 2
      vertex 144.696 79.5096 2
      vertex 185.818 11.5141 2
    endloop
  endfacet
  facet normal -0 0 1
    outer loop
      vertex 144.5 79.5 2
      vertex 185.818 11.5141 2
      vertex 144.696 79.5096 2
    endloop
  endfacet
  facet normal 0 0 1
    outer loop
      vertex 185.818 11.5141 2
      vertex 144.5 79.5 2
      vertex 185.545 10.9374 2
    endloop
  endfacet
  facet normal 0 0 1
    outer loop
      vertex 185.545 10.9374 2
      vertex 144.5 79.5 2
      vertex 185.33 10.3369 2
    endloop
  endfacet
  facet normal 0 0 1
    outer loop
      vertex 185.33 10.3369 2
      vertex 144.5 79.5 2
      vertex 185.175 9.71809 2
    endloop
  endfacet
  facet normal 0 0 1
    outer loop
      vertex 185.175 9.71809 2
      vertex 144.5 79.5 2
      vertex 185.081 9.08711 2
    endloop
  endfacet
  facet normal 0 0 1
    outer loop
      vertex 185.081 9.08711 2
      vertex 144.5 79.5 2
      vertex 185.05 8.45 2
    endloop
  endfacet
  facet normal -0 0 1
    outer loop
      vertex 55.5 79.5 2
      vertex 185.05 8.45 2
      vertex 144.5 79.5 2
    endloop
  endfacet
  facet normal 0 0 1
    outer loop
      vertex 14.95 8.45 2
      vertex 185.05 8.45 2
      vertex 55.5 79.5 2
    endloop
  endfacet
  facet normal 0 0 1
    outer loop
      vertex 185.05 8.45 2
      vertex 14.95 8.45 2
      vertex 185.081 7.81289 2
    endloop
  endfacet
  facet normal 0 0 1
    outer loop
      vertex 14.9187 7.81289 2
      vertex 185.081 7.81289 2
      vertex 14.95 8.45 2
    endloop
  endfacet
  facet normal 0 0 1
    outer loop
      vertex 185.081 7.81289 2
      vertex 14.9187 7.81289 2
      vertex 185.175 7.18191 2
    endloop
  endfacet
  facet normal 0 0 1
    outer loop
      vertex 14.8251 7.18191 2
      vertex 185.175 7.18191 2
      vertex 14.9187 7.81289 2
    endloop
  endfacet
  facet normal 0 0 1
    outer loop
      vertex 185.175 7.18191 2
      vertex 14.8251 7.18191 2
      vertex 185.33 6.56315 2
    endloop
  endfacet
  facet normal 0 0 1
    outer loop
      vertex 14.6701 6.56315 2
      vertex 185.33 6.56315 2
      vertex 14.8251 7.18191 2
    endloop
  endfacet
  facet normal 0 0 1
    outer loop
      vertex 185.33 6.56315 2
      vertex 14.6701 6.56315 2
      vertex 185.545 5.96256 2
    endloop
  endfacet
  facet normal 0 0 1
    outer loop
      vertex 14.4552 5.96256 2
      vertex 185.545 5.96256 2
      vertex 14.6701 6.56315 2
    endloop
  endfacet
  facet normal 0 0 1
    outer loop
      vertex 185.545 5.96256 2
      vertex 14.4552 5.96256 2
      vertex 185.818 5.38592 2
    endloop
  endfacet
  facet normal 0 0 1
    outer loop
      vertex 14.1825 5.38592 2
      vertex 185.818 5.38592 2
      vertex 14.4552 5.96256 2
    endloop
  endfacet
  facet normal 0 0 1
    outer loop
      vertex 14.95 8.45 2
      vertex 55.5 79.5 2
      vertex 55.304 79.5096 2
    endloop
  endfacet
  facet normal 0 0 1
    outer loop
      vertex 14.95 8.45 2
      vertex 55.304 79.5096 2
      vertex 55.1098 79.5384 2
    endloop
  endfacet
  facet normal 0 0 1
    outer loop
      vertex 14.95 8.45 2
      vertex 55.1098 79.5384 2
      vertex 54.9194 79.5861 2
    endloop
  endfacet
  facet normal 0 0 1
    outer loop
      vertex 14.95 8.45 2
      vertex 54.9194 79.5861 2
      vertex 54.7346 79.6522 2
    endloop
  endfacet
  facet normal 0 0 1
    outer loop
      vertex 14.95 8.45 2
      vertex 54.7346 79.6522 2
      vertex 54.5572 79.7362 2
    endloop
  endfacet
  facet normal 0 0 1
    outer loop
      vertex 54.2312 114.046 2
      vertex 50.7316 121.322 2
      vertex 54.0858 113.914 2
    endloop
  endfacet
  facet normal -0 0 1
    outer loop
      vertex 50.3676 121.268 2
      vertex 54.0858 113.914 2
      vertex 50.7316 121.322 2
    endloop
  endfacet
  facet normal 0 0 1
    outer loop
      vertex 54.0858 113.914 2
      vertex 50.3676 121.268 2
      vertex 53.954 113.769 2
    endloop
  endfacet
  facet normal -0 0 1
    outer loop
      vertex 50 121.25 2
      vertex 53.954 113.769 2
      vertex 50.3676 121.268 2
    endloop
  endfacet
  facet normal 0 0 1
    outer loop
      vertex 53.954 113.769 2
      vertex 50 121.25 2
      vertex 53.8371 113.611 2
    endloop
  endfacet
  facet normal 0 0 1
    outer loop
      vertex 49.6324 121.268 2
      vertex 53.8371 113.611 2
      vertex 50 121.25 2
    endloop
  endfacet
  facet normal 0 0 1
    outer loop
      vertex 53.8371 113.611 2
      vertex 49.6324 121.268 2
      vertex 53.7362 113.443 2
    endloop
  endfacet
  facet normal 0 0 1
    outer loop
      vertex 53.7362 113.443 2
      vertex 49.6324 121.268 2
      vertex 53.6522 113.265 2
    endloop
  endfacet
  facet normal 0 0 1
    outer loop
      vertex 49.2684 121.322 2
      vertex 53.6522 113.265 2
      vertex 49.6324 121.268 2
    endloop
  endfacet
  facet normal 0 0 1
    outer loop
      vertex 53.6522 113.265 2
      vertex 49.2684 121.322 2
      vertex 53.5861 113.081 2
    endloop
  endfacet
  facet normal 0 0 1
    outer loop
      vertex 48.9114 121.411 2
      vertex 53.5861 113.081 2
      vertex 49.2684 121.322 2
    endloop
  endfacet
  facet normal 0 0 1
    outer loop
      vertex 53.5861 113.081 2
      vertex 48.9114 121.411 2
      vertex 53.5384 112.89 2
    endloop
  endfacet
  facet normal 0 0 1
    outer loop
      vertex 48.5649 121.535 2
      vertex 53.5384 112.89 2
      vertex 48.9114 121.411 2
    endloop
  endfacet
  facet normal 0 0 1
    outer loop
      vertex 53.5384 112.89 2
      vertex 48.5649 121.535 2
      vertex 53.5096 112.696 2
    endloop
  endfacet
  facet normal 0 0 1
    outer loop
      vertex 48.2323 121.693 2
      vertex 53.5096 112.696 2
      vertex 48.5649 121.535 2
    endloop
  endfacet
  facet normal 0 0 1
    outer loop
      vertex 53.5096 112.696 2
      vertex 48.2323 121.693 2
      vertex 53.5 112.5 2
    endloop
  endfacet
  facet normal 0 0 1
    outer loop
      vertex 47.9166 121.882 2
      vertex 53.5 112.5 2
      vertex 48.2323 121.693 2
    endloop
  endfacet
  facet normal 0 0 1
    outer loop
      vertex 47.621 122.101 2
      vertex 53.5 112.5 2
      vertex 47.9166 121.882 2
    endloop
  endfacet
  facet normal 0 0 1
    outer loop
      vertex 47.3484 122.348 2
      vertex 53.5 112.5 2
      vertex 47.621 122.101 2
    endloop
  endfacet
  facet normal 0 0 1
    outer loop
      vertex 47.1012 122.621 2
      vertex 53.5 112.5 2
      vertex 47.3484 122.348 2
    endloop
  endfacet
  facet normal 0 0 1
    outer loop
      vertex 53.5 112.5 2
      vertex 47.1012 122.621 2
      vertex 53.5 81.5 2
    endloop
  endfacet
  facet normal 0 0 1
    outer loop
      vertex 46.882 122.917 2
      vertex 53.5 81.5 2
      vertex 47.1012 122.621 2
    endloop
  endfacet
  facet normal 0 0 1
    outer loop
      vertex 46.6928 123.232 2
      vertex 53.5 81.5 2
      vertex 46.882 122.917 2
    endloop
  endfacet
  facet normal 0 0 1
    outer loop
      vertex 46.5355 126.435 2
      vertex 12.5736 151.525 2
      vertex 46.4115 126.089 2
    endloop
  endfacet
  facet normal -0 0 1
    outer loop
      vertex 12.0612 151.145 2
      vertex 46.4115 126.089 2
      vertex 12.5736 151.525 2
    endloop
  endfacet
  facet normal 0 0 1
    outer loop
      vertex 48.2346 132.351 2
      vertex 12.5736 151.525 2
      vertex 46.5355 126.435 2
    endloop
  endfacet
  facet normal -0 0 1
    outer loop
      vertex 12.5736 151.525 2
      vertex 48.2346 132.351 2
      vertex 13.0462 151.954 2
    endloop
  endfacet
  facet normal 0 0 1
    outer loop
      vertex 48.2775 132.523 2
      vertex 13.0462 151.954 2
      vertex 48.2346 132.351 2
    endloop
  endfacet
  facet normal 0 0 1
    outer loop
      vertex 48.337 132.689 2
      vertex 13.4746 152.426 2
      vertex 48.2775 132.523 2
    endloop
  endfacet
  facet normal -0 0 1
    outer loop
      vertex 13.0462 151.954 2
      vertex 48.2775 132.523 2
      vertex 13.4746 152.426 2
    endloop
  endfacet
  facet normal 0 0 1
    outer loop
      vertex 53.5 81.5 2
      vertex 14.95 8.45 2
      vertex 53.5096 81.304 2
    endloop
  endfacet
  facet normal 0 0 1
    outer loop
      vertex 53.5096 81.304 2
      vertex 14.95 8.45 2
      vertex 53.5384 81.1098 2
    endloop
  endfacet
  facet normal 0 0 1
    outer loop
      vertex 53.5384 81.1098 2
      vertex 14.95 8.45 2
      vertex 53.5861 80.9194 2
    endloop
  endfacet
  facet normal 0 0 1
    outer loop
      vertex 53.5861 80.9194 2
      vertex 14.95 8.45 2
      vertex 53.6522 80.7346 2
    endloop
  endfacet
  facet normal 0 0 1
    outer loop
      vertex 53.6522 80.7346 2
      vertex 14.95 8.45 2
      vertex 53.7362 80.5572 2
    endloop
  endfacet
  facet normal 0 0 1
    outer loop
      vertex 14.95 8.45 2
      vertex 53.8371 80.3889 2
      vertex 53.7362 80.5572 2
    endloop
  endfacet
  facet normal 0 0 1
    outer loop
      vertex 14.95 8.45 2
      vertex 53.954 80.2312 2
      vertex 53.8371 80.3889 2
    endloop
  endfacet
  facet normal 0 0 1
    outer loop
      vertex 14.95 8.45 2
      vertex 54.0858 80.0858 2
      vertex 53.954 80.2312 2
    endloop
  endfacet
  facet normal 0 0 1
    outer loop
      vertex 14.95 8.45 2
      vertex 54.2312 79.954 2
      vertex 54.0858 80.0858 2
    endloop
  endfacet
  facet normal 0 0 1
    outer loop
      vertex 14.95 8.45 2
      vertex 54.3889 79.8371 2
      vertex 54.2312 79.954 2
    endloop
  endfacet
  facet normal 0 0 1
    outer loop
      vertex 14.95 8.45 2
      vertex 54.5572 79.7362 2
      vertex 54.3889 79.8371 2
    endloop
  endfacet
  facet normal 0 0 1
    outer loop
      vertex 185.818 5.38592 2
      vertex 14.1825 5.38592 2
      vertex 186.145 4.83879 2
    endloop
  endfacet
  facet normal 0 0 1
    outer loop
      vertex 13.8546 4.83879 2
      vertex 186.145 4.83879 2
      vertex 14.1825 5.38592 2
    endloop
  endfacet
  facet normal 0 0 1
    outer loop
      vertex 186.145 4.83879 2
      vertex 13.8546 4.83879 2
      vertex 186.525 4.32644 2
    endloop
  endfacet
  facet normal 0 0 1
    outer loop
      vertex 13.4746 4.32644 2
      vertex 186.525 4.32644 2
      vertex 13.8546 4.83879 2
    endloop
  endfacet
  facet normal 0 0 1
    outer loop
      vertex 186.525 4.32644 2
      vertex 13.4746 4.32644 2
      vertex 186.954 3.85381 2
    endloop
  endfacet
  facet normal 0 0 1
    outer loop
      vertex 13.0462 3.85381 2
      vertex 186.954 3.85381 2
      vertex 13.4746 4.32644 2
    endloop
  endfacet
  facet normal 0 0 1
    outer loop
      vertex 186.954 3.85381 2
      vertex 13.0462 3.85381 2
      vertex 187.426 3.42543 2
    endloop
  endfacet
  facet normal 0 0 1
    outer loop
      vertex 12.5736 3.42543 2
      vertex 187.426 3.42543 2
      vertex 13.0462 3.85381 2
    endloop
  endfacet
  facet normal 0 0 1
    outer loop
      vertex 187.426 3.42543 2
      vertex 12.5736 3.42543 2
      vertex 187.939 3.04545 2
    endloop
  endfacet
  facet normal 0 0 1
    outer loop
      vertex 12.0612 3.04545 2
      vertex 187.939 3.04545 2
      vertex 12.5736 3.42543 2
    endloop
  endfacet
  facet normal 0 0 1
    outer loop
      vertex 187.939 3.04545 2
      vertex 12.0612 3.04545 2
      vertex 188.486 2.71751 2
    endloop
  endfacet
  facet normal 0 0 1
    outer loop
      vertex 11.5141 2.71751 2
      vertex 188.486 2.71751 2
      vertex 12.0612 3.04545 2
    endloop
  endfacet
  facet normal 0 0 1
    outer loop
      vertex 188.486 2.71751 2
      vertex 11.5141 2.71751 2
      vertex 188.734 2.6 2
    endloop
  endfacet
  facet normal 0 0 1
    outer loop
      vertex 11.2656 2.6 2
      vertex 188.734 2.6 2
      vertex 11.5141 2.71751 2
    endloop
  endfacet
  facet normal 0 0 1
    outer loop
      vertex 188.734 2.6 2
      vertex 11.2656 2.6 2
      vertex 192 1.35 2
    endloop
  endfacet
  facet normal 0 0 1
    outer loop
      vertex 7.99999 1.35 2
      vertex 11.2656 2.6 2
      vertex 7.99999 2.6 2
    endloop
  endfacet
  facet normal 0 0 1
    outer loop
      vertex 11.2656 2.6 2
      vertex 7.99999 1.35 2
      vertex 192 1.35 2
    endloop
  endfacet
  facet normal 0 0 1
    outer loop
      vertex 7.4707 2.626 2
      vertex 7.99999 1.35 2
      vertex 7.99999 2.6 2
    endloop
  endfacet
  facet normal 0 0 1
    outer loop
      vertex 7.4707 2.626 2
      vertex 7.34818 1.38201 2
      vertex 7.99999 1.35 2
    endloop
  endfacet
  facet normal 0 0 1
    outer loop
      vertex 6.94651 2.70376 2
      vertex 7.34818 1.38201 2
      vertex 7.4707 2.626 2
    endloop
  endfacet
  facet normal 0 0 1
    outer loop
      vertex 6.94651 2.70376 2
      vertex 6.70265 1.47778 2
      vertex 7.34818 1.38201 2
    endloop
  endfacet
  facet normal 0 0 1
    outer loop
      vertex 6.43246 2.83251 2
      vertex 6.70265 1.47778 2
      vertex 6.94651 2.70376 2
    endloop
  endfacet
  facet normal 0 0 1
    outer loop
      vertex 6.43246 2.83251 2
      vertex 6.0696 1.63635 2
      vertex 6.70265 1.47778 2
    endloop
  endfacet
  facet normal 0 0 1
    outer loop
      vertex 5.9335 3.01104 2
      vertex 6.0696 1.63635 2
      vertex 6.43246 2.83251 2
    endloop
  endfacet
  facet normal 0 0 1
    outer loop
      vertex 5.9335 3.01104 2
      vertex 5.45515 1.85619 2
      vertex 6.0696 1.63635 2
    endloop
  endfacet
  facet normal 0 0 1
    outer loop
      vertex 5.45445 3.23762 2
      vertex 5.45515 1.85619 2
      vertex 5.9335 3.01104 2
    endloop
  endfacet
  facet normal 0 0 1
    outer loop
      vertex 4.86521 2.13522 2
      vertex 5.45445 3.23762 2
      vertex 4.99992 3.51006 2
    endloop
  endfacet
  facet normal 0 0 1
    outer loop
      vertex 5.45445 3.23762 2
      vertex 4.86521 2.13522 2
      vertex 5.45515 1.85619 2
    endloop
  endfacet
  facet normal 0 0 1
    outer loop
      vertex 4.30544 2.47073 2
      vertex 4.99992 3.51006 2
      vertex 4.57427 3.82574 2
    endloop
  endfacet
  facet normal 0 0 1
    outer loop
      vertex 4.99992 3.51006 2
      vertex 4.30544 2.47073 2
      vertex 4.86521 2.13522 2
    endloop
  endfacet
  facet normal 0 0 1
    outer loop
      vertex 3.78127 2.85948 2
      vertex 4.57427 3.82574 2
      vertex 4.18162 4.18162 2
    endloop
  endfacet
  facet normal 0 0 1
    outer loop
      vertex 3.29774 3.29774 2
      vertex 4.18162 4.18162 2
      vertex 3.82574 4.57427 2
    endloop
  endfacet
  facet normal 0 0 1
    outer loop
      vertex 4.57427 3.82574 2
      vertex 3.78127 2.85948 2
      vertex 4.30544 2.47073 2
    endloop
  endfacet
  facet normal 0 0 1
    outer loop
      vertex 2.85948 3.78127 2
      vertex 3.82574 4.57427 2
      vertex 3.51006 4.99992 2
    endloop
  endfacet
  facet normal 0 0 1
    outer loop
      vertex 4.18162 4.18162 2
      vertex 3.29774 3.29774 2
      vertex 3.78127 2.85948 2
    endloop
  endfacet
  facet normal 0 0 1
    outer loop
      vertex 2.47073 4.30544 2
      vertex 3.51006 4.99992 2
      vertex 3.23762 5.45445 2
    endloop
  endfacet
  facet normal 0 0 1
    outer loop
      vertex 2.13522 4.86521 2
      vertex 3.23762 5.45445 2
      vertex 3.01104 5.9335 2
    endloop
  endfacet
  facet normal 0 0 1
    outer loop
      vertex 3.82574 4.57427 2
      vertex 2.85948 3.78127 2
      vertex 3.29774 3.29774 2
    endloop
  endfacet
  facet normal 0 0 1
    outer loop
      vertex 1.85619 5.45515 2
      vertex 3.01104 5.9335 2
      vertex 2.83251 6.43246 2
    endloop
  endfacet
  facet normal 0 0 1
    outer loop
      vertex 1.63635 6.0696 2
      vertex 2.83251 6.43246 2
      vertex 2.70376 6.94651 2
    endloop
  endfacet
  facet normal 0 0 1
    outer loop
      vertex 1.47778 6.70265 2
      vertex 2.70376 6.94651 2
      vertex 2.626 7.4707 2
    endloop
  endfacet
  facet normal 0 0 1
    outer loop
      vertex 3.51006 4.99992 2
      vertex 2.47073 4.30544 2
      vertex 2.85948 3.78127 2
    endloop
  endfacet
  facet normal 0 0 1
    outer loop
      vertex 1.38201 7.34818 2
      vertex 2.626 7.4707 2
      vertex 2.6 7.99999 2
    endloop
  endfacet
  facet normal 0 0 1
    outer loop
      vertex 1.35 7.99999 2
      vertex 2.6 11.2656 2
      vertex 1.35 157 2
    endloop
  endfacet
  facet normal -0 0 1
    outer loop
      vertex 1.47778 158.297 2
      vertex 2.70376 158.053 2
      vertex 1.63635 158.93 2
    endloop
  endfacet
  facet normal 0 0 1
    outer loop
      vertex 2.6 11.2656 2
      vertex 1.35 7.99999 2
      vertex 2.6 7.99999 2
    endloop
  endfacet
  facet normal 0 0 1
    outer loop
      vertex 2.70376 158.053 2
      vertex 1.47778 158.297 2
      vertex 2.626 157.529 2
    endloop
  endfacet
  facet normal 0 -0 1
    outer loop
      vertex 1.38201 7.34818 2
      vertex 2.6 7.99999 2
      vertex 1.35 7.99999 2
    endloop
  endfacet
  facet normal -0 0 1
    outer loop
      vertex 1.38201 157.652 2
      vertex 2.626 157.529 2
      vertex 1.47778 158.297 2
    endloop
  endfacet
  facet normal 0 0 1
    outer loop
      vertex 3.23762 5.45445 2
      vertex 2.13522 4.86521 2
      vertex 2.47073 4.30544 2
    endloop
  endfacet
  facet normal 0 0 1
    outer loop
      vertex 2.626 157.529 2
      vertex 1.38201 157.652 2
      vertex 2.6 157 2
    endloop
  endfacet
  facet normal 0 0 1
    outer loop
      vertex 3.01104 5.9335 2
      vertex 1.85619 5.45515 2
      vertex 2.13522 4.86521 2
    endloop
  endfacet
  facet normal 0 0 1
    outer loop
      vertex 2.6 157 2
      vertex 1.38201 157.652 2
      vertex 1.35 157 2
    endloop
  endfacet
  facet normal 0 0 1
    outer loop
      vertex 2.83251 6.43246 2
      vertex 1.63635 6.0696 2
      vertex 1.85619 5.45515 2
    endloop
  endfacet
  facet normal 0 0 1
    outer loop
      vertex 2.70376 6.94651 2
      vertex 1.47778 6.70265 2
      vertex 1.63635 6.0696 2
    endloop
  endfacet
  facet normal 0 0 1
    outer loop
      vertex 2.626 7.4707 2
      vertex 1.38201 7.34818 2
      vertex 1.47778 6.70265 2
    endloop
  endfacet
  facet normal 0 0 1
    outer loop
      vertex 152.083 128.118 2
      vertex 151.8 132 2
      vertex 151.8 128.288 2
    endloop
  endfacet
  facet normal 0 0 1
    outer loop
      vertex 146.535 126.435 2
      vertex 124 128.5 2
      vertex 146.411 126.089 2
    endloop
  endfacet
  facet normal 0 0 1
    outer loop
      vertex 146.411 126.089 2
      vertex 124 128.5 2
      vertex 146.322 125.732 2
    endloop
  endfacet
  facet normal 0 0 1
    outer loop
      vertex 146.322 124.268 2
      vertex 124 128.5 2
      vertex 144.5 114.5 2
    endloop
  endfacet
  facet normal -0 0 1
    outer loop
      vertex 117.8 128.5 2
      vertex 144.5 114.5 2
      vertex 124 128.5 2
    endloop
  endfacet
  facet normal 0 0 1
    outer loop
      vertex 118.8 133.7 2
      vertex 82.2 162.3 2
      vertex 82.2 129.7 2
    endloop
  endfacet
  facet normal 0 0 1
    outer loop
      vertex 117.8 129.7 2
      vertex 82.2 129.7 2
      vertex 117.8 128.5 2
    endloop
  endfacet
  facet normal 0 0 1
    outer loop
      vertex 82.2 128.5 2
      vertex 117.8 128.5 2
      vertex 82.2 129.7 2
    endloop
  endfacet
  facet normal 0 0 1
    outer loop
      vertex 117.8 128.5 2
      vertex 82.2 128.5 2
      vertex 144.5 114.5 2
    endloop
  endfacet
  facet normal 0 0 1
    outer loop
      vertex 55.5 114.5 2
      vertex 82.2 128.5 2
      vertex 76 128.5 2
    endloop
  endfacet
  facet normal 0 0 1
    outer loop
      vertex 82.2 128.5 2
      vertex 55.5 114.5 2
      vertex 144.5 114.5 2
    endloop
  endfacet
  facet normal -0 0 1
    outer loop
      vertex 52.0834 121.882 2
      vertex 55.304 114.49 2
      vertex 52.379 122.101 2
    endloop
  endfacet
  facet normal 0 0 1
    outer loop
      vertex 55.304 114.49 2
      vertex 52.0834 121.882 2
      vertex 55.1098 114.462 2
    endloop
  endfacet
  facet normal 0 0 1
    outer loop
      vertex 55.1098 114.462 2
      vertex 52.0834 121.882 2
      vertex 54.9194 114.414 2
    endloop
  endfacet
  facet normal -0 0 1
    outer loop
      vertex 51.7677 121.693 2
      vertex 54.9194 114.414 2
      vertex 52.0834 121.882 2
    endloop
  endfacet
  facet normal 0 0 1
    outer loop
      vertex 54.9194 114.414 2
      vertex 51.7677 121.693 2
      vertex 54.7346 114.348 2
    endloop
  endfacet
  facet normal -0 0 1
    outer loop
      vertex 51.4351 121.535 2
      vertex 54.7346 114.348 2
      vertex 51.7677 121.693 2
    endloop
  endfacet
  facet normal 0 0 1
    outer loop
      vertex 54.7346 114.348 2
      vertex 51.4351 121.535 2
      vertex 54.5572 114.264 2
    endloop
  endfacet
  facet normal -0 0 1
    outer loop
      vertex 51.0886 121.411 2
      vertex 54.5572 114.264 2
      vertex 51.4351 121.535 2
    endloop
  endfacet
  facet normal 0 0 1
    outer loop
      vertex 54.5572 114.264 2
      vertex 51.0886 121.411 2
      vertex 54.3889 114.163 2
    endloop
  endfacet
  facet normal -0 0 1
    outer loop
      vertex 50.7316 121.322 2
      vertex 54.2312 114.046 2
      vertex 51.0886 121.411 2
    endloop
  endfacet
  facet normal 0 0 1
    outer loop
      vertex 54.3889 114.163 2
      vertex 51.0886 121.411 2
      vertex 54.2312 114.046 2
    endloop
  endfacet
  facet normal 0 0 0
    outer loop
      vertex 122.8 129.7 2
      vertex 118.8 129.7 2
      vertex 117.8 129.7 2
    endloop
  endfacet
  facet normal 0 0 0
    outer loop
      vertex 77.2 129.7 2
      vertex 77.2 133.7 2
      vertex 77.2 134.7 2
    endloop
  endfacet
  facet normal 0 0 -0
    outer loop
      vertex 77.2 158.3 2
      vertex 77.2 162.3 2
      vertex 77.2 157.3 2
    endloop
  endfacet
  facet normal 0 0 -0
    outer loop
      vertex 81.2 129.7 2
      vertex 77.2 129.7 2
      vertex 82.2 129.7 2
    endloop
  endfacet
  facet normal 0 0 1
    outer loop
      vertex 144.5 113.5 2
      vertex 145.5 112.5 2
      vertex 145.495 112.598 2
    endloop
  endfacet
  facet normal 0 0 1
    outer loop
      vertex 145.5 112.5 2
      vertex 144.5 113.5 2
      vertex 145.5 81.5 2
    endloop
  endfacet
  facet normal 0 0 1
    outer loop
      vertex 144.5 113.5 2
      vertex 145.495 112.598 2
      vertex 145.481 112.695 2
    endloop
  endfacet
  facet normal 0 0 1
    outer loop
      vertex 144.5 80.5 2
      vertex 145.5 81.5 2
      vertex 144.5 113.5 2
    endloop
  endfacet
  facet normal 0 0 1
    outer loop
      vertex 144.5 113.5 2
      vertex 145.481 112.695 2
      vertex 145.457 112.79 2
    endloop
  endfacet
  facet normal 0 0 1
    outer loop
      vertex 145.5 81.5 2
      vertex 144.5 80.5 2
      vertex 145.495 81.402 2
    endloop
  endfacet
  facet normal 0 0 1
    outer loop
      vertex 144.5 113.5 2
      vertex 145.457 112.79 2
      vertex 145.424 112.883 2
    endloop
  endfacet
  facet normal 0 0 1
    outer loop
      vertex 145.495 81.402 2
      vertex 144.5 80.5 2
      vertex 145.481 81.3049 2
    endloop
  endfacet
  facet normal 0 0 1
    outer loop
      vertex 144.5 113.5 2
      vertex 145.424 112.883 2
      vertex 145.382 112.971 2
    endloop
  endfacet
  facet normal 0 0 1
    outer loop
      vertex 145.481 81.3049 2
      vertex 144.5 80.5 2
      vertex 145.457 81.2097 2
    endloop
  endfacet
  facet normal 0 0 1
    outer loop
      vertex 144.5 113.5 2
      vertex 145.382 112.971 2
      vertex 145.331 113.056 2
    endloop
  endfacet
  facet normal 0 0 1
    outer loop
      vertex 145.457 81.2097 2
      vertex 144.5 80.5 2
      vertex 145.424 81.1173 2
    endloop
  endfacet
  facet normal 0 0 1
    outer loop
      vertex 144.5 113.5 2
      vertex 145.331 113.056 2
      vertex 145.273 113.134 2
    endloop
  endfacet
  facet normal 0 0 1
    outer loop
      vertex 145.424 81.1173 2
      vertex 144.5 80.5 2
      vertex 145.382 81.0286 2
    endloop
  endfacet
  facet normal 0 0 1
    outer loop
      vertex 144.5 113.5 2
      vertex 145.273 113.134 2
      vertex 145.207 113.207 2
    endloop
  endfacet
  facet normal 0 0 1
    outer loop
      vertex 145.382 81.0286 2
      vertex 144.5 80.5 2
      vertex 145.331 80.9444 2
    endloop
  endfacet
  facet normal 0 0 1
    outer loop
      vertex 144.5 113.5 2
      vertex 145.207 113.207 2
      vertex 145.134 113.273 2
    endloop
  endfacet
  facet normal 0 0 1
    outer loop
      vertex 145.331 80.9444 2
      vertex 144.5 80.5 2
      vertex 145.273 80.8656 2
    endloop
  endfacet
  facet normal 0 0 1
    outer loop
      vertex 144.5 113.5 2
      vertex 145.134 113.273 2
      vertex 145.056 113.331 2
    endloop
  endfacet
  facet normal 0 0 1
    outer loop
      vertex 145.273 80.8656 2
      vertex 144.5 80.5 2
      vertex 145.207 80.7929 2
    endloop
  endfacet
  facet normal 0 0 1
    outer loop
      vertex 144.5 113.5 2
      vertex 145.056 113.331 2
      vertex 144.971 113.382 2
    endloop
  endfacet
  facet normal 0 0 1
    outer loop
      vertex 145.207 80.7929 2
      vertex 144.5 80.5 2
      vertex 145.134 80.727 2
    endloop
  endfacet
  facet normal 0 0 1
    outer loop
      vertex 144.5 113.5 2
      vertex 144.971 113.382 2
      vertex 144.883 113.424 2
    endloop
  endfacet
  facet normal 0 0 1
    outer loop
      vertex 145.134 80.727 2
      vertex 144.5 80.5 2
      vertex 145.056 80.6685 2
    endloop
  endfacet
  facet normal 0 0 1
    outer loop
      vertex 144.5 113.5 2
      vertex 144.883 113.424 2
      vertex 144.79 113.457 2
    endloop
  endfacet
  facet normal 0 0 1
    outer loop
      vertex 145.056 80.6685 2
      vertex 144.5 80.5 2
      vertex 144.971 80.6181 2
    endloop
  endfacet
  facet normal 0 0 1
    outer loop
      vertex 144.5 113.5 2
      vertex 144.79 113.457 2
      vertex 144.695 113.481 2
    endloop
  endfacet
  facet normal 0 0 1
    outer loop
      vertex 144.971 80.6181 2
      vertex 144.5 80.5 2
      vertex 144.883 80.5761 2
    endloop
  endfacet
  facet normal 0 0 1
    outer loop
      vertex 144.5 113.5 2
      vertex 144.695 113.481 2
      vertex 144.598 113.495 2
    endloop
  endfacet
  facet normal 0 0 1
    outer loop
      vertex 144.883 80.5761 2
      vertex 144.5 80.5 2
      vertex 144.79 80.5431 2
    endloop
  endfacet
  facet normal 0 0 1
    outer loop
      vertex 144.79 80.5431 2
      vertex 144.5 80.5 2
      vertex 144.695 80.5192 2
    endloop
  endfacet
  facet normal 0 0 1
    outer loop
      vertex 144.695 80.5192 2
      vertex 144.5 80.5 2
      vertex 144.598 80.5048 2
    endloop
  endfacet
  facet normal -0 0 1
    outer loop
      vertex 55.5 113.5 2
      vertex 144.5 80.5 2
      vertex 144.5 113.5 2
    endloop
  endfacet
  facet normal 0 0 1
    outer loop
      vertex 55.5 113.5 2
      vertex 55.5 80.5 2
      vertex 144.5 80.5 2
    endloop
  endfacet
  facet normal 0 0 1
    outer loop
      vertex 54.5 112.5 2
      vertex 55.5 113.5 2
      vertex 55.402 113.495 2
    endloop
  endfacet
  facet normal 0 0 1
    outer loop
      vertex 55.5 113.5 2
      vertex 54.5 112.5 2
      vertex 55.5 80.5 2
    endloop
  endfacet
  facet normal 0 0 1
    outer loop
      vertex 54.5 112.5 2
      vertex 55.402 113.495 2
      vertex 55.3049 113.481 2
    endloop
  endfacet
  facet normal -0 0 1
    outer loop
      vertex 54.5 81.5 2
      vertex 55.5 80.5 2
      vertex 54.5 112.5 2
    endloop
  endfacet
  facet normal 0 0 1
    outer loop
      vertex 54.5 112.5 2
      vertex 55.3049 113.481 2
      vertex 55.2097 113.457 2
    endloop
  endfacet
  facet normal 0 0 1
    outer loop
      vertex 55.5 80.5 2
      vertex 54.5 81.5 2
      vertex 55.402 80.5048 2
    endloop
  endfacet
  facet normal 0 0 1
    outer loop
      vertex 54.5 112.5 2
      vertex 55.2097 113.457 2
      vertex 55.1173 113.424 2
    endloop
  endfacet
  facet normal 0 0 1
    outer loop
      vertex 55.402 80.5048 2
      vertex 54.5 81.5 2
      vertex 55.3049 80.5192 2
    endloop
  endfacet
  facet normal 0 0 1
    outer loop
      vertex 54.5 112.5 2
      vertex 55.1173 113.424 2
      vertex 55.0286 113.382 2
    endloop
  endfacet
  facet normal 0 0 1
    outer loop
      vertex 55.3049 80.5192 2
      vertex 54.5 81.5 2
      vertex 55.2097 80.5431 2
    endloop
  endfacet
  facet normal 0 0 1
    outer loop
      vertex 54.5 112.5 2
      vertex 55.0286 113.382 2
      vertex 54.9444 113.331 2
    endloop
  endfacet
  facet normal 0 0 1
    outer loop
      vertex 55.2097 80.5431 2
      vertex 54.5 81.5 2
      vertex 55.1173 80.5761 2
    endloop
  endfacet
  facet normal 0 0 1
    outer loop
      vertex 54.5 112.5 2
      vertex 54.9444 113.331 2
      vertex 54.8656 113.273 2
    endloop
  endfacet
  facet normal 0 0 1
    outer loop
      vertex 55.1173 80.5761 2
      vertex 54.5 81.5 2
      vertex 55.0286 80.6181 2
    endloop
  endfacet
  facet normal 0 0 1
    outer loop
      vertex 54.5 112.5 2
      vertex 54.8656 113.273 2
      vertex 54.7929 113.207 2
    endloop
  endfacet
  facet normal 0 0 1
    outer loop
      vertex 55.0286 80.6181 2
      vertex 54.5 81.5 2
      vertex 54.9444 80.6685 2
    endloop
  endfacet
  facet normal 0 0 1
    outer loop
      vertex 54.5 112.5 2
      vertex 54.7929 113.207 2
      vertex 54.727 113.134 2
    endloop
  endfacet
  facet normal 0 0 1
    outer loop
      vertex 54.9444 80.6685 2
      vertex 54.5 81.5 2
      vertex 54.8656 80.727 2
    endloop
  endfacet
  facet normal 0 0 1
    outer loop
      vertex 54.5 112.5 2
      vertex 54.727 113.134 2
      vertex 54.6685 113.056 2
    endloop
  endfacet
  facet normal 0 0 1
    outer loop
      vertex 54.8656 80.727 2
      vertex 54.5 81.5 2
      vertex 54.7929 80.7929 2
    endloop
  endfacet
  facet normal 0 0 1
    outer loop
      vertex 54.5 112.5 2
      vertex 54.6685 113.056 2
      vertex 54.6181 112.971 2
    endloop
  endfacet
  facet normal 0 0 1
    outer loop
      vertex 54.7929 80.7929 2
      vertex 54.5 81.5 2
      vertex 54.727 80.8656 2
    endloop
  endfacet
  facet normal 0 0 1
    outer loop
      vertex 54.5 112.5 2
      vertex 54.6181 112.971 2
      vertex 54.5761 112.883 2
    endloop
  endfacet
  facet normal 0 0 1
    outer loop
      vertex 54.727 80.8656 2
      vertex 54.5 81.5 2
      vertex 54.6685 80.9444 2
    endloop
  endfacet
  facet normal 0 0 1
    outer loop
      vertex 54.5 112.5 2
      vertex 54.5761 112.883 2
      vertex 54.5431 112.79 2
    endloop
  endfacet
  facet normal 0 0 1
    outer loop
      vertex 54.6685 80.9444 2
      vertex 54.5 81.5 2
      vertex 54.6181 81.0286 2
    endloop
  endfacet
  facet normal 0 0 1
    outer loop
      vertex 54.5 112.5 2
      vertex 54.5431 112.79 2
      vertex 54.5192 112.695 2
    endloop
  endfacet
  facet normal 0 0 1
    outer loop
      vertex 54.6181 81.0286 2
      vertex 54.5 81.5 2
      vertex 54.5761 81.1173 2
    endloop
  endfacet
  facet normal 0 0 1
    outer loop
      vertex 54.5 112.5 2
      vertex 54.5192 112.695 2
      vertex 54.5048 112.598 2
    endloop
  endfacet
  facet normal 0 0 1
    outer loop
      vertex 54.5761 81.1173 2
      vertex 54.5 81.5 2
      vertex 54.5431 81.2097 2
    endloop
  endfacet
  facet normal 0 0 1
    outer loop
      vertex 54.5431 81.2097 2
      vertex 54.5 81.5 2
      vertex 54.5192 81.3049 2
    endloop
  endfacet
  facet normal 0 0 1
    outer loop
      vertex 54.5192 81.3049 2
      vertex 54.5 81.5 2
      vertex 54.5048 81.402 2
    endloop
  endfacet
  facet normal -0 0 -1
    outer loop
      vertex 48.2 128.288 0
      vertex 47.9166 128.118 0
      vertex 48.2 132 0
    endloop
  endfacet
  facet normal -0 0 -1
    outer loop
      vertex 148.2 128.288 0
      vertex 147.917 128.118 0
      vertex 148.2 132 0
    endloop
  endfacet
  facet normal 0 0 -1
    outer loop
      vertex 192 1.35 0
      vertex 198.65 7.99999 0
      vertex 198.618 7.34818 0
    endloop
  endfacet
  facet normal 0 0 -1
    outer loop
      vertex 198.65 7.99999 0
      vertex 153.118 122.917 0
      vertex 198.65 157 0
    endloop
  endfacet
  facet normal 0 0 -1
    outer loop
      vertex 192 1.35 0
      vertex 198.618 7.34818 0
      vertex 198.522 6.70265 0
    endloop
  endfacet
  facet normal 0 -0 -1
    outer loop
      vertex 153.465 123.565 0
      vertex 198.65 157 0
      vertex 153.307 123.232 0
    endloop
  endfacet
  facet normal 0 0 -1
    outer loop
      vertex 192 1.35 0
      vertex 198.522 6.70265 0
      vertex 198.364 6.0696 0
    endloop
  endfacet
  facet normal 0 -0 -1
    outer loop
      vertex 153.589 123.911 0
      vertex 198.65 157 0
      vertex 153.465 123.565 0
    endloop
  endfacet
  facet normal 0 0 -1
    outer loop
      vertex 192 1.35 0
      vertex 198.364 6.0696 0
      vertex 198.144 5.45515 0
    endloop
  endfacet
  facet normal 0 -0 -1
    outer loop
      vertex 153.678 124.268 0
      vertex 198.65 157 0
      vertex 153.589 123.911 0
    endloop
  endfacet
  facet normal 0 0 -1
    outer loop
      vertex 192 1.35 0
      vertex 198.144 5.45515 0
      vertex 197.865 4.86521 0
    endloop
  endfacet
  facet normal 0 -0 -1
    outer loop
      vertex 153.732 124.632 0
      vertex 198.65 157 0
      vertex 153.678 124.268 0
    endloop
  endfacet
  facet normal 0 0 -1
    outer loop
      vertex 192 1.35 0
      vertex 197.865 4.86521 0
      vertex 197.529 4.30544 0
    endloop
  endfacet
  facet normal 0 -0 -1
    outer loop
      vertex 153.75 125 0
      vertex 198.65 157 0
      vertex 153.732 124.632 0
    endloop
  endfacet
  facet normal 0 0 -1
    outer loop
      vertex 192 1.35 0
      vertex 197.529 4.30544 0
      vertex 197.141 3.78127 0
    endloop
  endfacet
  facet normal 0 0 -1
    outer loop
      vertex 153.732 125.368 0
      vertex 198.65 157 0
      vertex 153.75 125 0
    endloop
  endfacet
  facet normal 0 0 -1
    outer loop
      vertex 192 1.35 0
      vertex 197.141 3.78127 0
      vertex 196.702 3.29774 0
    endloop
  endfacet
  facet normal 0 0 -1
    outer loop
      vertex 153.678 125.732 0
      vertex 198.65 157 0
      vertex 153.732 125.368 0
    endloop
  endfacet
  facet normal 0 0 -1
    outer loop
      vertex 192 1.35 0
      vertex 196.702 3.29774 0
      vertex 196.219 2.85948 0
    endloop
  endfacet
  facet normal 0 0 -1
    outer loop
      vertex 153.589 126.089 0
      vertex 198.65 157 0
      vertex 153.678 125.732 0
    endloop
  endfacet
  facet normal 0 0 -1
    outer loop
      vertex 192 1.35 0
      vertex 196.219 2.85948 0
      vertex 195.695 2.47073 0
    endloop
  endfacet
  facet normal 0 0 -1
    outer loop
      vertex 153.465 126.435 0
      vertex 198.65 157 0
      vertex 153.589 126.089 0
    endloop
  endfacet
  facet normal 0 0 -1
    outer loop
      vertex 192 1.35 0
      vertex 195.695 2.47073 0
      vertex 195.135 2.13522 0
    endloop
  endfacet
  facet normal 0 0 -1
    outer loop
      vertex 151.765 132.351 0
      vertex 198.65 157 0
      vertex 153.465 126.435 0
    endloop
  endfacet
  facet normal 0 0 -1
    outer loop
      vertex 192 1.35 0
      vertex 195.135 2.13522 0
      vertex 194.545 1.85619 0
    endloop
  endfacet
  facet normal 0 0 -1
    outer loop
      vertex 151.722 132.523 0
      vertex 198.65 157 0
      vertex 151.765 132.351 0
    endloop
  endfacet
  facet normal 0 0 -1
    outer loop
      vertex 192 1.35 0
      vertex 194.545 1.85619 0
      vertex 193.93 1.63635 0
    endloop
  endfacet
  facet normal 0 -0 -1
    outer loop
      vertex 192 163.65 0
      vertex 198.65 157 0
      vertex 151.722 132.523 0
    endloop
  endfacet
  facet normal 0 0 -1
    outer loop
      vertex 192 1.35 0
      vertex 193.93 1.63635 0
      vertex 193.297 1.47778 0
    endloop
  endfacet
  facet normal 0 0 -1
    outer loop
      vertex 198.65 157 0
      vertex 192 163.65 0
      vertex 198.618 157.652 0
    endloop
  endfacet
  facet normal 0 0 -1
    outer loop
      vertex 192 1.35 0
      vertex 193.297 1.47778 0
      vertex 192.652 1.38201 0
    endloop
  endfacet
  facet normal 0 0 -1
    outer loop
      vertex 198.522 158.297 0
      vertex 192 163.65 0
      vertex 198.364 158.93 0
    endloop
  endfacet
  facet normal -0 0 -1
    outer loop
      vertex 198.65 7.99999 0
      vertex 192 1.35 0
      vertex 150 121.25 0
    endloop
  endfacet
  facet normal 0 0 -1
    outer loop
      vertex 198.144 159.545 0
      vertex 192 163.65 0
      vertex 197.865 160.135 0
    endloop
  endfacet
  facet normal 0 0 -1
    outer loop
      vertex 197.529 160.695 0
      vertex 192 163.65 0
      vertex 197.141 161.219 0
    endloop
  endfacet
  facet normal 0 0 -1
    outer loop
      vertex 193.297 163.522 0
      vertex 192 163.65 0
      vertex 192.652 163.618 0
    endloop
  endfacet
  facet normal 0 0 -1
    outer loop
      vertex 194.545 163.144 0
      vertex 192 163.65 0
      vertex 193.93 163.364 0
    endloop
  endfacet
  facet normal 0 0 -1
    outer loop
      vertex 195.135 162.865 0
      vertex 192 163.65 0
      vertex 194.545 163.144 0
    endloop
  endfacet
  facet normal 0 0 -1
    outer loop
      vertex 196.219 162.141 0
      vertex 192 163.65 0
      vertex 195.695 162.529 0
    endloop
  endfacet
  facet normal 0 0 -1
    outer loop
      vertex 196.702 161.702 0
      vertex 192 163.65 0
      vertex 196.219 162.141 0
    endloop
  endfacet
  facet normal 0 0 -1
    outer loop
      vertex 198.65 157 0
      vertex 153.118 122.917 0
      vertex 153.307 123.232 0
    endloop
  endfacet
  facet normal 0 0 -1
    outer loop
      vertex 198.65 7.99999 0
      vertex 152.899 122.621 0
      vertex 153.118 122.917 0
    endloop
  endfacet
  facet normal 0 0 -1
    outer loop
      vertex 198.65 7.99999 0
      vertex 152.652 122.348 0
      vertex 152.899 122.621 0
    endloop
  endfacet
  facet normal 0 0 -1
    outer loop
      vertex 198.65 7.99999 0
      vertex 152.379 122.101 0
      vertex 152.652 122.348 0
    endloop
  endfacet
  facet normal 0 0 -1
    outer loop
      vertex 198.65 7.99999 0
      vertex 152.083 121.882 0
      vertex 152.379 122.101 0
    endloop
  endfacet
  facet normal 0 0 -1
    outer loop
      vertex 198.65 7.99999 0
      vertex 151.768 121.693 0
      vertex 152.083 121.882 0
    endloop
  endfacet
  facet normal 0 0 -1
    outer loop
      vertex 198.65 7.99999 0
      vertex 151.435 121.535 0
      vertex 151.768 121.693 0
    endloop
  endfacet
  facet normal 0 0 -1
    outer loop
      vertex 198.65 7.99999 0
      vertex 151.089 121.411 0
      vertex 151.435 121.535 0
    endloop
  endfacet
  facet normal 0 0 -1
    outer loop
      vertex 198.65 7.99999 0
      vertex 150.732 121.322 0
      vertex 151.089 121.411 0
    endloop
  endfacet
  facet normal 0 0 -1
    outer loop
      vertex 198.65 7.99999 0
      vertex 150.368 121.268 0
      vertex 150.732 121.322 0
    endloop
  endfacet
  facet normal 0 0 -1
    outer loop
      vertex 198.65 7.99999 0
      vertex 150 121.25 0
      vertex 150.368 121.268 0
    endloop
  endfacet
  facet normal 0 0 -1
    outer loop
      vertex 192 1.35 0
      vertex 149.632 121.268 0
      vertex 150 121.25 0
    endloop
  endfacet
  facet normal 0 0 -1
    outer loop
      vertex 192 1.35 0
      vertex 149.268 121.322 0
      vertex 149.632 121.268 0
    endloop
  endfacet
  facet normal 0 0 -1
    outer loop
      vertex 192 1.35 0
      vertex 148.911 121.411 0
      vertex 149.268 121.322 0
    endloop
  endfacet
  facet normal 0 0 -1
    outer loop
      vertex 192 1.35 0
      vertex 148.565 121.535 0
      vertex 148.911 121.411 0
    endloop
  endfacet
  facet normal 0 0 -1
    outer loop
      vertex 192 1.35 0
      vertex 148.232 121.693 0
      vertex 148.565 121.535 0
    endloop
  endfacet
  facet normal 0 0 -1
    outer loop
      vertex 51.7677 121.693 0
      vertex 148.232 121.693 0
      vertex 192 1.35 0
    endloop
  endfacet
  facet normal 0 0 -1
    outer loop
      vertex 148.232 121.693 0
      vertex 51.7677 121.693 0
      vertex 147.917 121.882 0
    endloop
  endfacet
  facet normal 0 -0 -1
    outer loop
      vertex 52.0834 121.882 0
      vertex 147.917 121.882 0
      vertex 51.7677 121.693 0
    endloop
  endfacet
  facet normal 0 0 -1
    outer loop
      vertex 147.917 121.882 0
      vertex 52.0834 121.882 0
      vertex 147.621 122.101 0
    endloop
  endfacet
  facet normal 0 -0 -1
    outer loop
      vertex 52.379 122.101 0
      vertex 147.621 122.101 0
      vertex 52.0834 121.882 0
    endloop
  endfacet
  facet normal 0 0 -1
    outer loop
      vertex 147.621 122.101 0
      vertex 52.379 122.101 0
      vertex 147.348 122.348 0
    endloop
  endfacet
  facet normal 0 -0 -1
    outer loop
      vertex 52.6516 122.348 0
      vertex 147.348 122.348 0
      vertex 52.379 122.101 0
    endloop
  endfacet
  facet normal 0 0 -1
    outer loop
      vertex 146.268 124.632 0
      vertex 53.75 125 0
      vertex 146.25 125 0
    endloop
  endfacet
  facet normal 0 0 -1
    outer loop
      vertex 53.7319 124.632 0
      vertex 146.268 124.632 0
      vertex 146.322 124.268 0
    endloop
  endfacet
  facet normal 0 0 -1
    outer loop
      vertex 53.6779 124.268 0
      vertex 146.322 124.268 0
      vertex 146.411 123.911 0
    endloop
  endfacet
  facet normal 0 0 -1
    outer loop
      vertex 53.5885 123.911 0
      vertex 146.411 123.911 0
      vertex 146.535 123.565 0
    endloop
  endfacet
  facet normal 0 0 -1
    outer loop
      vertex 147.348 122.348 0
      vertex 52.6516 122.348 0
      vertex 147.101 122.621 0
    endloop
  endfacet
  facet normal 0 0 -1
    outer loop
      vertex 146.268 124.632 0
      vertex 53.7319 124.632 0
      vertex 53.75 125 0
    endloop
  endfacet
  facet normal 0 0 -1
    outer loop
      vertex 146.322 124.268 0
      vertex 53.6779 124.268 0
      vertex 53.7319 124.632 0
    endloop
  endfacet
  facet normal 0 0 -1
    outer loop
      vertex 146.411 123.911 0
      vertex 53.5885 123.911 0
      vertex 53.6779 124.268 0
    endloop
  endfacet
  facet normal 0 0 -1
    outer loop
      vertex 146.535 123.565 0
      vertex 53.4645 123.565 0
      vertex 53.5885 123.911 0
    endloop
  endfacet
  facet normal -0 0 -1
    outer loop
      vertex 146.535 123.565 0
      vertex 53.3072 123.232 0
      vertex 53.4645 123.565 0
    endloop
  endfacet
  facet normal 0 0 -1
    outer loop
      vertex 146.693 123.232 0
      vertex 53.3072 123.232 0
      vertex 146.535 123.565 0
    endloop
  endfacet
  facet normal 0 -0 -1
    outer loop
      vertex 53.3072 123.232 0
      vertex 146.693 123.232 0
      vertex 53.118 122.917 0
    endloop
  endfacet
  facet normal 0 0 -1
    outer loop
      vertex 146.882 122.917 0
      vertex 53.118 122.917 0
      vertex 146.693 123.232 0
    endloop
  endfacet
  facet normal 0 -0 -1
    outer loop
      vertex 53.118 122.917 0
      vertex 146.882 122.917 0
      vertex 52.8988 122.621 0
    endloop
  endfacet
  facet normal 0 0 -1
    outer loop
      vertex 147.101 122.621 0
      vertex 52.8988 122.621 0
      vertex 146.882 122.917 0
    endloop
  endfacet
  facet normal 0 -0 -1
    outer loop
      vertex 52.8988 122.621 0
      vertex 147.101 122.621 0
      vertex 52.6516 122.348 0
    endloop
  endfacet
  facet normal 0 0 -1
    outer loop
      vertex 7.99999 1.35 0
      vertex 51.7677 121.693 0
      vertex 192 1.35 0
    endloop
  endfacet
  facet normal 0 0 -1
    outer loop
      vertex 51.7677 121.693 0
      vertex 7.99999 1.35 0
      vertex 51.4351 121.535 0
    endloop
  endfacet
  facet normal 0 0 -1
    outer loop
      vertex 51.4351 121.535 0
      vertex 7.99999 1.35 0
      vertex 51.0886 121.411 0
    endloop
  endfacet
  facet normal 0 0 -1
    outer loop
      vertex 51.0886 121.411 0
      vertex 7.99999 1.35 0
      vertex 50.7316 121.322 0
    endloop
  endfacet
  facet normal 0 0 -1
    outer loop
      vertex 50.7316 121.322 0
      vertex 7.99999 1.35 0
      vertex 50.3676 121.268 0
    endloop
  endfacet
  facet normal 0 0 -1
    outer loop
      vertex 50.3676 121.268 0
      vertex 7.99999 1.35 0
      vertex 50 121.25 0
    endloop
  endfacet
  facet normal 0 0 -1
    outer loop
      vertex 1.35 7.99999 0
      vertex 50 121.25 0
      vertex 7.99999 1.35 0
    endloop
  endfacet
  facet normal -0 0 -1
    outer loop
      vertex 50 121.25 0
      vertex 1.35 7.99999 0
      vertex 49.6324 121.268 0
    endloop
  endfacet
  facet normal -0 0 -1
    outer loop
      vertex 49.6324 121.268 0
      vertex 1.35 7.99999 0
      vertex 49.2684 121.322 0
    endloop
  endfacet
  facet normal -0 0 -1
    outer loop
      vertex 49.2684 121.322 0
      vertex 1.35 7.99999 0
      vertex 48.9114 121.411 0
    endloop
  endfacet
  facet normal -0 0 -1
    outer loop
      vertex 48.9114 121.411 0
      vertex 1.35 7.99999 0
      vertex 48.5649 121.535 0
    endloop
  endfacet
  facet normal -0 0 -1
    outer loop
      vertex 48.5649 121.535 0
      vertex 1.35 7.99999 0
      vertex 48.2323 121.693 0
    endloop
  endfacet
  facet normal 0 0 -1
    outer loop
      vertex 46.4115 123.911 0
      vertex 1.35 157 0
      vertex 46.3221 124.268 0
    endloop
  endfacet
  facet normal 0 0 -1
    outer loop
      vertex 46.5355 123.565 0
      vertex 1.35 157 0
      vertex 46.4115 123.911 0
    endloop
  endfacet
  facet normal 0 0 -1
    outer loop
      vertex 46.6928 123.232 0
      vertex 1.35 157 0
      vertex 46.5355 123.565 0
    endloop
  endfacet
  facet normal 0 0 -1
    outer loop
      vertex 46.882 122.917 0
      vertex 1.35 157 0
      vertex 46.6928 123.232 0
    endloop
  endfacet
  facet normal 0 0 -1
    outer loop
      vertex 1.35 157 0
      vertex 46.882 122.917 0
      vertex 1.35 7.99999 0
    endloop
  endfacet
  facet normal -0 0 -1
    outer loop
      vertex 47.1012 122.621 0
      vertex 1.35 7.99999 0
      vertex 46.882 122.917 0
    endloop
  endfacet
  facet normal -0 0 -1
    outer loop
      vertex 47.3484 122.348 0
      vertex 1.35 7.99999 0
      vertex 47.1012 122.621 0
    endloop
  endfacet
  facet normal -0 0 -1
    outer loop
      vertex 47.621 122.101 0
      vertex 1.35 7.99999 0
      vertex 47.3484 122.348 0
    endloop
  endfacet
  facet normal -0 0 -1
    outer loop
      vertex 47.9166 121.882 0
      vertex 1.35 7.99999 0
      vertex 47.621 122.101 0
    endloop
  endfacet
  facet normal -0 0 -1
    outer loop
      vertex 48.2323 121.693 0
      vertex 1.35 7.99999 0
      vertex 47.9166 121.882 0
    endloop
  endfacet
  facet normal 0 0 -1
    outer loop
      vertex 193.93 163.364 0
      vertex 192 163.65 0
      vertex 193.297 163.522 0
    endloop
  endfacet
  facet normal 0 0 -1
    outer loop
      vertex 195.695 162.529 0
      vertex 192 163.65 0
      vertex 195.135 162.865 0
    endloop
  endfacet
  facet normal 0 0 -1
    outer loop
      vertex 197.141 161.219 0
      vertex 192 163.65 0
      vertex 196.702 161.702 0
    endloop
  endfacet
  facet normal 0 0 -1
    outer loop
      vertex 197.865 160.135 0
      vertex 192 163.65 0
      vertex 197.529 160.695 0
    endloop
  endfacet
  facet normal 0 0 -1
    outer loop
      vertex 151.791 132.176 0
      vertex 153.465 126.435 0
      vertex 153.307 126.768 0
    endloop
  endfacet
  facet normal 0 0 -1
    outer loop
      vertex 151.8 132 0
      vertex 153.307 126.768 0
      vertex 153.118 127.083 0
    endloop
  endfacet
  facet normal 0 0 -1
    outer loop
      vertex 151.8 132 0
      vertex 153.118 127.083 0
      vertex 152.899 127.379 0
    endloop
  endfacet
  facet normal 0 0 -1
    outer loop
      vertex 151.8 132 0
      vertex 152.899 127.379 0
      vertex 152.652 127.652 0
    endloop
  endfacet
  facet normal 0 0 -1
    outer loop
      vertex 151.8 132 0
      vertex 152.652 127.652 0
      vertex 152.379 127.899 0
    endloop
  endfacet
  facet normal 0 0 -1
    outer loop
      vertex 151.8 132 0
      vertex 152.379 127.899 0
      vertex 152.083 128.118 0
    endloop
  endfacet
  facet normal 0 0 -1
    outer loop
      vertex 151.8 132 0
      vertex 152.083 128.118 0
      vertex 151.8 128.288 0
    endloop
  endfacet
  facet normal 0 0 -1
    outer loop
      vertex 153.307 126.768 0
      vertex 151.8 132 0
      vertex 151.791 132.176 0
    endloop
  endfacet
  facet normal 0 0 -1
    outer loop
      vertex 153.465 126.435 0
      vertex 151.791 132.176 0
      vertex 151.765 132.351 0
    endloop
  endfacet
  facet normal 0 0 -1
    outer loop
      vertex 198.364 158.93 0
      vertex 192 163.65 0
      vertex 198.144 159.545 0
    endloop
  endfacet
  facet normal 0 0 -1
    outer loop
      vertex 198.618 157.652 0
      vertex 192 163.65 0
      vertex 198.522 158.297 0
    endloop
  endfacet
  facet normal 0 0 -1
    outer loop
      vertex 151.663 132.689 0
      vertex 192 163.65 0
      vertex 151.722 132.523 0
    endloop
  endfacet
  facet normal 0 0 -1
    outer loop
      vertex 151.587 132.849 0
      vertex 192 163.65 0
      vertex 151.663 132.689 0
    endloop
  endfacet
  facet normal 0 0 -1
    outer loop
      vertex 151.497 133 0
      vertex 192 163.65 0
      vertex 151.587 132.849 0
    endloop
  endfacet
  facet normal 0 0 -1
    outer loop
      vertex 151.391 133.142 0
      vertex 192 163.65 0
      vertex 151.497 133 0
    endloop
  endfacet
  facet normal 0 0 -1
    outer loop
      vertex 151.273 133.273 0
      vertex 192 163.65 0
      vertex 151.391 133.142 0
    endloop
  endfacet
  facet normal 0 0 -1
    outer loop
      vertex 151.142 133.391 0
      vertex 192 163.65 0
      vertex 151.273 133.273 0
    endloop
  endfacet
  facet normal 0 0 -1
    outer loop
      vertex 151 133.497 0
      vertex 192 163.65 0
      vertex 151.142 133.391 0
    endloop
  endfacet
  facet normal 0 0 -1
    outer loop
      vertex 150.849 133.587 0
      vertex 192 163.65 0
      vertex 151 133.497 0
    endloop
  endfacet
  facet normal 0 0 -1
    outer loop
      vertex 150.689 133.663 0
      vertex 192 163.65 0
      vertex 150.849 133.587 0
    endloop
  endfacet
  facet normal 0 0 -1
    outer loop
      vertex 150.523 133.722 0
      vertex 192 163.65 0
      vertex 150.689 133.663 0
    endloop
  endfacet
  facet normal 0 0 -1
    outer loop
      vertex 150.351 133.765 0
      vertex 192 163.65 0
      vertex 150.523 133.722 0
    endloop
  endfacet
  facet normal 0 0 -1
    outer loop
      vertex 150.176 133.791 0
      vertex 192 163.65 0
      vertex 150.351 133.765 0
    endloop
  endfacet
  facet normal 0 0 -1
    outer loop
      vertex 150 133.8 0
      vertex 192 163.65 0
      vertex 150.176 133.791 0
    endloop
  endfacet
  facet normal 0 0 -1
    outer loop
      vertex 149.824 133.791 0
      vertex 192 163.65 0
      vertex 150 133.8 0
    endloop
  endfacet
  facet normal 0 0 -1
    outer loop
      vertex 149.649 133.765 0
      vertex 192 163.65 0
      vertex 149.824 133.791 0
    endloop
  endfacet
  facet normal 0 0 -1
    outer loop
      vertex 149.477 133.722 0
      vertex 192 163.65 0
      vertex 149.649 133.765 0
    endloop
  endfacet
  facet normal 0 0 -1
    outer loop
      vertex 149.311 133.663 0
      vertex 192 163.65 0
      vertex 149.477 133.722 0
    endloop
  endfacet
  facet normal 0 0 -1
    outer loop
      vertex 50.6888 133.663 0
      vertex 149.311 133.663 0
      vertex 149.151 133.587 0
    endloop
  endfacet
  facet normal 0 0 -1
    outer loop
      vertex 50.8485 133.587 0
      vertex 149.151 133.587 0
      vertex 149 133.497 0
    endloop
  endfacet
  facet normal 0 0 -1
    outer loop
      vertex 147.621 127.899 0
      vertex 148.2 132 0
      vertex 147.917 128.118 0
    endloop
  endfacet
  facet normal 0 0 -1
    outer loop
      vertex 147.348 127.652 0
      vertex 148.2 132 0
      vertex 147.621 127.899 0
    endloop
  endfacet
  facet normal 0 0 -1
    outer loop
      vertex 147.101 127.379 0
      vertex 148.2 132 0
      vertex 147.348 127.652 0
    endloop
  endfacet
  facet normal 0 0 -1
    outer loop
      vertex 146.882 127.083 0
      vertex 148.2 132 0
      vertex 147.101 127.379 0
    endloop
  endfacet
  facet normal 0 0 -1
    outer loop
      vertex 146.693 126.768 0
      vertex 148.2 132 0
      vertex 146.882 127.083 0
    endloop
  endfacet
  facet normal -0 0 -1
    outer loop
      vertex 148.2 132 0
      vertex 146.693 126.768 0
      vertex 148.209 132.176 0
    endloop
  endfacet
  facet normal 0 0 -1
    outer loop
      vertex 146.535 126.435 0
      vertex 148.209 132.176 0
      vertex 146.693 126.768 0
    endloop
  endfacet
  facet normal -0 0 -1
    outer loop
      vertex 148.209 132.176 0
      vertex 146.535 126.435 0
      vertex 148.235 132.351 0
    endloop
  endfacet
  facet normal 0 0 -1
    outer loop
      vertex 146.411 126.089 0
      vertex 148.235 132.351 0
      vertex 146.535 126.435 0
    endloop
  endfacet
  facet normal 0 0 -1
    outer loop
      vertex 53.5885 126.089 0
      vertex 148.235 132.351 0
      vertex 146.411 126.089 0
    endloop
  endfacet
  facet normal 0 0 -1
    outer loop
      vertex 53.75 125 0
      vertex 146.268 125.368 0
      vertex 146.25 125 0
    endloop
  endfacet
  facet normal 0 0 -1
    outer loop
      vertex 53.7319 125.368 0
      vertex 146.268 125.368 0
      vertex 53.75 125 0
    endloop
  endfacet
  facet normal 0 0 -1
    outer loop
      vertex 146.268 125.368 0
      vertex 53.7319 125.368 0
      vertex 146.322 125.732 0
    endloop
  endfacet
  facet normal 0 0 -1
    outer loop
      vertex 53.6779 125.732 0
      vertex 146.322 125.732 0
      vertex 53.7319 125.368 0
    endloop
  endfacet
  facet normal 0 0 -1
    outer loop
      vertex 146.322 125.732 0
      vertex 53.6779 125.732 0
      vertex 146.411 126.089 0
    endloop
  endfacet
  facet normal 0 0 -1
    outer loop
      vertex 53.5885 126.089 0
      vertex 146.411 126.089 0
      vertex 53.6779 125.732 0
    endloop
  endfacet
  facet normal 0 0 -1
    outer loop
      vertex 51.7654 132.351 0
      vertex 148.235 132.351 0
      vertex 53.5885 126.089 0
    endloop
  endfacet
  facet normal 0 0 -1
    outer loop
      vertex 148.235 132.351 0
      vertex 51.7654 132.351 0
      vertex 148.278 132.523 0
    endloop
  endfacet
  facet normal 0 0 -1
    outer loop
      vertex 51.7225 132.523 0
      vertex 148.278 132.523 0
      vertex 51.7654 132.351 0
    endloop
  endfacet
  facet normal 0 0 -1
    outer loop
      vertex 148.278 132.523 0
      vertex 51.7225 132.523 0
      vertex 148.337 132.689 0
    endloop
  endfacet
  facet normal 0 0 -1
    outer loop
      vertex 51.663 132.689 0
      vertex 148.337 132.689 0
      vertex 51.7225 132.523 0
    endloop
  endfacet
  facet normal 0 0 -1
    outer loop
      vertex 148.337 132.689 0
      vertex 51.663 132.689 0
      vertex 148.413 132.849 0
    endloop
  endfacet
  facet normal 0 0 -1
    outer loop
      vertex 51.5874 132.849 0
      vertex 148.413 132.849 0
      vertex 51.663 132.689 0
    endloop
  endfacet
  facet normal 0 0 -1
    outer loop
      vertex 148.413 132.849 0
      vertex 51.5874 132.849 0
      vertex 148.503 133 0
    endloop
  endfacet
  facet normal 0 0 -1
    outer loop
      vertex 51.4966 133 0
      vertex 148.503 133 0
      vertex 51.5874 132.849 0
    endloop
  endfacet
  facet normal 0 0 -1
    outer loop
      vertex 51.7654 132.351 0
      vertex 53.5885 126.089 0
      vertex 53.4645 126.435 0
    endloop
  endfacet
  facet normal 0 0 -1
    outer loop
      vertex 51.7913 132.176 0
      vertex 53.4645 126.435 0
      vertex 53.3072 126.768 0
    endloop
  endfacet
  facet normal 0 0 -1
    outer loop
      vertex 51.8 132 0
      vertex 53.3072 126.768 0
      vertex 53.118 127.083 0
    endloop
  endfacet
  facet normal 0 0 -1
    outer loop
      vertex 51.8 132 0
      vertex 53.118 127.083 0
      vertex 52.8988 127.379 0
    endloop
  endfacet
  facet normal 0 0 -1
    outer loop
      vertex 51.8 132 0
      vertex 52.8988 127.379 0
      vertex 52.6516 127.652 0
    endloop
  endfacet
  facet normal 0 0 -1
    outer loop
      vertex 51.8 132 0
      vertex 52.6516 127.652 0
      vertex 52.379 127.899 0
    endloop
  endfacet
  facet normal 0 0 -1
    outer loop
      vertex 51.8 132 0
      vertex 52.379 127.899 0
      vertex 52.0834 128.118 0
    endloop
  endfacet
  facet normal 0 0 -1
    outer loop
      vertex 51.8 132 0
      vertex 52.0834 128.118 0
      vertex 51.8 128.288 0
    endloop
  endfacet
  facet normal 0 0 -1
    outer loop
      vertex 53.3072 126.768 0
      vertex 51.8 132 0
      vertex 51.7913 132.176 0
    endloop
  endfacet
  facet normal 0 0 -1
    outer loop
      vertex 53.4645 126.435 0
      vertex 51.7913 132.176 0
      vertex 51.7654 132.351 0
    endloop
  endfacet
  facet normal 0 0 -1
    outer loop
      vertex 148.503 133 0
      vertex 51.4966 133 0
      vertex 148.609 133.142 0
    endloop
  endfacet
  facet normal 0 0 -1
    outer loop
      vertex 51.3914 133.142 0
      vertex 148.609 133.142 0
      vertex 51.4966 133 0
    endloop
  endfacet
  facet normal 0 0 -1
    outer loop
      vertex 148.609 133.142 0
      vertex 51.3914 133.142 0
      vertex 148.727 133.273 0
    endloop
  endfacet
  facet normal 0 0 -1
    outer loop
      vertex 51.2728 133.273 0
      vertex 148.727 133.273 0
      vertex 51.3914 133.142 0
    endloop
  endfacet
  facet normal 0 0 -1
    outer loop
      vertex 148.727 133.273 0
      vertex 51.2728 133.273 0
      vertex 148.858 133.391 0
    endloop
  endfacet
  facet normal 0 0 -1
    outer loop
      vertex 51.1419 133.391 0
      vertex 148.858 133.391 0
      vertex 51.2728 133.273 0
    endloop
  endfacet
  facet normal 0 0 -1
    outer loop
      vertex 148.858 133.391 0
      vertex 51.1419 133.391 0
      vertex 149 133.497 0
    endloop
  endfacet
  facet normal 0 0 -1
    outer loop
      vertex 51 133.497 0
      vertex 149 133.497 0
      vertex 51.1419 133.391 0
    endloop
  endfacet
  facet normal 0 0 -1
    outer loop
      vertex 50.8485 133.587 0
      vertex 149 133.497 0
      vertex 51 133.497 0
    endloop
  endfacet
  facet normal 0 0 -1
    outer loop
      vertex 149.151 133.587 0
      vertex 50.8485 133.587 0
      vertex 50.6888 133.663 0
    endloop
  endfacet
  facet normal 0 0 -1
    outer loop
      vertex 149.311 133.663 0
      vertex 50.6888 133.663 0
      vertex 192 163.65 0
    endloop
  endfacet
  facet normal 0 0 -1
    outer loop
      vertex 7.99999 163.65 0
      vertex 50.6888 133.663 0
      vertex 50.5225 133.722 0
    endloop
  endfacet
  facet normal 0 0 -1
    outer loop
      vertex 7.99999 163.65 0
      vertex 50.5225 133.722 0
      vertex 50.3512 133.765 0
    endloop
  endfacet
  facet normal 0 0 -1
    outer loop
      vertex 7.99999 163.65 0
      vertex 50.3512 133.765 0
      vertex 50.1764 133.791 0
    endloop
  endfacet
  facet normal 0 0 -1
    outer loop
      vertex 7.99999 163.65 0
      vertex 50.1764 133.791 0
      vertex 50 133.8 0
    endloop
  endfacet
  facet normal 0 0 -1
    outer loop
      vertex 7.99999 163.65 0
      vertex 50 133.8 0
      vertex 49.8236 133.791 0
    endloop
  endfacet
  facet normal 0 0 -1
    outer loop
      vertex 7.99999 163.65 0
      vertex 49.8236 133.791 0
      vertex 49.6488 133.765 0
    endloop
  endfacet
  facet normal 0 0 -1
    outer loop
      vertex 47.621 127.899 0
      vertex 48.2 132 0
      vertex 47.9166 128.118 0
    endloop
  endfacet
  facet normal 0 0 -1
    outer loop
      vertex 47.3484 127.652 0
      vertex 48.2 132 0
      vertex 47.621 127.899 0
    endloop
  endfacet
  facet normal 0 0 -1
    outer loop
      vertex 47.1012 127.379 0
      vertex 48.2 132 0
      vertex 47.3484 127.652 0
    endloop
  endfacet
  facet normal 0 0 -1
    outer loop
      vertex 46.882 127.083 0
      vertex 48.2 132 0
      vertex 47.1012 127.379 0
    endloop
  endfacet
  facet normal 0 0 -1
    outer loop
      vertex 46.6928 126.768 0
      vertex 48.2 132 0
      vertex 46.882 127.083 0
    endloop
  endfacet
  facet normal -0 0 -1
    outer loop
      vertex 48.2 132 0
      vertex 46.6928 126.768 0
      vertex 48.2087 132.176 0
    endloop
  endfacet
  facet normal 0 0 -1
    outer loop
      vertex 46.5355 126.435 0
      vertex 48.2087 132.176 0
      vertex 46.6928 126.768 0
    endloop
  endfacet
  facet normal -0 0 -1
    outer loop
      vertex 48.2087 132.176 0
      vertex 46.5355 126.435 0
      vertex 48.2346 132.351 0
    endloop
  endfacet
  facet normal 0 0 -1
    outer loop
      vertex 1.35 157 0
      vertex 48.2346 132.351 0
      vertex 46.5355 126.435 0
    endloop
  endfacet
  facet normal 0 0 -1
    outer loop
      vertex 1.35 157 0
      vertex 46.5355 126.435 0
      vertex 46.4115 126.089 0
    endloop
  endfacet
  facet normal 0 0 -1
    outer loop
      vertex 46.3221 124.268 0
      vertex 1.35 157 0
      vertex 46.2681 124.632 0
    endloop
  endfacet
  facet normal 0 0 -1
    outer loop
      vertex 46.2681 124.632 0
      vertex 1.35 157 0
      vertex 46.25 125 0
    endloop
  endfacet
  facet normal 0 0 -1
    outer loop
      vertex 46.25 125 0
      vertex 1.35 157 0
      vertex 46.2681 125.368 0
    endloop
  endfacet
  facet normal 0 0 -1
    outer loop
      vertex 46.2681 125.368 0
      vertex 1.35 157 0
      vertex 46.3221 125.732 0
    endloop
  endfacet
  facet normal 0 0 -1
    outer loop
      vertex 50.6888 133.663 0
      vertex 7.99999 163.65 0
      vertex 192 163.65 0
    endloop
  endfacet
  facet normal 0 0 -1
    outer loop
      vertex 49.4775 133.722 0
      vertex 7.99999 163.65 0
      vertex 49.6488 133.765 0
    endloop
  endfacet
  facet normal 0 0 -1
    outer loop
      vertex 49.3112 133.663 0
      vertex 7.99999 163.65 0
      vertex 49.4775 133.722 0
    endloop
  endfacet
  facet normal 0 0 -1
    outer loop
      vertex 49.1515 133.587 0
      vertex 7.99999 163.65 0
      vertex 49.3112 133.663 0
    endloop
  endfacet
  facet normal 0 0 -1
    outer loop
      vertex 49 133.497 0
      vertex 7.99999 163.65 0
      vertex 49.1515 133.587 0
    endloop
  endfacet
  facet normal 0 0 -1
    outer loop
      vertex 48.8581 133.391 0
      vertex 7.99999 163.65 0
      vertex 49 133.497 0
    endloop
  endfacet
  facet normal 0 0 -1
    outer loop
      vertex 48.7272 133.273 0
      vertex 7.99999 163.65 0
      vertex 48.8581 133.391 0
    endloop
  endfacet
  facet normal 0 0 -1
    outer loop
      vertex 48.6086 133.142 0
      vertex 7.99999 163.65 0
      vertex 48.7272 133.273 0
    endloop
  endfacet
  facet normal 0 0 -1
    outer loop
      vertex 48.5034 133 0
      vertex 7.99999 163.65 0
      vertex 48.6086 133.142 0
    endloop
  endfacet
  facet normal 0 0 -1
    outer loop
      vertex 48.4126 132.849 0
      vertex 7.99999 163.65 0
      vertex 48.5034 133 0
    endloop
  endfacet
  facet normal 0 0 -1
    outer loop
      vertex 48.337 132.689 0
      vertex 7.99999 163.65 0
      vertex 48.4126 132.849 0
    endloop
  endfacet
  facet normal 0 0 -1
    outer loop
      vertex 48.2775 132.523 0
      vertex 7.99999 163.65 0
      vertex 48.337 132.689 0
    endloop
  endfacet
  facet normal 0 0 -1
    outer loop
      vertex 46.3221 125.732 0
      vertex 1.35 157 0
      vertex 46.4115 126.089 0
    endloop
  endfacet
  facet normal 0 0 -1
    outer loop
      vertex 1.35 7.99999 0
      vertex 7.99999 1.35 0
      vertex 7.34818 1.38201 0
    endloop
  endfacet
  facet normal 0 0 -1
    outer loop
      vertex 48.2346 132.351 0
      vertex 1.35 157 0
      vertex 48.2775 132.523 0
    endloop
  endfacet
  facet normal 0 0 -1
    outer loop
      vertex 1.35 7.99999 0
      vertex 7.34818 1.38201 0
      vertex 6.70265 1.47778 0
    endloop
  endfacet
  facet normal 0 0 -1
    outer loop
      vertex 48.2775 132.523 0
      vertex 1.35 157 0
      vertex 7.99999 163.65 0
    endloop
  endfacet
  facet normal 0 0 -1
    outer loop
      vertex 1.35 7.99999 0
      vertex 6.70265 1.47778 0
      vertex 6.0696 1.63635 0
    endloop
  endfacet
  facet normal 0 0 -1
    outer loop
      vertex 7.99999 163.65 0
      vertex 1.35 157 0
      vertex 7.34818 163.618 0
    endloop
  endfacet
  facet normal 0 0 -1
    outer loop
      vertex 1.35 7.99999 0
      vertex 6.0696 1.63635 0
      vertex 5.45515 1.85619 0
    endloop
  endfacet
  facet normal 0 0 -1
    outer loop
      vertex 7.34818 163.618 0
      vertex 1.35 157 0
      vertex 6.70265 163.522 0
    endloop
  endfacet
  facet normal 0 0 -1
    outer loop
      vertex 1.35 7.99999 0
      vertex 5.45515 1.85619 0
      vertex 4.86521 2.13522 0
    endloop
  endfacet
  facet normal 0 0 -1
    outer loop
      vertex 6.70265 163.522 0
      vertex 1.35 157 0
      vertex 6.0696 163.364 0
    endloop
  endfacet
  facet normal 0 0 -1
    outer loop
      vertex 1.35 7.99999 0
      vertex 4.86521 2.13522 0
      vertex 4.30544 2.47073 0
    endloop
  endfacet
  facet normal 0 0 -1
    outer loop
      vertex 6.0696 163.364 0
      vertex 1.35 157 0
      vertex 5.45515 163.144 0
    endloop
  endfacet
  facet normal 0 0 -1
    outer loop
      vertex 1.35 7.99999 0
      vertex 4.30544 2.47073 0
      vertex 3.78127 2.85948 0
    endloop
  endfacet
  facet normal 0 0 -1
    outer loop
      vertex 5.45515 163.144 0
      vertex 1.35 157 0
      vertex 4.86521 162.865 0
    endloop
  endfacet
  facet normal 0 0 -1
    outer loop
      vertex 1.35 7.99999 0
      vertex 3.78127 2.85948 0
      vertex 3.29774 3.29774 0
    endloop
  endfacet
  facet normal 0 0 -1
    outer loop
      vertex 4.86521 162.865 0
      vertex 1.35 157 0
      vertex 4.30544 162.529 0
    endloop
  endfacet
  facet normal 0 0 -1
    outer loop
      vertex 1.35 7.99999 0
      vertex 3.29774 3.29774 0
      vertex 2.85948 3.78127 0
    endloop
  endfacet
  facet normal 0 0 -1
    outer loop
      vertex 4.30544 162.529 0
      vertex 1.35 157 0
      vertex 3.78127 162.141 0
    endloop
  endfacet
  facet normal 0 0 -1
    outer loop
      vertex 1.35 7.99999 0
      vertex 2.85948 3.78127 0
      vertex 2.47073 4.30544 0
    endloop
  endfacet
  facet normal 0 0 -1
    outer loop
      vertex 3.78127 162.141 0
      vertex 1.35 157 0
      vertex 3.29774 161.702 0
    endloop
  endfacet
  facet normal 0 0 -1
    outer loop
      vertex 1.35 7.99999 0
      vertex 2.47073 4.30544 0
      vertex 2.13522 4.86521 0
    endloop
  endfacet
  facet normal 0 0 -1
    outer loop
      vertex 3.29774 161.702 0
      vertex 1.35 157 0
      vertex 2.85948 161.219 0
    endloop
  endfacet
  facet normal 0 0 -1
    outer loop
      vertex 1.35 7.99999 0
      vertex 2.13522 4.86521 0
      vertex 1.85619 5.45515 0
    endloop
  endfacet
  facet normal 0 0 -1
    outer loop
      vertex 2.85948 161.219 0
      vertex 1.35 157 0
      vertex 2.47073 160.695 0
    endloop
  endfacet
  facet normal 0 0 -1
    outer loop
      vertex 1.35 7.99999 0
      vertex 1.85619 5.45515 0
      vertex 1.63635 6.0696 0
    endloop
  endfacet
  facet normal 0 0 -1
    outer loop
      vertex 2.47073 160.695 0
      vertex 1.35 157 0
      vertex 2.13522 160.135 0
    endloop
  endfacet
  facet normal 0 0 -1
    outer loop
      vertex 1.35 7.99999 0
      vertex 1.63635 6.0696 0
      vertex 1.47778 6.70265 0
    endloop
  endfacet
  facet normal 0 0 -1
    outer loop
      vertex 2.13522 160.135 0
      vertex 1.35 157 0
      vertex 1.85619 159.545 0
    endloop
  endfacet
  facet normal 0 0 -1
    outer loop
      vertex 1.35 7.99999 0
      vertex 1.47778 6.70265 0
      vertex 1.38201 7.34818 0
    endloop
  endfacet
  facet normal 0 0 -1
    outer loop
      vertex 1.85619 159.545 0
      vertex 1.35 157 0
      vertex 1.63635 158.93 0
    endloop
  endfacet
  facet normal 0 0 -1
    outer loop
      vertex 1.63635 158.93 0
      vertex 1.35 157 0
      vertex 1.47778 158.297 0
    endloop
  endfacet
  facet normal 0 0 -1
    outer loop
      vertex 1.47778 158.297 0
      vertex 1.35 157 0
      vertex 1.38201 157.652 0
    endloop
  endfacet
  facet normal 0.513944 -0.857824 0
    outer loop
      vertex 195.135 2.13522 0
      vertex 195.695 2.47073 2
      vertex 195.135 2.13522 2
    endloop
  endfacet
  facet normal 0.513944 -0.857824 0
    outer loop
      vertex 195.695 2.47073 2
      vertex 195.135 2.13522 0
      vertex 195.695 2.47073 0
    endloop
  endfacet
  facet normal 0.8574 -0.514651 0
    outer loop
      vertex 197.529 4.30544 2
      vertex 197.865 4.86521 0
      vertex 197.865 4.86521 2
    endloop
  endfacet
  facet normal 0.8574 -0.514651 0
    outer loop
      vertex 197.865 4.86521 0
      vertex 197.529 4.30544 2
      vertex 197.529 4.30544 0
    endloop
  endfacet
  facet normal 0.989122 -0.147097 0
    outer loop
      vertex 198.522 6.70265 2
      vertex 198.618 7.34818 0
      vertex 198.618 7.34818 2
    endloop
  endfacet
  facet normal 0.989122 -0.147097 0
    outer loop
      vertex 198.618 7.34818 0
      vertex 198.522 6.70265 2
      vertex 198.522 6.70265 0
    endloop
  endfacet
  facet normal 0.740376 -0.672193 0
    outer loop
      vertex 196.702 3.29774 2
      vertex 197.141 3.78127 0
      vertex 197.141 3.78127 2
    endloop
  endfacet
  facet normal 0.740376 -0.672193 0
    outer loop
      vertex 197.141 3.78127 0
      vertex 196.702 3.29774 2
      vertex 196.702 3.29774 0
    endloop
  endfacet
  facet normal 0.671975 -0.740574 0
    outer loop
      vertex 196.219 2.85948 0
      vertex 196.702 3.29774 2
      vertex 196.219 2.85948 2
    endloop
  endfacet
  facet normal 0.671975 -0.740574 0
    outer loop
      vertex 196.702 3.29774 2
      vertex 196.219 2.85948 0
      vertex 196.702 3.29774 0
    endloop
  endfacet
  facet normal 0 0 1
    outer loop
      vertex 145.5 112.5 3.5
      vertex 146.5 112.5 3.5
      vertex 146.49 112.696 3.5
    endloop
  endfacet
  facet normal 0 0 1
    outer loop
      vertex 146.5 112.5 3.5
      vertex 145.5 112.5 3.5
      vertex 146.5 81.5 3.5
    endloop
  endfacet
  facet normal 0 0 1
    outer loop
      vertex 145.495 112.598 3.5
      vertex 146.49 112.696 3.5
      vertex 146.462 112.89 3.5
    endloop
  endfacet
  facet normal 0 0 1
    outer loop
      vertex 145.5 81.5 3.5
      vertex 146.5 81.5 3.5
      vertex 145.5 112.5 3.5
    endloop
  endfacet
  facet normal 0 0 1
    outer loop
      vertex 145.481 112.695 3.5
      vertex 146.462 112.89 3.5
      vertex 146.414 113.081 3.5
    endloop
  endfacet
  facet normal 0 0 1
    outer loop
      vertex 146.5 81.5 3.5
      vertex 145.5 81.5 3.5
      vertex 146.49 81.304 3.5
    endloop
  endfacet
  facet normal 0 0 1
    outer loop
      vertex 145.457 112.79 3.5
      vertex 146.414 113.081 3.5
      vertex 146.348 113.265 3.5
    endloop
  endfacet
  facet normal -0 0 1
    outer loop
      vertex 145.495 81.402 3.5
      vertex 146.49 81.304 3.5
      vertex 145.5 81.5 3.5
    endloop
  endfacet
  facet normal 0 0 1
    outer loop
      vertex 145.424 112.883 3.5
      vertex 146.348 113.265 3.5
      vertex 146.264 113.443 3.5
    endloop
  endfacet
  facet normal 0 0 1
    outer loop
      vertex 146.49 81.304 3.5
      vertex 145.495 81.402 3.5
      vertex 146.462 81.1098 3.5
    endloop
  endfacet
  facet normal 0 0 1
    outer loop
      vertex 145.382 112.971 3.5
      vertex 146.264 113.443 3.5
      vertex 146.163 113.611 3.5
    endloop
  endfacet
  facet normal -0 0 1
    outer loop
      vertex 145.481 81.3049 3.5
      vertex 146.462 81.1098 3.5
      vertex 145.495 81.402 3.5
    endloop
  endfacet
  facet normal 0 0 1
    outer loop
      vertex 145.331 113.056 3.5
      vertex 146.163 113.611 3.5
      vertex 146.046 113.769 3.5
    endloop
  endfacet
  facet normal 0 0 1
    outer loop
      vertex 146.462 81.1098 3.5
      vertex 145.481 81.3049 3.5
      vertex 146.414 80.9194 3.5
    endloop
  endfacet
  facet normal 0 0 1
    outer loop
      vertex 145.273 113.134 3.5
      vertex 146.046 113.769 3.5
      vertex 145.914 113.914 3.5
    endloop
  endfacet
  facet normal -0 0 1
    outer loop
      vertex 145.457 81.2097 3.5
      vertex 146.414 80.9194 3.5
      vertex 145.481 81.3049 3.5
    endloop
  endfacet
  facet normal 0 0 1
    outer loop
      vertex 145.207 113.207 3.5
      vertex 145.914 113.914 3.5
      vertex 145.769 114.046 3.5
    endloop
  endfacet
  facet normal 0 0 1
    outer loop
      vertex 146.414 80.9194 3.5
      vertex 145.457 81.2097 3.5
      vertex 146.348 80.7346 3.5
    endloop
  endfacet
  facet normal 0 0 1
    outer loop
      vertex 145.134 113.273 3.5
      vertex 145.769 114.046 3.5
      vertex 145.611 114.163 3.5
    endloop
  endfacet
  facet normal -0 0 1
    outer loop
      vertex 145.424 81.1173 3.5
      vertex 146.348 80.7346 3.5
      vertex 145.457 81.2097 3.5
    endloop
  endfacet
  facet normal 0 0 1
    outer loop
      vertex 146.348 80.7346 3.5
      vertex 145.424 81.1173 3.5
      vertex 146.264 80.5572 3.5
    endloop
  endfacet
  facet normal 0 0 1
    outer loop
      vertex 146.49 112.696 3.5
      vertex 145.495 112.598 3.5
      vertex 145.5 112.5 3.5
    endloop
  endfacet
  facet normal 0 0 1
    outer loop
      vertex 146.462 112.89 3.5
      vertex 145.481 112.695 3.5
      vertex 145.495 112.598 3.5
    endloop
  endfacet
  facet normal 0 0 1
    outer loop
      vertex 146.414 113.081 3.5
      vertex 145.457 112.79 3.5
      vertex 145.481 112.695 3.5
    endloop
  endfacet
  facet normal 0 0 1
    outer loop
      vertex 145.056 113.331 3.5
      vertex 145.611 114.163 3.5
      vertex 145.443 114.264 3.5
    endloop
  endfacet
  facet normal 0 0 1
    outer loop
      vertex 146.348 113.265 3.5
      vertex 145.424 112.883 3.5
      vertex 145.457 112.79 3.5
    endloop
  endfacet
  facet normal 0 0 1
    outer loop
      vertex 146.264 113.443 3.5
      vertex 145.382 112.971 3.5
      vertex 145.424 112.883 3.5
    endloop
  endfacet
  facet normal 0 0 1
    outer loop
      vertex 146.163 113.611 3.5
      vertex 145.331 113.056 3.5
      vertex 145.382 112.971 3.5
    endloop
  endfacet
  facet normal 0 0 1
    outer loop
      vertex 146.046 113.769 3.5
      vertex 145.273 113.134 3.5
      vertex 145.331 113.056 3.5
    endloop
  endfacet
  facet normal 0 0 1
    outer loop
      vertex 144.971 113.382 3.5
      vertex 145.443 114.264 3.5
      vertex 145.265 114.348 3.5
    endloop
  endfacet
  facet normal 0 0 1
    outer loop
      vertex 145.914 113.914 3.5
      vertex 145.207 113.207 3.5
      vertex 145.273 113.134 3.5
    endloop
  endfacet
  facet normal 0 0 1
    outer loop
      vertex 145.769 114.046 3.5
      vertex 145.134 113.273 3.5
      vertex 145.207 113.207 3.5
    endloop
  endfacet
  facet normal 0 0 1
    outer loop
      vertex 144.883 113.424 3.5
      vertex 145.265 114.348 3.5
      vertex 145.081 114.414 3.5
    endloop
  endfacet
  facet normal 0 0 1
    outer loop
      vertex 145.611 114.163 3.5
      vertex 145.056 113.331 3.5
      vertex 145.134 113.273 3.5
    endloop
  endfacet
  facet normal 0 0 1
    outer loop
      vertex 145.443 114.264 3.5
      vertex 144.971 113.382 3.5
      vertex 145.056 113.331 3.5
    endloop
  endfacet
  facet normal 0 0 1
    outer loop
      vertex 144.79 113.457 3.5
      vertex 145.081 114.414 3.5
      vertex 144.89 114.462 3.5
    endloop
  endfacet
  facet normal 0 0 1
    outer loop
      vertex 145.265 114.348 3.5
      vertex 144.883 113.424 3.5
      vertex 144.971 113.382 3.5
    endloop
  endfacet
  facet normal 0 0 1
    outer loop
      vertex 145.081 114.414 3.5
      vertex 144.79 113.457 3.5
      vertex 144.883 113.424 3.5
    endloop
  endfacet
  facet normal 0 0 1
    outer loop
      vertex 144.695 113.481 3.5
      vertex 144.89 114.462 3.5
      vertex 144.696 114.49 3.5
    endloop
  endfacet
  facet normal 0 0 1
    outer loop
      vertex 144.89 114.462 3.5
      vertex 144.695 113.481 3.5
      vertex 144.79 113.457 3.5
    endloop
  endfacet
  facet normal 0 0 1
    outer loop
      vertex 144.696 114.49 3.5
      vertex 144.598 113.495 3.5
      vertex 144.695 113.481 3.5
    endloop
  endfacet
  facet normal 0 0 1
    outer loop
      vertex 144.5 114.5 3.5
      vertex 144.598 113.495 3.5
      vertex 144.696 114.49 3.5
    endloop
  endfacet
  facet normal 0 0 1
    outer loop
      vertex 144.5 114.5 3.5
      vertex 144.5 113.5 3.5
      vertex 144.598 113.495 3.5
    endloop
  endfacet
  facet normal -0 0 1
    outer loop
      vertex 55.5 114.5 3.5
      vertex 144.5 113.5 3.5
      vertex 144.5 114.5 3.5
    endloop
  endfacet
  facet normal 0 0 1
    outer loop
      vertex 55.5 114.5 3.5
      vertex 55.5 113.5 3.5
      vertex 144.5 113.5 3.5
    endloop
  endfacet
  facet normal 0 0 1
    outer loop
      vertex 55.5 114.5 3.5
      vertex 55.402 113.495 3.5
      vertex 55.5 113.5 3.5
    endloop
  endfacet
  facet normal -0 0 1
    outer loop
      vertex 55.304 114.49 3.5
      vertex 55.402 113.495 3.5
      vertex 55.5 114.5 3.5
    endloop
  endfacet
  facet normal 0 0 1
    outer loop
      vertex 55.402 113.495 3.5
      vertex 55.304 114.49 3.5
      vertex 55.3049 113.481 3.5
    endloop
  endfacet
  facet normal -0 0 1
    outer loop
      vertex 55.1098 114.462 3.5
      vertex 55.3049 113.481 3.5
      vertex 55.304 114.49 3.5
    endloop
  endfacet
  facet normal 0 0 1
    outer loop
      vertex 55.3049 113.481 3.5
      vertex 55.1098 114.462 3.5
      vertex 55.2097 113.457 3.5
    endloop
  endfacet
  facet normal -0 0 1
    outer loop
      vertex 54.9194 114.414 3.5
      vertex 55.2097 113.457 3.5
      vertex 55.1098 114.462 3.5
    endloop
  endfacet
  facet normal 0 0 1
    outer loop
      vertex 55.2097 113.457 3.5
      vertex 54.9194 114.414 3.5
      vertex 55.1173 113.424 3.5
    endloop
  endfacet
  facet normal -0 0 1
    outer loop
      vertex 54.7346 114.348 3.5
      vertex 55.1173 113.424 3.5
      vertex 54.9194 114.414 3.5
    endloop
  endfacet
  facet normal 0 0 1
    outer loop
      vertex 55.1173 113.424 3.5
      vertex 54.7346 114.348 3.5
      vertex 55.0286 113.382 3.5
    endloop
  endfacet
  facet normal -0 0 1
    outer loop
      vertex 54.5572 114.264 3.5
      vertex 55.0286 113.382 3.5
      vertex 54.7346 114.348 3.5
    endloop
  endfacet
  facet normal 0 0 1
    outer loop
      vertex 55.0286 113.382 3.5
      vertex 54.5572 114.264 3.5
      vertex 54.9444 113.331 3.5
    endloop
  endfacet
  facet normal -0 0 1
    outer loop
      vertex 54.3889 114.163 3.5
      vertex 54.9444 113.331 3.5
      vertex 54.5572 114.264 3.5
    endloop
  endfacet
  facet normal 0 0 1
    outer loop
      vertex 54.9444 113.331 3.5
      vertex 54.3889 114.163 3.5
      vertex 54.8656 113.273 3.5
    endloop
  endfacet
  facet normal -0 0 1
    outer loop
      vertex 54.2312 114.046 3.5
      vertex 54.8656 113.273 3.5
      vertex 54.3889 114.163 3.5
    endloop
  endfacet
  facet normal 0 0 1
    outer loop
      vertex 54.8656 113.273 3.5
      vertex 54.2312 114.046 3.5
      vertex 54.7929 113.207 3.5
    endloop
  endfacet
  facet normal -0 0 1
    outer loop
      vertex 54.0858 113.914 3.5
      vertex 54.7929 113.207 3.5
      vertex 54.2312 114.046 3.5
    endloop
  endfacet
  facet normal 0 0 1
    outer loop
      vertex 54.7929 113.207 3.5
      vertex 54.0858 113.914 3.5
      vertex 54.727 113.134 3.5
    endloop
  endfacet
  facet normal -0 0 1
    outer loop
      vertex 53.954 113.769 3.5
      vertex 54.727 113.134 3.5
      vertex 54.0858 113.914 3.5
    endloop
  endfacet
  facet normal 0 0 1
    outer loop
      vertex 54.727 113.134 3.5
      vertex 53.954 113.769 3.5
      vertex 54.6685 113.056 3.5
    endloop
  endfacet
  facet normal -0 0 1
    outer loop
      vertex 53.8371 113.611 3.5
      vertex 54.6685 113.056 3.5
      vertex 53.954 113.769 3.5
    endloop
  endfacet
  facet normal 0 0 1
    outer loop
      vertex 54.6685 113.056 3.5
      vertex 53.8371 113.611 3.5
      vertex 54.6181 112.971 3.5
    endloop
  endfacet
  facet normal 0 0 1
    outer loop
      vertex 54.6181 112.971 3.5
      vertex 53.7362 113.443 3.5
      vertex 54.5761 112.883 3.5
    endloop
  endfacet
  facet normal -0 0 1
    outer loop
      vertex 53.7362 113.443 3.5
      vertex 54.6181 112.971 3.5
      vertex 53.8371 113.611 3.5
    endloop
  endfacet
  facet normal -0 0 1
    outer loop
      vertex 145.382 81.0286 3.5
      vertex 146.264 80.5572 3.5
      vertex 145.424 81.1173 3.5
    endloop
  endfacet
  facet normal 0 0 1
    outer loop
      vertex 146.264 80.5572 3.5
      vertex 145.382 81.0286 3.5
      vertex 146.163 80.3889 3.5
    endloop
  endfacet
  facet normal -0 0 1
    outer loop
      vertex 145.331 80.9444 3.5
      vertex 146.163 80.3889 3.5
      vertex 145.382 81.0286 3.5
    endloop
  endfacet
  facet normal 0 0 1
    outer loop
      vertex 146.163 80.3889 3.5
      vertex 145.331 80.9444 3.5
      vertex 146.046 80.2312 3.5
    endloop
  endfacet
  facet normal -0 0 1
    outer loop
      vertex 145.273 80.8656 3.5
      vertex 146.046 80.2312 3.5
      vertex 145.331 80.9444 3.5
    endloop
  endfacet
  facet normal 0 0 1
    outer loop
      vertex 146.046 80.2312 3.5
      vertex 145.273 80.8656 3.5
      vertex 145.914 80.0858 3.5
    endloop
  endfacet
  facet normal -0 0 1
    outer loop
      vertex 145.207 80.7929 3.5
      vertex 145.914 80.0858 3.5
      vertex 145.273 80.8656 3.5
    endloop
  endfacet
  facet normal 0 0 1
    outer loop
      vertex 145.914 80.0858 3.5
      vertex 145.207 80.7929 3.5
      vertex 145.769 79.954 3.5
    endloop
  endfacet
  facet normal -0 0 1
    outer loop
      vertex 145.134 80.727 3.5
      vertex 145.769 79.954 3.5
      vertex 145.207 80.7929 3.5
    endloop
  endfacet
  facet normal 0 0 1
    outer loop
      vertex 145.769 79.954 3.5
      vertex 145.134 80.727 3.5
      vertex 145.611 79.8371 3.5
    endloop
  endfacet
  facet normal -0 0 1
    outer loop
      vertex 145.056 80.6685 3.5
      vertex 145.611 79.8371 3.5
      vertex 145.134 80.727 3.5
    endloop
  endfacet
  facet normal 0 0 1
    outer loop
      vertex 145.611 79.8371 3.5
      vertex 145.056 80.6685 3.5
      vertex 145.443 79.7362 3.5
    endloop
  endfacet
  facet normal -0 0 1
    outer loop
      vertex 144.971 80.6181 3.5
      vertex 145.443 79.7362 3.5
      vertex 145.056 80.6685 3.5
    endloop
  endfacet
  facet normal 0 0 1
    outer loop
      vertex 145.443 79.7362 3.5
      vertex 144.971 80.6181 3.5
      vertex 145.265 79.6522 3.5
    endloop
  endfacet
  facet normal -0 0 1
    outer loop
      vertex 144.883 80.5761 3.5
      vertex 145.265 79.6522 3.5
      vertex 144.971 80.6181 3.5
    endloop
  endfacet
  facet normal 0 0 1
    outer loop
      vertex 145.265 79.6522 3.5
      vertex 144.883 80.5761 3.5
      vertex 145.081 79.5861 3.5
    endloop
  endfacet
  facet normal -0 0 1
    outer loop
      vertex 144.79 80.5431 3.5
      vertex 145.081 79.5861 3.5
      vertex 144.883 80.5761 3.5
    endloop
  endfacet
  facet normal 0 0 1
    outer loop
      vertex 145.081 79.5861 3.5
      vertex 144.79 80.5431 3.5
      vertex 144.89 79.5384 3.5
    endloop
  endfacet
  facet normal -0 0 1
    outer loop
      vertex 144.695 80.5192 3.5
      vertex 144.89 79.5384 3.5
      vertex 144.79 80.5431 3.5
    endloop
  endfacet
  facet normal 0 0 1
    outer loop
      vertex 144.89 79.5384 3.5
      vertex 144.695 80.5192 3.5
      vertex 144.696 79.5096 3.5
    endloop
  endfacet
  facet normal -0 0 1
    outer loop
      vertex 144.598 80.5048 3.5
      vertex 144.696 79.5096 3.5
      vertex 144.695 80.5192 3.5
    endloop
  endfacet
  facet normal -0 0 1
    outer loop
      vertex 144.5 80.5 3.5
      vertex 144.696 79.5096 3.5
      vertex 144.598 80.5048 3.5
    endloop
  endfacet
  facet normal 0 0 1
    outer loop
      vertex 144.5 80.5 3.5
      vertex 144.5 79.5 3.5
      vertex 144.696 79.5096 3.5
    endloop
  endfacet
  facet normal -0 0 1
    outer loop
      vertex 55.5 80.5 3.5
      vertex 144.5 79.5 3.5
      vertex 144.5 80.5 3.5
    endloop
  endfacet
  facet normal 0 0 1
    outer loop
      vertex 55.5 80.5 3.5
      vertex 55.5 79.5 3.5
      vertex 144.5 79.5 3.5
    endloop
  endfacet
  facet normal 0 0 1
    outer loop
      vertex 55.402 80.5048 3.5
      vertex 55.5 79.5 3.5
      vertex 55.5 80.5 3.5
    endloop
  endfacet
  facet normal 0 0 1
    outer loop
      vertex 55.304 79.5096 3.5
      vertex 55.402 80.5048 3.5
      vertex 55.3049 80.5192 3.5
    endloop
  endfacet
  facet normal 0 0 1
    outer loop
      vertex 55.402 80.5048 3.5
      vertex 55.304 79.5096 3.5
      vertex 55.5 79.5 3.5
    endloop
  endfacet
  facet normal 0 0 1
    outer loop
      vertex 55.1098 79.5384 3.5
      vertex 55.3049 80.5192 3.5
      vertex 55.2097 80.5431 3.5
    endloop
  endfacet
  facet normal 0 0 1
    outer loop
      vertex 54.9194 79.5861 3.5
      vertex 55.2097 80.5431 3.5
      vertex 55.1173 80.5761 3.5
    endloop
  endfacet
  facet normal 0 0 1
    outer loop
      vertex 55.3049 80.5192 3.5
      vertex 55.1098 79.5384 3.5
      vertex 55.304 79.5096 3.5
    endloop
  endfacet
  facet normal 0 0 1
    outer loop
      vertex 54.7346 79.6522 3.5
      vertex 55.1173 80.5761 3.5
      vertex 55.0286 80.6181 3.5
    endloop
  endfacet
  facet normal 0 0 1
    outer loop
      vertex 54.5572 79.7362 3.5
      vertex 55.0286 80.6181 3.5
      vertex 54.9444 80.6685 3.5
    endloop
  endfacet
  facet normal 0 0 1
    outer loop
      vertex 55.2097 80.5431 3.5
      vertex 54.9194 79.5861 3.5
      vertex 55.1098 79.5384 3.5
    endloop
  endfacet
  facet normal 0 0 1
    outer loop
      vertex 54.3889 79.8371 3.5
      vertex 54.9444 80.6685 3.5
      vertex 54.8656 80.727 3.5
    endloop
  endfacet
  facet normal 0 0 1
    outer loop
      vertex 54.2312 79.954 3.5
      vertex 54.8656 80.727 3.5
      vertex 54.7929 80.7929 3.5
    endloop
  endfacet
  facet normal 0 0 1
    outer loop
      vertex 55.1173 80.5761 3.5
      vertex 54.7346 79.6522 3.5
      vertex 54.9194 79.5861 3.5
    endloop
  endfacet
  facet normal 0 0 1
    outer loop
      vertex 54.0858 80.0858 3.5
      vertex 54.7929 80.7929 3.5
      vertex 54.727 80.8656 3.5
    endloop
  endfacet
  facet normal 0 0 1
    outer loop
      vertex 53.954 80.2312 3.5
      vertex 54.727 80.8656 3.5
      vertex 54.6685 80.9444 3.5
    endloop
  endfacet
  facet normal 0 0 1
    outer loop
      vertex 53.8371 80.3889 3.5
      vertex 54.6685 80.9444 3.5
      vertex 54.6181 81.0286 3.5
    endloop
  endfacet
  facet normal 0 0 1
    outer loop
      vertex 53.7362 80.5572 3.5
      vertex 54.6181 81.0286 3.5
      vertex 54.5761 81.1173 3.5
    endloop
  endfacet
  facet normal 0 0 1
    outer loop
      vertex 55.0286 80.6181 3.5
      vertex 54.5572 79.7362 3.5
      vertex 54.7346 79.6522 3.5
    endloop
  endfacet
  facet normal 0 0 1
    outer loop
      vertex 53.6522 80.7346 3.5
      vertex 54.5761 81.1173 3.5
      vertex 54.5431 81.2097 3.5
    endloop
  endfacet
  facet normal 0 0 1
    outer loop
      vertex 53.5861 80.9194 3.5
      vertex 54.5431 81.2097 3.5
      vertex 54.5192 81.3049 3.5
    endloop
  endfacet
  facet normal 0 0 1
    outer loop
      vertex 53.5384 81.1098 3.5
      vertex 54.5192 81.3049 3.5
      vertex 54.5048 81.402 3.5
    endloop
  endfacet
  facet normal 0 0 1
    outer loop
      vertex 53.5096 81.304 3.5
      vertex 54.5048 81.402 3.5
      vertex 54.5 81.5 3.5
    endloop
  endfacet
  facet normal 0 0 1
    outer loop
      vertex 54.9444 80.6685 3.5
      vertex 54.3889 79.8371 3.5
      vertex 54.5572 79.7362 3.5
    endloop
  endfacet
  facet normal 0 0 1
    outer loop
      vertex 54.5 112.5 3.5
      vertex 53.5 112.5 3.5
      vertex 54.5 81.5 3.5
    endloop
  endfacet
  facet normal -0 0 1
    outer loop
      vertex 53.6522 113.265 3.5
      vertex 54.5761 112.883 3.5
      vertex 53.7362 113.443 3.5
    endloop
  endfacet
  facet normal 0 0 1
    outer loop
      vertex 53.5 81.5 3.5
      vertex 54.5 81.5 3.5
      vertex 53.5 112.5 3.5
    endloop
  endfacet
  facet normal 0 0 1
    outer loop
      vertex 54.5761 112.883 3.5
      vertex 53.6522 113.265 3.5
      vertex 54.5431 112.79 3.5
    endloop
  endfacet
  facet normal 0 -0 1
    outer loop
      vertex 53.5096 81.304 3.5
      vertex 54.5 81.5 3.5
      vertex 53.5 81.5 3.5
    endloop
  endfacet
  facet normal -0 0 1
    outer loop
      vertex 53.5861 113.081 3.5
      vertex 54.5431 112.79 3.5
      vertex 53.6522 113.265 3.5
    endloop
  endfacet
  facet normal 0 0 1
    outer loop
      vertex 54.8656 80.727 3.5
      vertex 54.2312 79.954 3.5
      vertex 54.3889 79.8371 3.5
    endloop
  endfacet
  facet normal 0 0 1
    outer loop
      vertex 54.5431 112.79 3.5
      vertex 53.5861 113.081 3.5
      vertex 54.5192 112.695 3.5
    endloop
  endfacet
  facet normal 0 0 1
    outer loop
      vertex 54.7929 80.7929 3.5
      vertex 54.0858 80.0858 3.5
      vertex 54.2312 79.954 3.5
    endloop
  endfacet
  facet normal -0 0 1
    outer loop
      vertex 53.5384 112.89 3.5
      vertex 54.5192 112.695 3.5
      vertex 53.5861 113.081 3.5
    endloop
  endfacet
  facet normal 0 0 1
    outer loop
      vertex 54.727 80.8656 3.5
      vertex 53.954 80.2312 3.5
      vertex 54.0858 80.0858 3.5
    endloop
  endfacet
  facet normal 0 0 1
    outer loop
      vertex 54.5192 112.695 3.5
      vertex 53.5384 112.89 3.5
      vertex 54.5048 112.598 3.5
    endloop
  endfacet
  facet normal 0 0 1
    outer loop
      vertex 54.6685 80.9444 3.5
      vertex 53.8371 80.3889 3.5
      vertex 53.954 80.2312 3.5
    endloop
  endfacet
  facet normal -0 0 1
    outer loop
      vertex 53.5096 112.696 3.5
      vertex 54.5048 112.598 3.5
      vertex 53.5384 112.89 3.5
    endloop
  endfacet
  facet normal 0 0 1
    outer loop
      vertex 54.6181 81.0286 3.5
      vertex 53.7362 80.5572 3.5
      vertex 53.8371 80.3889 3.5
    endloop
  endfacet
  facet normal 0 0 1
    outer loop
      vertex 54.5048 112.598 3.5
      vertex 53.5096 112.696 3.5
      vertex 54.5 112.5 3.5
    endloop
  endfacet
  facet normal 0 0 1
    outer loop
      vertex 54.5761 81.1173 3.5
      vertex 53.6522 80.7346 3.5
      vertex 53.7362 80.5572 3.5
    endloop
  endfacet
  facet normal 0 0 1
    outer loop
      vertex 54.5 112.5 3.5
      vertex 53.5096 112.696 3.5
      vertex 53.5 112.5 3.5
    endloop
  endfacet
  facet normal 0 0 1
    outer loop
      vertex 54.5431 81.2097 3.5
      vertex 53.5861 80.9194 3.5
      vertex 53.6522 80.7346 3.5
    endloop
  endfacet
  facet normal 0 0 1
    outer loop
      vertex 54.5192 81.3049 3.5
      vertex 53.5384 81.1098 3.5
      vertex 53.5861 80.9194 3.5
    endloop
  endfacet
  facet normal 0 0 1
    outer loop
      vertex 54.5048 81.402 3.5
      vertex 53.5096 81.304 3.5
      vertex 53.5384 81.1098 3.5
    endloop
  endfacet
  facet normal 0.146844 -0.98916 0
    outer loop
      vertex 144.696 79.5096 2
      vertex 144.89 79.5384 3.5
      vertex 144.696 79.5096 3.5
    endloop
  endfacet
  facet normal 0.146844 -0.98916 0
    outer loop
      vertex 144.89 79.5384 3.5
      vertex 144.696 79.5096 2
      vertex 144.89 79.5384 2
    endloop
  endfacet
  facet normal 0.242297 -0.970202 0
    outer loop
      vertex 144.89 79.5384 2
      vertex 145.081 79.5861 3.5
      vertex 144.89 79.5384 3.5
    endloop
  endfacet
  facet normal 0.242297 -0.970202 0
    outer loop
      vertex 145.081 79.5861 3.5
      vertex 144.89 79.5384 2
      vertex 145.081 79.5861 2
    endloop
  endfacet
  facet normal 0.338085 -0.941115 0
    outer loop
      vertex 145.081 79.5861 2
      vertex 145.265 79.6522 3.5
      vertex 145.081 79.5861 3.5
    endloop
  endfacet
  facet normal 0.338085 -0.941115 0
    outer loop
      vertex 145.265 79.6522 3.5
      vertex 145.081 79.5861 2
      vertex 145.265 79.6522 2
    endloop
  endfacet
  facet normal 0.426775 -0.904358 0
    outer loop
      vertex 145.265 79.6522 2
      vertex 145.443 79.7362 3.5
      vertex 145.265 79.6522 3.5
    endloop
  endfacet
  facet normal 0.426775 -0.904358 0
    outer loop
      vertex 145.443 79.7362 3.5
      vertex 145.265 79.6522 2
      vertex 145.443 79.7362 2
    endloop
  endfacet
  facet normal 0.514871 -0.857268 0
    outer loop
      vertex 145.443 79.7362 2
      vertex 145.611 79.8371 3.5
      vertex 145.443 79.7362 3.5
    endloop
  endfacet
  facet normal 0.514871 -0.857268 0
    outer loop
      vertex 145.611 79.8371 3.5
      vertex 145.443 79.7362 2
      vertex 145.611 79.8371 2
    endloop
  endfacet
  facet normal 0.594777 -0.803891 0
    outer loop
      vertex 145.611 79.8371 2
      vertex 145.769 79.954 3.5
      vertex 145.611 79.8371 3.5
    endloop
  endfacet
  facet normal 0.594777 -0.803891 0
    outer loop
      vertex 145.769 79.954 3.5
      vertex 145.611 79.8371 2
      vertex 145.769 79.954 2
    endloop
  endfacet
  facet normal 0.672622 -0.739986 0
    outer loop
      vertex 145.769 79.954 2
      vertex 145.914 80.0858 3.5
      vertex 145.769 79.954 3.5
    endloop
  endfacet
  facet normal 0.672622 -0.739986 0
    outer loop
      vertex 145.914 80.0858 3.5
      vertex 145.769 79.954 2
      vertex 145.914 80.0858 2
    endloop
  endfacet
  facet normal 0.740401 -0.672166 0
    outer loop
      vertex 145.914 80.0858 3.5
      vertex 146.046 80.2312 2
      vertex 146.046 80.2312 3.5
    endloop
  endfacet
  facet normal 0.740401 -0.672166 0
    outer loop
      vertex 146.046 80.2312 2
      vertex 145.914 80.0858 3.5
      vertex 145.914 80.0858 2
    endloop
  endfacet
  facet normal 0.803106 -0.595836 0
    outer loop
      vertex 146.046 80.2312 3.5
      vertex 146.163 80.3889 2
      vertex 146.163 80.3889 3.5
    endloop
  endfacet
  facet normal 0.803106 -0.595836 0
    outer loop
      vertex 146.163 80.3889 2
      vertex 146.046 80.2312 3.5
      vertex 146.046 80.2312 2
    endloop
  endfacet
  facet normal 0.857448 -0.514571 0
    outer loop
      vertex 146.163 80.3889 3.5
      vertex 146.264 80.5572 2
      vertex 146.264 80.5572 3.5
    endloop
  endfacet
  facet normal 0.857448 -0.514571 0
    outer loop
      vertex 146.264 80.5572 2
      vertex 146.163 80.3889 3.5
      vertex 146.163 80.3889 2
    endloop
  endfacet
  facet normal 0.9038 -0.427955 0
    outer loop
      vertex 146.264 80.5572 3.5
      vertex 146.348 80.7346 2
      vertex 146.348 80.7346 3.5
    endloop
  endfacet
  facet normal 0.9038 -0.427955 0
    outer loop
      vertex 146.348 80.7346 2
      vertex 146.264 80.5572 3.5
      vertex 146.264 80.5572 2
    endloop
  endfacet
  facet normal 0.941742 -0.336336 0
    outer loop
      vertex 146.348 80.7346 3.5
      vertex 146.414 80.9194 2
      vertex 146.414 80.9194 3.5
    endloop
  endfacet
  facet normal 0.941742 -0.336336 0
    outer loop
      vertex 146.414 80.9194 2
      vertex 146.348 80.7346 3.5
      vertex 146.348 80.7346 2
    endloop
  endfacet
  facet normal 0.969661 -0.244452 0
    outer loop
      vertex 146.414 80.9194 3.5
      vertex 146.462 81.1098 2
      vertex 146.462 81.1098 3.5
    endloop
  endfacet
  facet normal 0.969661 -0.244452 0
    outer loop
      vertex 146.462 81.1098 2
      vertex 146.414 80.9194 3.5
      vertex 146.414 80.9194 2
    endloop
  endfacet
  facet normal 0.989765 -0.142706 0
    outer loop
      vertex 146.462 81.1098 3.5
      vertex 146.49 81.304 2
      vertex 146.49 81.304 3.5
    endloop
  endfacet
  facet normal 0.989765 -0.142706 0
    outer loop
      vertex 146.49 81.304 2
      vertex 146.462 81.1098 3.5
      vertex 146.462 81.1098 2
    endloop
  endfacet
  facet normal 0.998701 -0.0509541 0
    outer loop
      vertex 146.49 81.304 3.5
      vertex 146.5 81.5 2
      vertex 146.5 81.5 3.5
    endloop
  endfacet
  facet normal 0.998701 -0.0509541 0
    outer loop
      vertex 146.5 81.5 2
      vertex 146.49 81.304 3.5
      vertex 146.49 81.304 2
    endloop
  endfacet
  facet normal 1 -0 0
    outer loop
      vertex 146.5 81.5 3.5
      vertex 146.5 112.5 2
      vertex 146.5 112.5 3.5
    endloop
  endfacet
  facet normal 1 0 0
    outer loop
      vertex 146.5 112.5 2
      vertex 146.5 81.5 3.5
      vertex 146.5 81.5 2
    endloop
  endfacet
  facet normal 0.998701 0.0509541 0
    outer loop
      vertex 146.5 112.5 3.5
      vertex 146.49 112.696 2
      vertex 146.49 112.696 3.5
    endloop
  endfacet
  facet normal 0.998701 0.0509541 0
    outer loop
      vertex 146.49 112.696 2
      vertex 146.5 112.5 3.5
      vertex 146.5 112.5 2
    endloop
  endfacet
  facet normal 0.989744 0.14285 0
    outer loop
      vertex 146.49 112.696 3.5
      vertex 146.462 112.89 2
      vertex 146.462 112.89 3.5
    endloop
  endfacet
  facet normal 0.989744 0.14285 0
    outer loop
      vertex 146.462 112.89 2
      vertex 146.49 112.696 3.5
      vertex 146.49 112.696 2
    endloop
  endfacet
  facet normal 0.969843 0.24373 0
    outer loop
      vertex 146.462 112.89 3.5
      vertex 146.414 113.081 2
      vertex 146.414 113.081 3.5
    endloop
  endfacet
  facet normal 0.969843 0.24373 0
    outer loop
      vertex 146.414 113.081 2
      vertex 146.462 112.89 3.5
      vertex 146.462 112.89 2
    endloop
  endfacet
  facet normal 0.941278 0.337632 0
    outer loop
      vertex 146.414 113.081 3.5
      vertex 146.348 113.265 2
      vertex 146.348 113.265 3.5
    endloop
  endfacet
  facet normal 0.941278 0.337632 0
    outer loop
      vertex 146.348 113.265 2
      vertex 146.414 113.081 3.5
      vertex 146.414 113.081 2
    endloop
  endfacet
  facet normal 0.904358 0.426775 0
    outer loop
      vertex 146.348 113.265 3.5
      vertex 146.264 113.443 2
      vertex 146.264 113.443 3.5
    endloop
  endfacet
  facet normal 0.904358 0.426775 0
    outer loop
      vertex 146.264 113.443 2
      vertex 146.348 113.265 3.5
      vertex 146.348 113.265 2
    endloop
  endfacet
  facet normal 0.857042 0.515246 0
    outer loop
      vertex 146.264 113.443 3.5
      vertex 146.163 113.611 2
      vertex 146.163 113.611 3.5
    endloop
  endfacet
  facet normal 0.857042 0.515246 0
    outer loop
      vertex 146.163 113.611 2
      vertex 146.264 113.443 3.5
      vertex 146.264 113.443 2
    endloop
  endfacet
  facet normal 0.803647 0.595106 0
    outer loop
      vertex 146.163 113.611 3.5
      vertex 146.046 113.769 2
      vertex 146.046 113.769 3.5
    endloop
  endfacet
  facet normal 0.803647 0.595106 0
    outer loop
      vertex 146.046 113.769 2
      vertex 146.163 113.611 3.5
      vertex 146.163 113.611 2
    endloop
  endfacet
  facet normal 0.739478 0.67318 0
    outer loop
      vertex 146.046 113.769 3.5
      vertex 145.914 113.914 2
      vertex 145.914 113.914 3.5
    endloop
  endfacet
  facet normal 0.739478 0.67318 0
    outer loop
      vertex 145.914 113.914 2
      vertex 146.046 113.769 3.5
      vertex 146.046 113.769 2
    endloop
  endfacet
  facet normal 0.67318 0.739478 -0
    outer loop
      vertex 145.914 113.914 2
      vertex 145.769 114.046 3.5
      vertex 145.914 113.914 3.5
    endloop
  endfacet
  facet normal 0.67318 0.739478 0
    outer loop
      vertex 145.769 114.046 3.5
      vertex 145.914 113.914 2
      vertex 145.769 114.046 2
    endloop
  endfacet
  facet normal 0.595106 0.803647 -0
    outer loop
      vertex 145.769 114.046 2
      vertex 145.611 114.163 3.5
      vertex 145.769 114.046 3.5
    endloop
  endfacet
  facet normal 0.595106 0.803647 0
    outer loop
      vertex 145.611 114.163 3.5
      vertex 145.769 114.046 2
      vertex 145.611 114.163 2
    endloop
  endfacet
  facet normal 0.515246 0.857042 -0
    outer loop
      vertex 145.611 114.163 2
      vertex 145.443 114.264 3.5
      vertex 145.611 114.163 3.5
    endloop
  endfacet
  facet normal 0.515246 0.857042 0
    outer loop
      vertex 145.443 114.264 3.5
      vertex 145.611 114.163 2
      vertex 145.443 114.264 2
    endloop
  endfacet
  facet normal 0.426775 0.904358 -0
    outer loop
      vertex 145.443 114.264 2
      vertex 145.265 114.348 3.5
      vertex 145.443 114.264 3.5
    endloop
  endfacet
  facet normal 0.426775 0.904358 0
    outer loop
      vertex 145.265 114.348 3.5
      vertex 145.443 114.264 2
      vertex 145.265 114.348 2
    endloop
  endfacet
  facet normal 0.337632 0.941278 -0
    outer loop
      vertex 145.265 114.348 2
      vertex 145.081 114.414 3.5
      vertex 145.265 114.348 3.5
    endloop
  endfacet
  facet normal 0.337632 0.941278 0
    outer loop
      vertex 145.081 114.414 3.5
      vertex 145.265 114.348 2
      vertex 145.081 114.414 2
    endloop
  endfacet
  facet normal 0.24373 0.969843 -0
    outer loop
      vertex 145.081 114.414 2
      vertex 144.89 114.462 3.5
      vertex 145.081 114.414 3.5
    endloop
  endfacet
  facet normal 0.24373 0.969843 0
    outer loop
      vertex 144.89 114.462 3.5
      vertex 145.081 114.414 2
      vertex 144.89 114.462 2
    endloop
  endfacet
  facet normal 0.14285 0.989744 -0
    outer loop
      vertex 144.89 114.462 2
      vertex 144.696 114.49 3.5
      vertex 144.89 114.462 3.5
    endloop
  endfacet
  facet normal 0.14285 0.989744 0
    outer loop
      vertex 144.696 114.49 3.5
      vertex 144.89 114.462 2
      vertex 144.696 114.49 2
    endloop
  endfacet
  facet normal 0.0509541 0.998701 -0
    outer loop
      vertex 144.696 114.49 2
      vertex 144.5 114.5 3.5
      vertex 144.696 114.49 3.5
    endloop
  endfacet
  facet normal 0.0509541 0.998701 0
    outer loop
      vertex 144.5 114.5 3.5
      vertex 144.696 114.49 2
      vertex 144.5 114.5 2
    endloop
  endfacet
  facet normal 0 1 -0
    outer loop
      vertex 144.5 114.5 2
      vertex 55.5 114.5 3.5
      vertex 144.5 114.5 3.5
    endloop
  endfacet
  facet normal 0 1 0
    outer loop
      vertex 55.5 114.5 3.5
      vertex 144.5 114.5 2
      vertex 55.5 114.5 2
    endloop
  endfacet
  facet normal -0.0509541 0.998701 0
    outer loop
      vertex 55.5 114.5 2
      vertex 55.304 114.49 3.5
      vertex 55.5 114.5 3.5
    endloop
  endfacet
  facet normal -0.0509541 0.998701 0
    outer loop
      vertex 55.304 114.49 3.5
      vertex 55.5 114.5 2
      vertex 55.304 114.49 2
    endloop
  endfacet
  facet normal -0.142706 0.989765 0
    outer loop
      vertex 55.304 114.49 2
      vertex 55.1098 114.462 3.5
      vertex 55.304 114.49 3.5
    endloop
  endfacet
  facet normal -0.142706 0.989765 0
    outer loop
      vertex 55.1098 114.462 3.5
      vertex 55.304 114.49 2
      vertex 55.1098 114.462 2
    endloop
  endfacet
  facet normal -0.244452 0.969661 0
    outer loop
      vertex 55.1098 114.462 2
      vertex 54.9194 114.414 3.5
      vertex 55.1098 114.462 3.5
    endloop
  endfacet
  facet normal -0.244452 0.969661 0
    outer loop
      vertex 54.9194 114.414 3.5
      vertex 55.1098 114.462 2
      vertex 54.9194 114.414 2
    endloop
  endfacet
  facet normal -0.336336 0.941742 0
    outer loop
      vertex 54.9194 114.414 2
      vertex 54.7346 114.348 3.5
      vertex 54.9194 114.414 3.5
    endloop
  endfacet
  facet normal -0.336336 0.941742 0
    outer loop
      vertex 54.7346 114.348 3.5
      vertex 54.9194 114.414 2
      vertex 54.7346 114.348 2
    endloop
  endfacet
  facet normal -0.427955 0.9038 0
    outer loop
      vertex 54.7346 114.348 2
      vertex 54.5572 114.264 3.5
      vertex 54.7346 114.348 3.5
    endloop
  endfacet
  facet normal -0.427955 0.9038 0
    outer loop
      vertex 54.5572 114.264 3.5
      vertex 54.7346 114.348 2
      vertex 54.5572 114.264 2
    endloop
  endfacet
  facet normal -0.514571 0.857448 0
    outer loop
      vertex 54.5572 114.264 2
      vertex 54.3889 114.163 3.5
      vertex 54.5572 114.264 3.5
    endloop
  endfacet
  facet normal -0.514571 0.857448 0
    outer loop
      vertex 54.3889 114.163 3.5
      vertex 54.5572 114.264 2
      vertex 54.3889 114.163 2
    endloop
  endfacet
  facet normal -0.595836 0.803106 0
    outer loop
      vertex 54.3889 114.163 2
      vertex 54.2312 114.046 3.5
      vertex 54.3889 114.163 3.5
    endloop
  endfacet
  facet normal -0.595836 0.803106 0
    outer loop
      vertex 54.2312 114.046 3.5
      vertex 54.3889 114.163 2
      vertex 54.2312 114.046 2
    endloop
  endfacet
  facet normal -0.672166 0.740401 0
    outer loop
      vertex 54.2312 114.046 2
      vertex 54.0858 113.914 3.5
      vertex 54.2312 114.046 3.5
    endloop
  endfacet
  facet normal -0.672166 0.740401 0
    outer loop
      vertex 54.0858 113.914 3.5
      vertex 54.2312 114.046 2
      vertex 54.0858 113.914 2
    endloop
  endfacet
  facet normal -0.739986 0.672622 0
    outer loop
      vertex 53.954 113.769 2
      vertex 54.0858 113.914 3.5
      vertex 54.0858 113.914 2
    endloop
  endfacet
  facet normal -0.739986 0.672622 0
    outer loop
      vertex 54.0858 113.914 3.5
      vertex 53.954 113.769 2
      vertex 53.954 113.769 3.5
    endloop
  endfacet
  facet normal -0.803891 0.594777 0
    outer loop
      vertex 53.8371 113.611 2
      vertex 53.954 113.769 3.5
      vertex 53.954 113.769 2
    endloop
  endfacet
  facet normal -0.803891 0.594777 0
    outer loop
      vertex 53.954 113.769 3.5
      vertex 53.8371 113.611 2
      vertex 53.8371 113.611 3.5
    endloop
  endfacet
  facet normal -0.857268 0.514871 0
    outer loop
      vertex 53.7362 113.443 2
      vertex 53.8371 113.611 3.5
      vertex 53.8371 113.611 2
    endloop
  endfacet
  facet normal -0.857268 0.514871 0
    outer loop
      vertex 53.8371 113.611 3.5
      vertex 53.7362 113.443 2
      vertex 53.7362 113.443 3.5
    endloop
  endfacet
  facet normal -0.904358 0.426775 0
    outer loop
      vertex 53.6522 113.265 2
      vertex 53.7362 113.443 3.5
      vertex 53.7362 113.443 2
    endloop
  endfacet
  facet normal -0.904358 0.426775 0
    outer loop
      vertex 53.7362 113.443 3.5
      vertex 53.6522 113.265 2
      vertex 53.6522 113.265 3.5
    endloop
  endfacet
  facet normal -0.941115 0.338085 0
    outer loop
      vertex 53.5861 113.081 2
      vertex 53.6522 113.265 3.5
      vertex 53.6522 113.265 2
    endloop
  endfacet
  facet normal -0.941115 0.338085 0
    outer loop
      vertex 53.6522 113.265 3.5
      vertex 53.5861 113.081 2
      vertex 53.5861 113.081 3.5
    endloop
  endfacet
  facet normal -0.970202 0.242297 0
    outer loop
      vertex 53.5384 112.89 2
      vertex 53.5861 113.081 3.5
      vertex 53.5861 113.081 2
    endloop
  endfacet
  facet normal -0.970202 0.242297 0
    outer loop
      vertex 53.5861 113.081 3.5
      vertex 53.5384 112.89 2
      vertex 53.5384 112.89 3.5
    endloop
  endfacet
  facet normal -0.98916 0.146844 0
    outer loop
      vertex 53.5096 112.696 2
      vertex 53.5384 112.89 3.5
      vertex 53.5384 112.89 2
    endloop
  endfacet
  facet normal -0.98916 0.146844 0
    outer loop
      vertex 53.5384 112.89 3.5
      vertex 53.5096 112.696 2
      vertex 53.5096 112.696 3.5
    endloop
  endfacet
  facet normal -0.998803 0.0489209 0
    outer loop
      vertex 53.5 112.5 2
      vertex 53.5096 112.696 3.5
      vertex 53.5096 112.696 2
    endloop
  endfacet
  facet normal -0.998803 0.0489209 0
    outer loop
      vertex 53.5096 112.696 3.5
      vertex 53.5 112.5 2
      vertex 53.5 112.5 3.5
    endloop
  endfacet
  facet normal -1 0 0
    outer loop
      vertex 53.5 81.5 2
      vertex 53.5 112.5 3.5
      vertex 53.5 112.5 2
    endloop
  endfacet
  facet normal -1 -0 0
    outer loop
      vertex 53.5 112.5 3.5
      vertex 53.5 81.5 2
      vertex 53.5 81.5 3.5
    endloop
  endfacet
  facet normal -0.998803 -0.0489209 0
    outer loop
      vertex 53.5096 81.304 2
      vertex 53.5 81.5 3.5
      vertex 53.5 81.5 2
    endloop
  endfacet
  facet normal -0.998803 -0.0489209 0
    outer loop
      vertex 53.5 81.5 3.5
      vertex 53.5096 81.304 2
      vertex 53.5096 81.304 3.5
    endloop
  endfacet
  facet normal -0.989182 -0.146696 0
    outer loop
      vertex 53.5384 81.1098 2
      vertex 53.5096 81.304 3.5
      vertex 53.5096 81.304 2
    endloop
  endfacet
  facet normal -0.989182 -0.146696 0
    outer loop
      vertex 53.5096 81.304 3.5
      vertex 53.5384 81.1098 2
      vertex 53.5384 81.1098 3.5
    endloop
  endfacet
  facet normal -0.970023 -0.243015 0
    outer loop
      vertex 53.5861 80.9194 2
      vertex 53.5384 81.1098 3.5
      vertex 53.5384 81.1098 2
    endloop
  endfacet
  facet normal -0.970023 -0.243015 0
    outer loop
      vertex 53.5384 81.1098 3.5
      vertex 53.5861 80.9194 2
      vertex 53.5861 80.9194 3.5
    endloop
  endfacet
  facet normal -0.94158 -0.336788 0
    outer loop
      vertex 53.6522 80.7346 2
      vertex 53.5861 80.9194 3.5
      vertex 53.5861 80.9194 2
    endloop
  endfacet
  facet normal -0.94158 -0.336788 0
    outer loop
      vertex 53.5861 80.9194 3.5
      vertex 53.6522 80.7346 2
      vertex 53.6522 80.7346 3.5
    endloop
  endfacet
  facet normal -0.9038 -0.427955 0
    outer loop
      vertex 53.7362 80.5572 2
      vertex 53.6522 80.7346 3.5
      vertex 53.6522 80.7346 2
    endloop
  endfacet
  facet normal -0.9038 -0.427955 0
    outer loop
      vertex 53.6522 80.7346 3.5
      vertex 53.7362 80.5572 2
      vertex 53.7362 80.5572 3.5
    endloop
  endfacet
  facet normal -0.857673 -0.514196 0
    outer loop
      vertex 53.8371 80.3889 2
      vertex 53.7362 80.5572 3.5
      vertex 53.7362 80.5572 2
    endloop
  endfacet
  facet normal -0.857673 -0.514196 0
    outer loop
      vertex 53.7362 80.5572 3.5
      vertex 53.8371 80.3889 2
      vertex 53.8371 80.3889 3.5
    endloop
  endfacet
  facet normal -0.80335 -0.595508 0
    outer loop
      vertex 53.954 80.2312 2
      vertex 53.8371 80.3889 3.5
      vertex 53.8371 80.3889 2
    endloop
  endfacet
  facet normal -0.80335 -0.595508 0
    outer loop
      vertex 53.8371 80.3889 3.5
      vertex 53.954 80.2312 2
      vertex 53.954 80.2312 3.5
    endloop
  endfacet
  facet normal -0.740908 -0.671607 0
    outer loop
      vertex 54.0858 80.0858 2
      vertex 53.954 80.2312 3.5
      vertex 53.954 80.2312 2
    endloop
  endfacet
  facet normal -0.740908 -0.671607 0
    outer loop
      vertex 53.954 80.2312 3.5
      vertex 54.0858 80.0858 2
      vertex 54.0858 80.0858 3.5
    endloop
  endfacet
  facet normal -0.671607 -0.740908 0
    outer loop
      vertex 54.0858 80.0858 2
      vertex 54.2312 79.954 3.5
      vertex 54.0858 80.0858 3.5
    endloop
  endfacet
  facet normal -0.671607 -0.740908 -0
    outer loop
      vertex 54.2312 79.954 3.5
      vertex 54.0858 80.0858 2
      vertex 54.2312 79.954 2
    endloop
  endfacet
  facet normal -0.595508 -0.80335 0
    outer loop
      vertex 54.2312 79.954 2
      vertex 54.3889 79.8371 3.5
      vertex 54.2312 79.954 3.5
    endloop
  endfacet
  facet normal -0.595508 -0.80335 -0
    outer loop
      vertex 54.3889 79.8371 3.5
      vertex 54.2312 79.954 2
      vertex 54.3889 79.8371 2
    endloop
  endfacet
  facet normal -0.514196 -0.857673 0
    outer loop
      vertex 54.3889 79.8371 2
      vertex 54.5572 79.7362 3.5
      vertex 54.3889 79.8371 3.5
    endloop
  endfacet
  facet normal -0.514196 -0.857673 -0
    outer loop
      vertex 54.5572 79.7362 3.5
      vertex 54.3889 79.8371 2
      vertex 54.5572 79.7362 2
    endloop
  endfacet
  facet normal -0.427955 -0.9038 0
    outer loop
      vertex 54.5572 79.7362 2
      vertex 54.7346 79.6522 3.5
      vertex 54.5572 79.7362 3.5
    endloop
  endfacet
  facet normal -0.427955 -0.9038 -0
    outer loop
      vertex 54.7346 79.6522 3.5
      vertex 54.5572 79.7362 2
      vertex 54.7346 79.6522 2
    endloop
  endfacet
  facet normal -0.336788 -0.94158 0
    outer loop
      vertex 54.7346 79.6522 2
      vertex 54.9194 79.5861 3.5
      vertex 54.7346 79.6522 3.5
    endloop
  endfacet
  facet normal -0.336788 -0.94158 -0
    outer loop
      vertex 54.9194 79.5861 3.5
      vertex 54.7346 79.6522 2
      vertex 54.9194 79.5861 2
    endloop
  endfacet
  facet normal -0.243015 -0.970023 0
    outer loop
      vertex 54.9194 79.5861 2
      vertex 55.1098 79.5384 3.5
      vertex 54.9194 79.5861 3.5
    endloop
  endfacet
  facet normal -0.243015 -0.970023 -0
    outer loop
      vertex 55.1098 79.5384 3.5
      vertex 54.9194 79.5861 2
      vertex 55.1098 79.5384 2
    endloop
  endfacet
  facet normal -0.146696 -0.989182 0
    outer loop
      vertex 55.1098 79.5384 2
      vertex 55.304 79.5096 3.5
      vertex 55.1098 79.5384 3.5
    endloop
  endfacet
  facet normal -0.146696 -0.989182 -0
    outer loop
      vertex 55.304 79.5096 3.5
      vertex 55.1098 79.5384 2
      vertex 55.304 79.5096 2
    endloop
  endfacet
  facet normal -0.0489209 -0.998803 0
    outer loop
      vertex 55.304 79.5096 2
      vertex 55.5 79.5 3.5
      vertex 55.304 79.5096 3.5
    endloop
  endfacet
  facet normal -0.0489209 -0.998803 -0
    outer loop
      vertex 55.5 79.5 3.5
      vertex 55.304 79.5096 2
      vertex 55.5 79.5 2
    endloop
  endfacet
  facet normal 0 -1 0
    outer loop
      vertex 55.5 79.5 2
      vertex 144.5 79.5 3.5
      vertex 55.5 79.5 3.5
    endloop
  endfacet
  facet normal 0 -1 -0
    outer loop
      vertex 144.5 79.5 3.5
      vertex 55.5 79.5 2
      vertex 144.5 79.5 2
    endloop
  endfacet
  facet normal 0.0489209 -0.998803 0
    outer loop
      vertex 144.5 79.5 2
      vertex 144.696 79.5096 3.5
      vertex 144.5 79.5 3.5
    endloop
  endfacet
  facet normal 0.0489209 -0.998803 0
    outer loop
      vertex 144.696 79.5096 3.5
      vertex 144.5 79.5 2
      vertex 144.696 79.5096 2
    endloop
  endfacet
  facet normal 0.0489209 0.998803 -0
    outer loop
      vertex 55.5 80.5 2
      vertex 55.402 80.5048 3.5
      vertex 55.5 80.5 3.5
    endloop
  endfacet
  facet normal 0.0489209 0.998803 0
    outer loop
      vertex 55.402 80.5048 3.5
      vertex 55.5 80.5 2
      vertex 55.402 80.5048 2
    endloop
  endfacet
  facet normal 0.146696 0.989182 -0
    outer loop
      vertex 55.402 80.5048 2
      vertex 55.3049 80.5192 3.5
      vertex 55.402 80.5048 3.5
    endloop
  endfacet
  facet normal 0.146696 0.989182 0
    outer loop
      vertex 55.3049 80.5192 3.5
      vertex 55.402 80.5048 2
      vertex 55.3049 80.5192 2
    endloop
  endfacet
  facet normal 0.243494 0.969902 -0
    outer loop
      vertex 55.3049 80.5192 2
      vertex 55.2097 80.5431 3.5
      vertex 55.3049 80.5192 3.5
    endloop
  endfacet
  facet normal 0.243494 0.969902 0
    outer loop
      vertex 55.2097 80.5431 3.5
      vertex 55.3049 80.5192 2
      vertex 55.2097 80.5431 2
    endloop
  endfacet
  facet normal 0.336336 0.941742 -0
    outer loop
      vertex 55.2097 80.5431 2
      vertex 55.1173 80.5761 3.5
      vertex 55.2097 80.5431 3.5
    endloop
  endfacet
  facet normal 0.336336 0.941742 0
    outer loop
      vertex 55.1173 80.5761 3.5
      vertex 55.2097 80.5431 2
      vertex 55.1173 80.5761 2
    endloop
  endfacet
  facet normal 0.427955 0.9038 -0
    outer loop
      vertex 55.1173 80.5761 2
      vertex 55.0286 80.6181 3.5
      vertex 55.1173 80.5761 3.5
    endloop
  endfacet
  facet normal 0.427955 0.9038 0
    outer loop
      vertex 55.0286 80.6181 3.5
      vertex 55.1173 80.5761 2
      vertex 55.0286 80.6181 2
    endloop
  endfacet
  facet normal 0.513596 0.858032 -0
    outer loop
      vertex 55.0286 80.6181 2
      vertex 54.9444 80.6685 3.5
      vertex 55.0286 80.6181 3.5
    endloop
  endfacet
  facet normal 0.513596 0.858032 0
    outer loop
      vertex 54.9444 80.6685 3.5
      vertex 55.0286 80.6181 2
      vertex 54.9444 80.6685 2
    endloop
  endfacet
  facet normal 0.59608 0.802925 -0
    outer loop
      vertex 54.9444 80.6685 2
      vertex 54.8656 80.727 3.5
      vertex 54.9444 80.6685 3.5
    endloop
  endfacet
  facet normal 0.59608 0.802925 0
    outer loop
      vertex 54.8656 80.727 3.5
      vertex 54.9444 80.6685 2
      vertex 54.8656 80.727 2
    endloop
  endfacet
  facet normal 0.671607 0.740908 -0
    outer loop
      vertex 54.8656 80.727 2
      vertex 54.7929 80.7929 3.5
      vertex 54.8656 80.727 3.5
    endloop
  endfacet
  facet normal 0.671607 0.740908 0
    outer loop
      vertex 54.7929 80.7929 3.5
      vertex 54.8656 80.727 2
      vertex 54.7929 80.7929 2
    endloop
  endfacet
  facet normal 0.740908 0.671607 0
    outer loop
      vertex 54.7929 80.7929 3.5
      vertex 54.727 80.8656 2
      vertex 54.727 80.8656 3.5
    endloop
  endfacet
  facet normal 0.740908 0.671607 0
    outer loop
      vertex 54.727 80.8656 2
      vertex 54.7929 80.7929 3.5
      vertex 54.7929 80.7929 2
    endloop
  endfacet
  facet normal 0.802925 0.59608 0
    outer loop
      vertex 54.727 80.8656 3.5
      vertex 54.6685 80.9444 2
      vertex 54.6685 80.9444 3.5
    endloop
  endfacet
  facet normal 0.802925 0.59608 0
    outer loop
      vertex 54.6685 80.9444 2
      vertex 54.727 80.8656 3.5
      vertex 54.727 80.8656 2
    endloop
  endfacet
  facet normal 0.858032 0.513596 0
    outer loop
      vertex 54.6685 80.9444 3.5
      vertex 54.6181 81.0286 2
      vertex 54.6181 81.0286 3.5
    endloop
  endfacet
  facet normal 0.858032 0.513596 0
    outer loop
      vertex 54.6181 81.0286 2
      vertex 54.6685 80.9444 3.5
      vertex 54.6685 80.9444 2
    endloop
  endfacet
  facet normal 0.9038 0.427955 0
    outer loop
      vertex 54.6181 81.0286 3.5
      vertex 54.5761 81.1173 2
      vertex 54.5761 81.1173 3.5
    endloop
  endfacet
  facet normal 0.9038 0.427955 0
    outer loop
      vertex 54.5761 81.1173 2
      vertex 54.6181 81.0286 3.5
      vertex 54.6181 81.0286 2
    endloop
  endfacet
  facet normal 0.941742 0.336336 0
    outer loop
      vertex 54.5761 81.1173 3.5
      vertex 54.5431 81.2097 2
      vertex 54.5431 81.2097 3.5
    endloop
  endfacet
  facet normal 0.941742 0.336336 0
    outer loop
      vertex 54.5431 81.2097 2
      vertex 54.5761 81.1173 3.5
      vertex 54.5761 81.1173 2
    endloop
  endfacet
  facet normal 0.969902 0.243494 0
    outer loop
      vertex 54.5431 81.2097 3.5
      vertex 54.5192 81.3049 2
      vertex 54.5192 81.3049 3.5
    endloop
  endfacet
  facet normal 0.969902 0.243494 0
    outer loop
      vertex 54.5192 81.3049 2
      vertex 54.5431 81.2097 3.5
      vertex 54.5431 81.2097 2
    endloop
  endfacet
  facet normal 0.989182 0.146696 0
    outer loop
      vertex 54.5192 81.3049 3.5
      vertex 54.5048 81.402 2
      vertex 54.5048 81.402 3.5
    endloop
  endfacet
  facet normal 0.989182 0.146696 0
    outer loop
      vertex 54.5048 81.402 2
      vertex 54.5192 81.3049 3.5
      vertex 54.5192 81.3049 2
    endloop
  endfacet
  facet normal 0.998803 0.0489209 0
    outer loop
      vertex 54.5048 81.402 3.5
      vertex 54.5 81.5 2
      vertex 54.5 81.5 3.5
    endloop
  endfacet
  facet normal 0.998803 0.0489209 0
    outer loop
      vertex 54.5 81.5 2
      vertex 54.5048 81.402 3.5
      vertex 54.5048 81.402 2
    endloop
  endfacet
  facet normal 1 -0 0
    outer loop
      vertex 54.5 81.5 3.5
      vertex 54.5 112.5 2
      vertex 54.5 112.5 3.5
    endloop
  endfacet
  facet normal 1 0 0
    outer loop
      vertex 54.5 112.5 2
      vertex 54.5 81.5 3.5
      vertex 54.5 81.5 2
    endloop
  endfacet
  facet normal 0.998803 -0.0489209 0
    outer loop
      vertex 54.5 112.5 3.5
      vertex 54.5048 112.598 2
      vertex 54.5048 112.598 3.5
    endloop
  endfacet
  facet normal 0.998803 -0.0489209 0
    outer loop
      vertex 54.5048 112.598 2
      vertex 54.5 112.5 3.5
      vertex 54.5 112.5 2
    endloop
  endfacet
  facet normal 0.98916 -0.146844 0
    outer loop
      vertex 54.5048 112.598 3.5
      vertex 54.5192 112.695 2
      vertex 54.5192 112.695 3.5
    endloop
  endfacet
  facet normal 0.98916 -0.146844 0
    outer loop
      vertex 54.5192 112.695 2
      vertex 54.5048 112.598 3.5
      vertex 54.5048 112.598 2
    endloop
  endfacet
  facet normal 0.969781 -0.243977 0
    outer loop
      vertex 54.5192 112.695 3.5
      vertex 54.5431 112.79 2
      vertex 54.5431 112.79 3.5
    endloop
  endfacet
  facet normal 0.969781 -0.243977 0
    outer loop
      vertex 54.5431 112.79 2
      vertex 54.5192 112.695 3.5
      vertex 54.5192 112.695 2
    endloop
  endfacet
  facet normal 0.942428 -0.33441 0
    outer loop
      vertex 54.5431 112.79 3.5
      vertex 54.5761 112.883 2
      vertex 54.5761 112.883 3.5
    endloop
  endfacet
  facet normal 0.942428 -0.33441 0
    outer loop
      vertex 54.5761 112.883 2
      vertex 54.5431 112.79 3.5
      vertex 54.5431 112.79 2
    endloop
  endfacet
  facet normal 0.902481 -0.43073 0
    outer loop
      vertex 54.5761 112.883 3.5
      vertex 54.6181 112.971 2
      vertex 54.6181 112.971 3.5
    endloop
  endfacet
  facet normal 0.902481 -0.43073 0
    outer loop
      vertex 54.6181 112.971 2
      vertex 54.5761 112.883 3.5
      vertex 54.5761 112.883 2
    endloop
  endfacet
  facet normal 0.86016 -0.510024 0
    outer loop
      vertex 54.6181 112.971 3.5
      vertex 54.6685 113.056 2
      vertex 54.6685 113.056 3.5
    endloop
  endfacet
  facet normal 0.86016 -0.510024 0
    outer loop
      vertex 54.6685 113.056 2
      vertex 54.6181 112.971 3.5
      vertex 54.6181 112.971 2
    endloop
  endfacet
  facet normal 0.8 -0.6 0
    outer loop
      vertex 54.6685 113.056 3.5
      vertex 54.727 113.134 2
      vertex 54.727 113.134 3.5
    endloop
  endfacet
  facet normal 0.8 -0.6 0
    outer loop
      vertex 54.727 113.134 2
      vertex 54.6685 113.056 3.5
      vertex 54.6685 113.056 2
    endloop
  endfacet
  facet normal 0.742282 -0.670088 0
    outer loop
      vertex 54.727 113.134 3.5
      vertex 54.7929 113.207 2
      vertex 54.7929 113.207 3.5
    endloop
  endfacet
  facet normal 0.742282 -0.670088 0
    outer loop
      vertex 54.7929 113.207 2
      vertex 54.727 113.134 3.5
      vertex 54.727 113.134 2
    endloop
  endfacet
  facet normal 0.672166 -0.740401 0
    outer loop
      vertex 54.7929 113.207 2
      vertex 54.8656 113.273 3.5
      vertex 54.7929 113.207 3.5
    endloop
  endfacet
  facet normal 0.672166 -0.740401 0
    outer loop
      vertex 54.8656 113.273 3.5
      vertex 54.7929 113.207 2
      vertex 54.8656 113.273 2
    endloop
  endfacet
  facet normal 0.592781 -0.805364 0
    outer loop
      vertex 54.8656 113.273 2
      vertex 54.9444 113.331 3.5
      vertex 54.8656 113.273 3.5
    endloop
  endfacet
  facet normal 0.592781 -0.805364 0
    outer loop
      vertex 54.9444 113.331 3.5
      vertex 54.8656 113.273 2
      vertex 54.9444 113.331 2
    endloop
  endfacet
  facet normal 0.518077 -0.855334 0
    outer loop
      vertex 54.9444 113.331 2
      vertex 55.0286 113.382 3.5
      vertex 54.9444 113.331 3.5
    endloop
  endfacet
  facet normal 0.518077 -0.855334 0
    outer loop
      vertex 55.0286 113.382 3.5
      vertex 54.9444 113.331 2
      vertex 55.0286 113.382 2
    endloop
  endfacet
  facet normal 0.427955 -0.9038 0
    outer loop
      vertex 55.0286 113.382 2
      vertex 55.1173 113.424 3.5
      vertex 55.0286 113.382 3.5
    endloop
  endfacet
  facet normal 0.427955 -0.9038 0
    outer loop
      vertex 55.1173 113.424 3.5
      vertex 55.0286 113.382 2
      vertex 55.1173 113.424 2
    endloop
  endfacet
  facet normal 0.336336 -0.941742 0
    outer loop
      vertex 55.1173 113.424 2
      vertex 55.2097 113.457 3.5
      vertex 55.1173 113.424 3.5
    endloop
  endfacet
  facet normal 0.336336 -0.941742 0
    outer loop
      vertex 55.2097 113.457 3.5
      vertex 55.1173 113.424 2
      vertex 55.2097 113.457 2
    endloop
  endfacet
  facet normal 0.244452 -0.969661 0
    outer loop
      vertex 55.2097 113.457 2
      vertex 55.3049 113.481 3.5
      vertex 55.2097 113.457 3.5
    endloop
  endfacet
  facet normal 0.244452 -0.969661 0
    outer loop
      vertex 55.3049 113.481 3.5
      vertex 55.2097 113.457 2
      vertex 55.3049 113.481 2
    endloop
  endfacet
  facet normal 0.142706 -0.989765 0
    outer loop
      vertex 55.3049 113.481 2
      vertex 55.402 113.495 3.5
      vertex 55.3049 113.481 3.5
    endloop
  endfacet
  facet normal 0.142706 -0.989765 0
    outer loop
      vertex 55.402 113.495 3.5
      vertex 55.3049 113.481 2
      vertex 55.402 113.495 2
    endloop
  endfacet
  facet normal 0.0509541 -0.998701 0
    outer loop
      vertex 55.402 113.495 2
      vertex 55.5 113.5 3.5
      vertex 55.402 113.495 3.5
    endloop
  endfacet
  facet normal 0.0509541 -0.998701 0
    outer loop
      vertex 55.5 113.5 3.5
      vertex 55.402 113.495 2
      vertex 55.5 113.5 2
    endloop
  endfacet
  facet normal 0 -1 0
    outer loop
      vertex 55.5 113.5 2
      vertex 144.5 113.5 3.5
      vertex 55.5 113.5 3.5
    endloop
  endfacet
  facet normal 0 -1 -0
    outer loop
      vertex 144.5 113.5 3.5
      vertex 55.5 113.5 2
      vertex 144.5 113.5 2
    endloop
  endfacet
  facet normal -0.0509541 -0.998701 0
    outer loop
      vertex 144.5 113.5 2
      vertex 144.598 113.495 3.5
      vertex 144.5 113.5 3.5
    endloop
  endfacet
  facet normal -0.0509541 -0.998701 -0
    outer loop
      vertex 144.598 113.495 3.5
      vertex 144.5 113.5 2
      vertex 144.598 113.495 2
    endloop
  endfacet
  facet normal -0.14285 -0.989744 0
    outer loop
      vertex 144.598 113.495 2
      vertex 144.695 113.481 3.5
      vertex 144.598 113.495 3.5
    endloop
  endfacet
  facet normal -0.14285 -0.989744 -0
    outer loop
      vertex 144.695 113.481 3.5
      vertex 144.598 113.495 2
      vertex 144.695 113.481 2
    endloop
  endfacet
  facet normal -0.244936 -0.969539 0
    outer loop
      vertex 144.695 113.481 2
      vertex 144.79 113.457 3.5
      vertex 144.695 113.481 3.5
    endloop
  endfacet
  facet normal -0.244936 -0.969539 -0
    outer loop
      vertex 144.79 113.457 3.5
      vertex 144.695 113.481 2
      vertex 144.79 113.457 2
    endloop
  endfacet
  facet normal -0.33441 -0.942428 0
    outer loop
      vertex 144.79 113.457 2
      vertex 144.883 113.424 3.5
      vertex 144.79 113.457 3.5
    endloop
  endfacet
  facet normal -0.33441 -0.942428 -0
    outer loop
      vertex 144.883 113.424 3.5
      vertex 144.79 113.457 2
      vertex 144.883 113.424 2
    endloop
  endfacet
  facet normal -0.43073 -0.902481 0
    outer loop
      vertex 144.883 113.424 2
      vertex 144.971 113.382 3.5
      vertex 144.883 113.424 3.5
    endloop
  endfacet
  facet normal -0.43073 -0.902481 -0
    outer loop
      vertex 144.971 113.382 3.5
      vertex 144.883 113.424 2
      vertex 144.971 113.382 2
    endloop
  endfacet
  facet normal -0.514496 -0.857493 0
    outer loop
      vertex 144.971 113.382 2
      vertex 145.056 113.331 3.5
      vertex 144.971 113.382 3.5
    endloop
  endfacet
  facet normal -0.514496 -0.857493 -0
    outer loop
      vertex 145.056 113.331 3.5
      vertex 144.971 113.382 2
      vertex 145.056 113.331 2
    endloop
  endfacet
  facet normal -0.596703 -0.802462 0
    outer loop
      vertex 145.056 113.331 2
      vertex 145.134 113.273 3.5
      vertex 145.056 113.331 3.5
    endloop
  endfacet
  facet normal -0.596703 -0.802462 -0
    outer loop
      vertex 145.134 113.273 3.5
      vertex 145.056 113.331 2
      vertex 145.134 113.273 2
    endloop
  endfacet
  facet normal -0.670647 -0.741776 0
    outer loop
      vertex 145.134 113.273 2
      vertex 145.207 113.207 3.5
      vertex 145.134 113.273 3.5
    endloop
  endfacet
  facet normal -0.670647 -0.741776 -0
    outer loop
      vertex 145.207 113.207 3.5
      vertex 145.134 113.273 2
      vertex 145.207 113.207 2
    endloop
  endfacet
  facet normal -0.741776 -0.670647 0
    outer loop
      vertex 145.273 113.134 2
      vertex 145.207 113.207 3.5
      vertex 145.207 113.207 2
    endloop
  endfacet
  facet normal -0.741776 -0.670647 0
    outer loop
      vertex 145.207 113.207 3.5
      vertex 145.273 113.134 2
      vertex 145.273 113.134 3.5
    endloop
  endfacet
  facet normal -0.802462 -0.596703 0
    outer loop
      vertex 145.331 113.056 2
      vertex 145.273 113.134 3.5
      vertex 145.273 113.134 2
    endloop
  endfacet
  facet normal -0.802462 -0.596703 0
    outer loop
      vertex 145.273 113.134 3.5
      vertex 145.331 113.056 2
      vertex 145.331 113.056 3.5
    endloop
  endfacet
  facet normal -0.857493 -0.514496 0
    outer loop
      vertex 145.382 112.971 2
      vertex 145.331 113.056 3.5
      vertex 145.331 113.056 2
    endloop
  endfacet
  facet normal -0.857493 -0.514496 0
    outer loop
      vertex 145.331 113.056 3.5
      vertex 145.382 112.971 2
      vertex 145.382 112.971 3.5
    endloop
  endfacet
  facet normal -0.902481 -0.43073 0
    outer loop
      vertex 145.424 112.883 2
      vertex 145.382 112.971 3.5
      vertex 145.382 112.971 2
    endloop
  endfacet
  facet normal -0.902481 -0.43073 0
    outer loop
      vertex 145.382 112.971 3.5
      vertex 145.424 112.883 2
      vertex 145.424 112.883 3.5
    endloop
  endfacet
  facet normal -0.942428 -0.33441 0
    outer loop
      vertex 145.457 112.79 2
      vertex 145.424 112.883 3.5
      vertex 145.424 112.883 2
    endloop
  endfacet
  facet normal -0.942428 -0.33441 0
    outer loop
      vertex 145.424 112.883 3.5
      vertex 145.457 112.79 2
      vertex 145.457 112.79 3.5
    endloop
  endfacet
  facet normal -0.969539 -0.244936 0
    outer loop
      vertex 145.481 112.695 2
      vertex 145.457 112.79 3.5
      vertex 145.457 112.79 2
    endloop
  endfacet
  facet normal -0.969539 -0.244936 0
    outer loop
      vertex 145.457 112.79 3.5
      vertex 145.481 112.695 2
      vertex 145.481 112.695 3.5
    endloop
  endfacet
  facet normal -0.989744 -0.14285 0
    outer loop
      vertex 145.495 112.598 2
      vertex 145.481 112.695 3.5
      vertex 145.481 112.695 2
    endloop
  endfacet
  facet normal -0.989744 -0.14285 0
    outer loop
      vertex 145.481 112.695 3.5
      vertex 145.495 112.598 2
      vertex 145.495 112.598 3.5
    endloop
  endfacet
  facet normal -0.998701 -0.0509541 0
    outer loop
      vertex 145.5 112.5 2
      vertex 145.495 112.598 3.5
      vertex 145.495 112.598 2
    endloop
  endfacet
  facet normal -0.998701 -0.0509541 0
    outer loop
      vertex 145.495 112.598 3.5
      vertex 145.5 112.5 2
      vertex 145.5 112.5 3.5
    endloop
  endfacet
  facet normal -1 0 0
    outer loop
      vertex 145.5 81.5 2
      vertex 145.5 112.5 3.5
      vertex 145.5 112.5 2
    endloop
  endfacet
  facet normal -1 -0 0
    outer loop
      vertex 145.5 112.5 3.5
      vertex 145.5 81.5 2
      vertex 145.5 81.5 3.5
    endloop
  endfacet
  facet normal -0.998701 0.0509541 0
    outer loop
      vertex 145.495 81.402 2
      vertex 145.5 81.5 3.5
      vertex 145.5 81.5 2
    endloop
  endfacet
  facet normal -0.998701 0.0509541 0
    outer loop
      vertex 145.5 81.5 3.5
      vertex 145.495 81.402 2
      vertex 145.495 81.402 3.5
    endloop
  endfacet
  facet normal -0.989765 0.142706 0
    outer loop
      vertex 145.481 81.3049 2
      vertex 145.495 81.402 3.5
      vertex 145.495 81.402 2
    endloop
  endfacet
  facet normal -0.989765 0.142706 0
    outer loop
      vertex 145.495 81.402 3.5
      vertex 145.481 81.3049 2
      vertex 145.481 81.3049 3.5
    endloop
  endfacet
  facet normal -0.969661 0.244452 0
    outer loop
      vertex 145.457 81.2097 2
      vertex 145.481 81.3049 3.5
      vertex 145.481 81.3049 2
    endloop
  endfacet
  facet normal -0.969661 0.244452 0
    outer loop
      vertex 145.481 81.3049 3.5
      vertex 145.457 81.2097 2
      vertex 145.457 81.2097 3.5
    endloop
  endfacet
  facet normal -0.941742 0.336336 0
    outer loop
      vertex 145.424 81.1173 2
      vertex 145.457 81.2097 3.5
      vertex 145.457 81.2097 2
    endloop
  endfacet
  facet normal -0.941742 0.336336 0
    outer loop
      vertex 145.457 81.2097 3.5
      vertex 145.424 81.1173 2
      vertex 145.424 81.1173 3.5
    endloop
  endfacet
  facet normal -0.9038 0.427955 0
    outer loop
      vertex 145.382 81.0286 2
      vertex 145.424 81.1173 3.5
      vertex 145.424 81.1173 2
    endloop
  endfacet
  facet normal -0.9038 0.427955 0
    outer loop
      vertex 145.424 81.1173 3.5
      vertex 145.382 81.0286 2
      vertex 145.382 81.0286 3.5
    endloop
  endfacet
  facet normal -0.855334 0.518077 0
    outer loop
      vertex 145.331 80.9444 2
      vertex 145.382 81.0286 3.5
      vertex 145.382 81.0286 2
    endloop
  endfacet
  facet normal -0.855334 0.518077 0
    outer loop
      vertex 145.382 81.0286 3.5
      vertex 145.331 80.9444 2
      vertex 145.331 80.9444 3.5
    endloop
  endfacet
  facet normal -0.805364 0.592781 0
    outer loop
      vertex 145.273 80.8656 2
      vertex 145.331 80.9444 3.5
      vertex 145.331 80.9444 2
    endloop
  endfacet
  facet normal -0.805364 0.592781 0
    outer loop
      vertex 145.331 80.9444 3.5
      vertex 145.273 80.8656 2
      vertex 145.273 80.8656 3.5
    endloop
  endfacet
  facet normal -0.740401 0.672166 0
    outer loop
      vertex 145.207 80.7929 2
      vertex 145.273 80.8656 3.5
      vertex 145.273 80.8656 2
    endloop
  endfacet
  facet normal -0.740401 0.672166 0
    outer loop
      vertex 145.273 80.8656 3.5
      vertex 145.207 80.7929 2
      vertex 145.207 80.7929 3.5
    endloop
  endfacet
  facet normal -0.670088 0.742282 0
    outer loop
      vertex 145.207 80.7929 2
      vertex 145.134 80.727 3.5
      vertex 145.207 80.7929 3.5
    endloop
  endfacet
  facet normal -0.670088 0.742282 0
    outer loop
      vertex 145.134 80.727 3.5
      vertex 145.207 80.7929 2
      vertex 145.134 80.727 2
    endloop
  endfacet
  facet normal -0.6 0.8 0
    outer loop
      vertex 145.134 80.727 2
      vertex 145.056 80.6685 3.5
      vertex 145.134 80.727 3.5
    endloop
  endfacet
  facet normal -0.6 0.8 0
    outer loop
      vertex 145.056 80.6685 3.5
      vertex 145.134 80.727 2
      vertex 145.056 80.6685 2
    endloop
  endfacet
  facet normal -0.510024 0.86016 0
    outer loop
      vertex 145.056 80.6685 2
      vertex 144.971 80.6181 3.5
      vertex 145.056 80.6685 3.5
    endloop
  endfacet
  facet normal -0.510024 0.86016 0
    outer loop
      vertex 144.971 80.6181 3.5
      vertex 145.056 80.6685 2
      vertex 144.971 80.6181 2
    endloop
  endfacet
  facet normal -0.43073 0.902481 0
    outer loop
      vertex 144.971 80.6181 2
      vertex 144.883 80.5761 3.5
      vertex 144.971 80.6181 3.5
    endloop
  endfacet
  facet normal -0.43073 0.902481 0
    outer loop
      vertex 144.883 80.5761 3.5
      vertex 144.971 80.6181 2
      vertex 144.883 80.5761 2
    endloop
  endfacet
  facet normal -0.33441 0.942428 0
    outer loop
      vertex 144.883 80.5761 2
      vertex 144.79 80.5431 3.5
      vertex 144.883 80.5761 3.5
    endloop
  endfacet
  facet normal -0.33441 0.942428 0
    outer loop
      vertex 144.79 80.5431 3.5
      vertex 144.883 80.5761 2
      vertex 144.79 80.5431 2
    endloop
  endfacet
  facet normal -0.243977 0.969781 0
    outer loop
      vertex 144.79 80.5431 2
      vertex 144.695 80.5192 3.5
      vertex 144.79 80.5431 3.5
    endloop
  endfacet
  facet normal -0.243977 0.969781 0
    outer loop
      vertex 144.695 80.5192 3.5
      vertex 144.79 80.5431 2
      vertex 144.695 80.5192 2
    endloop
  endfacet
  facet normal -0.146844 0.98916 0
    outer loop
      vertex 144.695 80.5192 2
      vertex 144.598 80.5048 3.5
      vertex 144.695 80.5192 3.5
    endloop
  endfacet
  facet normal -0.146844 0.98916 0
    outer loop
      vertex 144.598 80.5048 3.5
      vertex 144.695 80.5192 2
      vertex 144.598 80.5048 2
    endloop
  endfacet
  facet normal -0.0489209 0.998803 0
    outer loop
      vertex 144.598 80.5048 2
      vertex 144.5 80.5 3.5
      vertex 144.598 80.5048 3.5
    endloop
  endfacet
  facet normal -0.0489209 0.998803 0
    outer loop
      vertex 144.5 80.5 3.5
      vertex 144.598 80.5048 2
      vertex 144.5 80.5 2
    endloop
  endfacet
  facet normal 0 1 -0
    outer loop
      vertex 144.5 80.5 2
      vertex 55.5 80.5 3.5
      vertex 144.5 80.5 3.5
    endloop
  endfacet
  facet normal 0 1 0
    outer loop
      vertex 55.5 80.5 3.5
      vertex 144.5 80.5 2
      vertex 55.5 80.5 2
    endloop
  endfacet
  facet normal -0.989164 -0.146815 0
    outer loop
      vertex 13.5752 8.95479 1.4
      vertex 13.501 9.45471 3.2
      vertex 13.501 9.45471 1.4
    endloop
  endfacet
  facet normal -0.989164 -0.146815 0
    outer loop
      vertex 13.501 9.45471 3.2
      vertex 13.5752 8.95479 1.4
      vertex 13.5752 8.95479 3.2
    endloop
  endfacet
  facet normal -0.998795 -0.0490702 0
    outer loop
      vertex 13.6 8.45 1.4
      vertex 13.5752 8.95479 3.2
      vertex 13.5752 8.95479 1.4
    endloop
  endfacet
  facet normal -0.998795 -0.0490702 0
    outer loop
      vertex 13.5752 8.95479 3.2
      vertex 13.6 8.45 1.4
      vertex 13.6 8.45 3.2
    endloop
  endfacet
  facet normal -0.970033 -0.242973 0
    outer loop
      vertex 13.501 9.45471 1.4
      vertex 13.3782 9.94497 3.2
      vertex 13.3782 9.94497 1.4
    endloop
  endfacet
  facet normal -0.970033 -0.242973 0
    outer loop
      vertex 13.3782 9.94497 3.2
      vertex 13.501 9.45471 1.4
      vertex 13.501 9.45471 3.2
    endloop
  endfacet
  facet normal -0.242973 -0.970033 0
    outer loop
      vertex 9.45471 13.501 1.4
      vertex 9.94497 13.3782 3.2
      vertex 9.45471 13.501 3.2
    endloop
  endfacet
  facet normal -0.242973 -0.970033 -0
    outer loop
      vertex 9.94497 13.3782 3.2
      vertex 9.45471 13.501 1.4
      vertex 9.94497 13.3782 1.4
    endloop
  endfacet
  facet normal -0.336899 0.941541 0
    outer loop
      vertex 10.4208 3.69202 1.4
      vertex 9.94497 3.52176 3.2
      vertex 10.4208 3.69202 3.2
    endloop
  endfacet
  facet normal -0.336899 0.941541 0
    outer loop
      vertex 9.94497 3.52176 3.2
      vertex 10.4208 3.69202 1.4
      vertex 9.94497 3.52176 1.4
    endloop
  endfacet
  facet normal 0.903992 0.42755 0
    outer loop
      vertex 3.9081 6.02231 3.2
      vertex 3.69202 6.47918 1.4
      vertex 3.69202 6.47918 3.2
    endloop
  endfacet
  facet normal 0.903992 0.42755 0
    outer loop
      vertex 3.69202 6.47918 1.4
      vertex 3.9081 6.02231 3.2
      vertex 3.9081 6.02231 1.4
    endloop
  endfacet
  facet normal -0.336794 -0.941578 0
    outer loop
      vertex 9.94497 13.3782 1.4
      vertex 10.4208 13.208 3.2
      vertex 9.94497 13.3782 3.2
    endloop
  endfacet
  facet normal -0.336794 -0.941578 -0
    outer loop
      vertex 10.4208 13.208 3.2
      vertex 9.94497 13.3782 1.4
      vertex 10.4208 13.208 1.4
    endloop
  endfacet
  facet normal -0.427527 0.904003 0
    outer loop
      vertex 10.8777 3.9081 1.4
      vertex 10.4208 3.69202 3.2
      vertex 10.8777 3.9081 3.2
    endloop
  endfacet
  facet normal -0.427527 0.904003 0
    outer loop
      vertex 10.4208 3.69202 3.2
      vertex 10.8777 3.9081 1.4
      vertex 10.4208 3.69202 1.4
    endloop
  endfacet
  facet normal 0.42755 0.903992 -0
    outer loop
      vertex 6.47918 3.69202 1.4
      vertex 6.02231 3.9081 3.2
      vertex 6.47918 3.69202 3.2
    endloop
  endfacet
  facet normal 0.42755 0.903992 0
    outer loop
      vertex 6.02231 3.9081 3.2
      vertex 6.47918 3.69202 1.4
      vertex 6.02231 3.9081 1.4
    endloop
  endfacet
  facet normal -0.0490702 -0.998795 0
    outer loop
      vertex 8.45 13.6 1.4
      vertex 8.95479 13.5752 3.2
      vertex 8.45 13.6 3.2
    endloop
  endfacet
  facet normal -0.0490702 -0.998795 -0
    outer loop
      vertex 8.95479 13.5752 3.2
      vertex 8.45 13.6 1.4
      vertex 8.95479 13.5752 1.4
    endloop
  endfacet
  facet normal 0.803175 -0.595743 0
    outer loop
      vertex 4.16793 11.3112 3.2
      vertex 4.469 11.7171 1.4
      vertex 4.469 11.7171 3.2
    endloop
  endfacet
  facet normal 0.803175 -0.595743 0
    outer loop
      vertex 4.469 11.7171 1.4
      vertex 4.16793 11.3112 3.2
      vertex 4.16793 11.3112 1.4
    endloop
  endfacet
  facet normal 0.740951 0.671559 0
    outer loop
      vertex 4.8084 4.8084 3.2
      vertex 4.469 5.18287 1.4
      vertex 4.469 5.18287 3.2
    endloop
  endfacet
  facet normal 0.740951 0.671559 0
    outer loop
      vertex 4.469 5.18287 1.4
      vertex 4.8084 4.8084 3.2
      vertex 4.8084 4.8084 1.4
    endloop
  endfacet
  facet normal 0.970032 0.242978 0
    outer loop
      vertex 3.52176 6.95503 3.2
      vertex 3.39896 7.44528 1.4
      vertex 3.39896 7.44528 3.2
    endloop
  endfacet
  facet normal 0.970032 0.242978 0
    outer loop
      vertex 3.39896 7.44528 1.4
      vertex 3.52176 6.95503 3.2
      vertex 3.52176 6.95503 1.4
    endloop
  endfacet
  facet normal 0.514103 0.857729 -0
    outer loop
      vertex 6.02231 3.9081 1.4
      vertex 5.58881 4.16793 3.2
      vertex 6.02231 3.9081 3.2
    endloop
  endfacet
  facet normal 0.514103 0.857729 0
    outer loop
      vertex 5.58881 4.16793 3.2
      vertex 6.02231 3.9081 1.4
      vertex 5.58881 4.16793 1.4
    endloop
  endfacet
  facet normal 0.0490702 -0.998795 0
    outer loop
      vertex 7.94521 13.5752 1.4
      vertex 8.45 13.6 3.2
      vertex 7.94521 13.5752 3.2
    endloop
  endfacet
  facet normal 0.0490702 -0.998795 0
    outer loop
      vertex 8.45 13.6 3.2
      vertex 7.94521 13.5752 1.4
      vertex 8.45 13.6 1.4
    endloop
  endfacet
  facet normal 0.740978 -0.67153 0
    outer loop
      vertex 4.469 11.7171 3.2
      vertex 4.8084 12.0916 1.4
      vertex 4.8084 12.0916 3.2
    endloop
  endfacet
  facet normal 0.740978 -0.67153 0
    outer loop
      vertex 4.8084 12.0916 1.4
      vertex 4.469 11.7171 3.2
      vertex 4.469 11.7171 1.4
    endloop
  endfacet
  facet normal 0.336781 -0.941583 0
    outer loop
      vertex 6.47918 13.208 1.4
      vertex 6.95503 13.3782 3.2
      vertex 6.47918 13.208 3.2
    endloop
  endfacet
  facet normal 0.336781 -0.941583 0
    outer loop
      vertex 6.95503 13.3782 3.2
      vertex 6.47918 13.208 1.4
      vertex 6.95503 13.3782 1.4
    endloop
  endfacet
  facet normal 0.242978 0.970032 -0
    outer loop
      vertex 7.44528 3.39896 1.4
      vertex 6.95503 3.52176 3.2
      vertex 7.44528 3.39896 3.2
    endloop
  endfacet
  facet normal 0.242978 0.970032 0
    outer loop
      vertex 6.95503 3.52176 3.2
      vertex 7.44528 3.39896 1.4
      vertex 6.95503 3.52176 1.4
    endloop
  endfacet
  facet normal -0.514103 0.857729 0
    outer loop
      vertex 11.3112 4.16793 1.4
      vertex 10.8777 3.9081 3.2
      vertex 11.3112 4.16793 3.2
    endloop
  endfacet
  facet normal -0.514103 0.857729 0
    outer loop
      vertex 10.8777 3.9081 3.2
      vertex 11.3112 4.16793 1.4
      vertex 10.8777 3.9081 1.4
    endloop
  endfacet
  facet normal -0.427559 -0.903987 0
    outer loop
      vertex 10.4208 13.208 1.4
      vertex 10.8777 12.9919 3.2
      vertex 10.4208 13.208 3.2
    endloop
  endfacet
  facet normal -0.427559 -0.903987 -0
    outer loop
      vertex 10.8777 12.9919 3.2
      vertex 10.4208 13.208 1.4
      vertex 10.8777 12.9919 1.4
    endloop
  endfacet
  facet normal 0.857729 0.514103 0
    outer loop
      vertex 4.16793 5.58881 3.2
      vertex 3.9081 6.02231 1.4
      vertex 3.9081 6.02231 3.2
    endloop
  endfacet
  facet normal 0.857729 0.514103 0
    outer loop
      vertex 3.9081 6.02231 1.4
      vertex 4.16793 5.58881 3.2
      vertex 4.16793 5.58881 1.4
    endloop
  endfacet
  facet normal -0.146815 -0.989164 0
    outer loop
      vertex 8.95479 13.5752 1.4
      vertex 9.45471 13.501 3.2
      vertex 8.95479 13.5752 3.2
    endloop
  endfacet
  facet normal -0.146815 -0.989164 -0
    outer loop
      vertex 9.45471 13.501 3.2
      vertex 8.95479 13.5752 1.4
      vertex 9.45471 13.501 1.4
    endloop
  endfacet
  facet normal -0.970032 0.242978 0
    outer loop
      vertex 13.3782 6.95503 1.4
      vertex 13.501 7.44528 3.2
      vertex 13.501 7.44528 1.4
    endloop
  endfacet
  facet normal -0.970032 0.242978 0
    outer loop
      vertex 13.501 7.44528 3.2
      vertex 13.3782 6.95503 1.4
      vertex 13.3782 6.95503 3.2
    endloop
  endfacet
  facet normal 0.857729 -0.514103 0
    outer loop
      vertex 3.9081 10.8777 3.2
      vertex 4.16793 11.3112 1.4
      vertex 4.16793 11.3112 3.2
    endloop
  endfacet
  facet normal 0.857729 -0.514103 0
    outer loop
      vertex 4.16793 11.3112 1.4
      vertex 3.9081 10.8777 3.2
      vertex 3.9081 10.8777 1.4
    endloop
  endfacet
  facet normal 0.146735 0.989176 -0
    outer loop
      vertex 7.94521 3.3248 1.4
      vertex 7.44528 3.39896 3.2
      vertex 7.94521 3.3248 3.2
    endloop
  endfacet
  facet normal 0.146735 0.989176 0
    outer loop
      vertex 7.44528 3.39896 3.2
      vertex 7.94521 3.3248 1.4
      vertex 7.44528 3.39896 1.4
    endloop
  endfacet
  facet normal 0.595743 -0.803175 0
    outer loop
      vertex 5.18287 12.431 1.4
      vertex 5.58881 12.7321 3.2
      vertex 5.18287 12.431 3.2
    endloop
  endfacet
  facet normal 0.595743 -0.803175 0
    outer loop
      vertex 5.58881 12.7321 3.2
      vertex 5.18287 12.431 1.4
      vertex 5.58881 12.7321 1.4
    endloop
  endfacet
  facet normal 0.671559 0.740951 -0
    outer loop
      vertex 5.18287 4.469 1.4
      vertex 4.8084 4.8084 3.2
      vertex 5.18287 4.469 3.2
    endloop
  endfacet
  facet normal 0.671559 0.740951 0
    outer loop
      vertex 4.8084 4.8084 3.2
      vertex 5.18287 4.469 1.4
      vertex 4.8084 4.8084 1.4
    endloop
  endfacet
  facet normal -0.803147 -0.595781 0
    outer loop
      vertex 12.7321 11.3112 1.4
      vertex 12.431 11.7171 3.2
      vertex 12.431 11.7171 1.4
    endloop
  endfacet
  facet normal -0.803147 -0.595781 0
    outer loop
      vertex 12.431 11.7171 3.2
      vertex 12.7321 11.3112 1.4
      vertex 12.7321 11.3112 3.2
    endloop
  endfacet
  facet normal -0.740978 -0.67153 0
    outer loop
      vertex 12.431 11.7171 1.4
      vertex 12.0916 12.0916 3.2
      vertex 12.0916 12.0916 1.4
    endloop
  endfacet
  facet normal -0.740978 -0.67153 0
    outer loop
      vertex 12.0916 12.0916 3.2
      vertex 12.431 11.7171 1.4
      vertex 12.431 11.7171 3.2
    endloop
  endfacet
  facet normal 0.998795 0.0490702 0
    outer loop
      vertex 3.3248 7.94521 3.2
      vertex 3.3 8.45 1.4
      vertex 3.3 8.45 3.2
    endloop
  endfacet
  facet normal 0.998795 0.0490702 0
    outer loop
      vertex 3.3 8.45 1.4
      vertex 3.3248 7.94521 3.2
      vertex 3.3248 7.94521 1.4
    endloop
  endfacet
  facet normal 0.941541 -0.336899 0
    outer loop
      vertex 3.52176 9.94497 3.2
      vertex 3.69202 10.4208 1.4
      vertex 3.69202 10.4208 3.2
    endloop
  endfacet
  facet normal 0.941541 -0.336899 0
    outer loop
      vertex 3.69202 10.4208 1.4
      vertex 3.52176 9.94497 3.2
      vertex 3.52176 9.94497 1.4
    endloop
  endfacet
  facet normal -0.0490702 0.998795 0
    outer loop
      vertex 8.95479 3.3248 1.4
      vertex 8.45 3.3 3.2
      vertex 8.95479 3.3248 3.2
    endloop
  endfacet
  facet normal -0.0490702 0.998795 0
    outer loop
      vertex 8.45 3.3 3.2
      vertex 8.95479 3.3248 1.4
      vertex 8.45 3.3 1.4
    endloop
  endfacet
  facet normal 0.146813 -0.989164 0
    outer loop
      vertex 7.44528 13.501 1.4
      vertex 7.94521 13.5752 3.2
      vertex 7.44528 13.501 3.2
    endloop
  endfacet
  facet normal 0.146813 -0.989164 0
    outer loop
      vertex 7.94521 13.5752 3.2
      vertex 7.44528 13.501 1.4
      vertex 7.94521 13.5752 1.4
    endloop
  endfacet
  facet normal -0.903977 0.427582 0
    outer loop
      vertex 12.9919 6.02231 1.4
      vertex 13.208 6.47918 3.2
      vertex 13.208 6.47918 1.4
    endloop
  endfacet
  facet normal -0.903977 0.427582 0
    outer loop
      vertex 13.208 6.47918 3.2
      vertex 12.9919 6.02231 1.4
      vertex 12.9919 6.02231 3.2
    endloop
  endfacet
  facet normal 0.514059 -0.857755 0
    outer loop
      vertex 5.58881 12.7321 1.4
      vertex 6.02231 12.9919 3.2
      vertex 5.58881 12.7321 3.2
    endloop
  endfacet
  facet normal 0.514059 -0.857755 0
    outer loop
      vertex 6.02231 12.9919 3.2
      vertex 5.58881 12.7321 1.4
      vertex 6.02231 12.9919 1.4
    endloop
  endfacet
  facet normal -0.989164 0.146813 0
    outer loop
      vertex 13.501 7.44528 1.4
      vertex 13.5752 7.94521 3.2
      vertex 13.5752 7.94521 1.4
    endloop
  endfacet
  facet normal -0.989164 0.146813 0
    outer loop
      vertex 13.5752 7.94521 3.2
      vertex 13.501 7.44528 1.4
      vertex 13.501 7.44528 3.2
    endloop
  endfacet
  facet normal -0.998795 0.0490702 0
    outer loop
      vertex 13.5752 7.94521 1.4
      vertex 13.6 8.45 3.2
      vertex 13.6 8.45 1.4
    endloop
  endfacet
  facet normal -0.998795 0.0490702 0
    outer loop
      vertex 13.6 8.45 3.2
      vertex 13.5752 7.94521 1.4
      vertex 13.5752 7.94521 3.2
    endloop
  endfacet
  facet normal -0.595781 -0.803147 0
    outer loop
      vertex 11.3112 12.7321 1.4
      vertex 11.7171 12.431 3.2
      vertex 11.3112 12.7321 3.2
    endloop
  endfacet
  facet normal -0.595781 -0.803147 -0
    outer loop
      vertex 11.7171 12.431 3.2
      vertex 11.3112 12.7321 1.4
      vertex 11.7171 12.431 1.4
    endloop
  endfacet
  facet normal -0.514059 -0.857755 0
    outer loop
      vertex 10.8777 12.9919 1.4
      vertex 11.3112 12.7321 3.2
      vertex 10.8777 12.9919 3.2
    endloop
  endfacet
  facet normal -0.514059 -0.857755 -0
    outer loop
      vertex 11.3112 12.7321 3.2
      vertex 10.8777 12.9919 1.4
      vertex 11.3112 12.7321 1.4
    endloop
  endfacet
  facet normal -0.146738 0.989175 0
    outer loop
      vertex 9.45471 3.39896 1.4
      vertex 8.95479 3.3248 3.2
      vertex 9.45471 3.39896 3.2
    endloop
  endfacet
  facet normal -0.146738 0.989175 0
    outer loop
      vertex 8.95479 3.3248 3.2
      vertex 9.45471 3.39896 1.4
      vertex 8.95479 3.3248 1.4
    endloop
  endfacet
  facet normal -0.941578 -0.336794 0
    outer loop
      vertex 13.3782 9.94497 1.4
      vertex 13.208 10.4208 3.2
      vertex 13.208 10.4208 1.4
    endloop
  endfacet
  facet normal -0.941578 -0.336794 0
    outer loop
      vertex 13.208 10.4208 3.2
      vertex 13.3782 9.94497 1.4
      vertex 13.3782 9.94497 3.2
    endloop
  endfacet
  facet normal -0.803175 0.595743 0
    outer loop
      vertex 12.431 5.18287 1.4
      vertex 12.7321 5.58881 3.2
      vertex 12.7321 5.58881 1.4
    endloop
  endfacet
  facet normal -0.803175 0.595743 0
    outer loop
      vertex 12.7321 5.58881 3.2
      vertex 12.431 5.18287 1.4
      vertex 12.431 5.18287 3.2
    endloop
  endfacet
  facet normal -0.857755 0.514059 0
    outer loop
      vertex 12.7321 5.58881 1.4
      vertex 12.9919 6.02231 3.2
      vertex 12.9919 6.02231 1.4
    endloop
  endfacet
  facet normal -0.857755 0.514059 0
    outer loop
      vertex 12.9919 6.02231 3.2
      vertex 12.7321 5.58881 1.4
      vertex 12.7321 5.58881 3.2
    endloop
  endfacet
  facet normal 0.595705 0.803203 -0
    outer loop
      vertex 5.58881 4.16793 1.4
      vertex 5.18287 4.469 3.2
      vertex 5.58881 4.16793 3.2
    endloop
  endfacet
  facet normal 0.595705 0.803203 0
    outer loop
      vertex 5.18287 4.469 3.2
      vertex 5.58881 4.16793 1.4
      vertex 5.18287 4.469 1.4
    endloop
  endfacet
  facet normal -0.903987 -0.427559 0
    outer loop
      vertex 13.208 10.4208 1.4
      vertex 12.9919 10.8777 3.2
      vertex 12.9919 10.8777 1.4
    endloop
  endfacet
  facet normal -0.903987 -0.427559 0
    outer loop
      vertex 12.9919 10.8777 3.2
      vertex 13.208 10.4208 1.4
      vertex 13.208 10.4208 3.2
    endloop
  endfacet
  facet normal -0.857755 -0.514059 0
    outer loop
      vertex 12.9919 10.8777 1.4
      vertex 12.7321 11.3112 3.2
      vertex 12.7321 11.3112 1.4
    endloop
  endfacet
  facet normal -0.857755 -0.514059 0
    outer loop
      vertex 12.7321 11.3112 3.2
      vertex 12.9919 10.8777 1.4
      vertex 12.9919 10.8777 3.2
    endloop
  endfacet
  facet normal 0.427582 -0.903977 0
    outer loop
      vertex 6.02231 12.9919 1.4
      vertex 6.47918 13.208 3.2
      vertex 6.02231 12.9919 3.2
    endloop
  endfacet
  facet normal 0.427582 -0.903977 0
    outer loop
      vertex 6.47918 13.208 3.2
      vertex 6.02231 12.9919 1.4
      vertex 6.47918 13.208 1.4
    endloop
  endfacet
  facet normal 0.336887 0.941545 -0
    outer loop
      vertex 6.95503 3.52176 1.4
      vertex 6.47918 3.69202 3.2
      vertex 6.95503 3.52176 3.2
    endloop
  endfacet
  facet normal 0.336887 0.941545 0
    outer loop
      vertex 6.47918 3.69202 3.2
      vertex 6.95503 3.52176 1.4
      vertex 6.47918 3.69202 1.4
    endloop
  endfacet
  facet normal 0.671559 -0.740951 0
    outer loop
      vertex 4.8084 12.0916 1.4
      vertex 5.18287 12.431 3.2
      vertex 4.8084 12.0916 3.2
    endloop
  endfacet
  facet normal 0.671559 -0.740951 0
    outer loop
      vertex 5.18287 12.431 3.2
      vertex 4.8084 12.0916 1.4
      vertex 5.18287 12.431 1.4
    endloop
  endfacet
  facet normal 0.941545 0.336887 0
    outer loop
      vertex 3.69202 6.47918 3.2
      vertex 3.52176 6.95503 1.4
      vertex 3.52176 6.95503 3.2
    endloop
  endfacet
  facet normal 0.941545 0.336887 0
    outer loop
      vertex 3.52176 6.95503 1.4
      vertex 3.69202 6.47918 3.2
      vertex 3.69202 6.47918 1.4
    endloop
  endfacet
  facet normal -0.67153 -0.740978 0
    outer loop
      vertex 11.7171 12.431 1.4
      vertex 12.0916 12.0916 3.2
      vertex 11.7171 12.431 3.2
    endloop
  endfacet
  facet normal -0.67153 -0.740978 -0
    outer loop
      vertex 12.0916 12.0916 3.2
      vertex 11.7171 12.431 1.4
      vertex 12.0916 12.0916 1.4
    endloop
  endfacet
  facet normal -0.242973 0.970033 0
    outer loop
      vertex 9.94497 3.52176 1.4
      vertex 9.45471 3.39896 3.2
      vertex 9.94497 3.52176 3.2
    endloop
  endfacet
  facet normal -0.242973 0.970033 0
    outer loop
      vertex 9.45471 3.39896 3.2
      vertex 9.94497 3.52176 1.4
      vertex 9.45471 3.39896 1.4
    endloop
  endfacet
  facet normal 0.242978 -0.970032 0
    outer loop
      vertex 6.95503 13.3782 1.4
      vertex 7.44528 13.501 3.2
      vertex 6.95503 13.3782 3.2
    endloop
  endfacet
  facet normal 0.242978 -0.970032 0
    outer loop
      vertex 7.44528 13.501 3.2
      vertex 6.95503 13.3782 1.4
      vertex 7.44528 13.501 1.4
    endloop
  endfacet
  facet normal 0.970033 -0.242973 0
    outer loop
      vertex 3.39896 9.45471 3.2
      vertex 3.52176 9.94497 1.4
      vertex 3.52176 9.94497 3.2
    endloop
  endfacet
  facet normal 0.970033 -0.242973 0
    outer loop
      vertex 3.52176 9.94497 1.4
      vertex 3.39896 9.45471 3.2
      vertex 3.39896 9.45471 1.4
    endloop
  endfacet
  facet normal 0 0 1
    outer loop
      vertex 13.5752 8.95479 1.4
      vertex 13.5752 7.94521 1.4
      vertex 13.6 8.45 1.4
    endloop
  endfacet
  facet normal 0 0 1
    outer loop
      vertex 13.501 9.45471 1.4
      vertex 13.5752 7.94521 1.4
      vertex 13.5752 8.95479 1.4
    endloop
  endfacet
  facet normal 0 0 1
    outer loop
      vertex 13.501 9.45471 1.4
      vertex 13.501 7.44528 1.4
      vertex 13.5752 7.94521 1.4
    endloop
  endfacet
  facet normal 0 0 1
    outer loop
      vertex 13.3782 9.94497 1.4
      vertex 13.501 7.44528 1.4
      vertex 13.501 9.45471 1.4
    endloop
  endfacet
  facet normal 0 0 1
    outer loop
      vertex 13.3782 9.94497 1.4
      vertex 13.3782 6.95503 1.4
      vertex 13.501 7.44528 1.4
    endloop
  endfacet
  facet normal 0 0 1
    outer loop
      vertex 13.208 10.4208 1.4
      vertex 13.3782 6.95503 1.4
      vertex 13.3782 9.94497 1.4
    endloop
  endfacet
  facet normal 0 0 1
    outer loop
      vertex 13.208 10.4208 1.4
      vertex 13.208 6.47918 1.4
      vertex 13.3782 6.95503 1.4
    endloop
  endfacet
  facet normal 0 0 1
    outer loop
      vertex 12.9919 10.8777 1.4
      vertex 13.208 6.47918 1.4
      vertex 13.208 10.4208 1.4
    endloop
  endfacet
  facet normal 0 0 1
    outer loop
      vertex 12.9919 10.8777 1.4
      vertex 12.9919 6.02231 1.4
      vertex 13.208 6.47918 1.4
    endloop
  endfacet
  facet normal 0 0 1
    outer loop
      vertex 12.7321 11.3112 1.4
      vertex 12.9919 6.02231 1.4
      vertex 12.9919 10.8777 1.4
    endloop
  endfacet
  facet normal 0 0 1
    outer loop
      vertex 12.7321 11.3112 1.4
      vertex 12.7321 5.58881 1.4
      vertex 12.9919 6.02231 1.4
    endloop
  endfacet
  facet normal 0 0 1
    outer loop
      vertex 12.431 11.7171 1.4
      vertex 12.7321 5.58881 1.4
      vertex 12.7321 11.3112 1.4
    endloop
  endfacet
  facet normal 0 0 1
    outer loop
      vertex 12.431 11.7171 1.4
      vertex 12.431 5.18287 1.4
      vertex 12.7321 5.58881 1.4
    endloop
  endfacet
  facet normal 0 0 1
    outer loop
      vertex 12.0916 12.0916 1.4
      vertex 12.431 5.18287 1.4
      vertex 12.431 11.7171 1.4
    endloop
  endfacet
  facet normal 0 0 1
    outer loop
      vertex 12.0916 12.0916 1.4
      vertex 12.0916 4.8084 1.4
      vertex 12.431 5.18287 1.4
    endloop
  endfacet
  facet normal 0 0 1
    outer loop
      vertex 11.7171 12.431 1.4
      vertex 12.0916 4.8084 1.4
      vertex 12.0916 12.0916 1.4
    endloop
  endfacet
  facet normal 0 0 1
    outer loop
      vertex 11.7171 12.431 1.4
      vertex 11.7171 4.469 1.4
      vertex 12.0916 4.8084 1.4
    endloop
  endfacet
  facet normal 0 0 1
    outer loop
      vertex 11.3112 12.7321 1.4
      vertex 11.7171 4.469 1.4
      vertex 11.7171 12.431 1.4
    endloop
  endfacet
  facet normal 0 0 1
    outer loop
      vertex 11.3112 12.7321 1.4
      vertex 11.3112 4.16793 1.4
      vertex 11.7171 4.469 1.4
    endloop
  endfacet
  facet normal 0 0 1
    outer loop
      vertex 10.8777 12.9919 1.4
      vertex 11.3112 4.16793 1.4
      vertex 11.3112 12.7321 1.4
    endloop
  endfacet
  facet normal 0 0 1
    outer loop
      vertex 10.8777 12.9919 1.4
      vertex 10.8777 3.9081 1.4
      vertex 11.3112 4.16793 1.4
    endloop
  endfacet
  facet normal 0 0 1
    outer loop
      vertex 10.4208 13.208 1.4
      vertex 10.8777 3.9081 1.4
      vertex 10.8777 12.9919 1.4
    endloop
  endfacet
  facet normal 0 0 1
    outer loop
      vertex 10.4208 13.208 1.4
      vertex 10.4208 3.69202 1.4
      vertex 10.8777 3.9081 1.4
    endloop
  endfacet
  facet normal 0 0 1
    outer loop
      vertex 9.94497 13.3782 1.4
      vertex 10.4208 3.69202 1.4
      vertex 10.4208 13.208 1.4
    endloop
  endfacet
  facet normal 0 0 1
    outer loop
      vertex 9.94497 13.3782 1.4
      vertex 9.94497 3.52176 1.4
      vertex 10.4208 3.69202 1.4
    endloop
  endfacet
  facet normal 0 0 1
    outer loop
      vertex 9.45471 13.501 1.4
      vertex 9.94497 3.52176 1.4
      vertex 9.94497 13.3782 1.4
    endloop
  endfacet
  facet normal 0 0 1
    outer loop
      vertex 9.45471 13.501 1.4
      vertex 9.45471 3.39896 1.4
      vertex 9.94497 3.52176 1.4
    endloop
  endfacet
  facet normal 0 0 1
    outer loop
      vertex 8.95479 13.5752 1.4
      vertex 9.45471 3.39896 1.4
      vertex 9.45471 13.501 1.4
    endloop
  endfacet
  facet normal 0 0 1
    outer loop
      vertex 8.95479 13.5752 1.4
      vertex 8.95479 3.3248 1.4
      vertex 9.45471 3.39896 1.4
    endloop
  endfacet
  facet normal 0 0 1
    outer loop
      vertex 8.45 13.6 1.4
      vertex 8.95479 3.3248 1.4
      vertex 8.95479 13.5752 1.4
    endloop
  endfacet
  facet normal 0 0 1
    outer loop
      vertex 8.45 13.6 1.4
      vertex 8.45 3.3 1.4
      vertex 8.95479 3.3248 1.4
    endloop
  endfacet
  facet normal -0 0 1
    outer loop
      vertex 7.94521 13.5752 1.4
      vertex 8.45 3.3 1.4
      vertex 8.45 13.6 1.4
    endloop
  endfacet
  facet normal 0 0 1
    outer loop
      vertex 7.94521 13.5752 1.4
      vertex 7.94521 3.3248 1.4
      vertex 8.45 3.3 1.4
    endloop
  endfacet
  facet normal -0 0 1
    outer loop
      vertex 7.44528 13.501 1.4
      vertex 7.94521 3.3248 1.4
      vertex 7.94521 13.5752 1.4
    endloop
  endfacet
  facet normal 0 0 1
    outer loop
      vertex 7.44528 13.501 1.4
      vertex 7.44528 3.39896 1.4
      vertex 7.94521 3.3248 1.4
    endloop
  endfacet
  facet normal -0 0 1
    outer loop
      vertex 6.95503 13.3782 1.4
      vertex 7.44528 3.39896 1.4
      vertex 7.44528 13.501 1.4
    endloop
  endfacet
  facet normal 0 0 1
    outer loop
      vertex 6.95503 13.3782 1.4
      vertex 6.95503 3.52176 1.4
      vertex 7.44528 3.39896 1.4
    endloop
  endfacet
  facet normal -0 0 1
    outer loop
      vertex 6.47918 13.208 1.4
      vertex 6.95503 3.52176 1.4
      vertex 6.95503 13.3782 1.4
    endloop
  endfacet
  facet normal 0 0 1
    outer loop
      vertex 6.47918 13.208 1.4
      vertex 6.47918 3.69202 1.4
      vertex 6.95503 3.52176 1.4
    endloop
  endfacet
  facet normal -0 0 1
    outer loop
      vertex 6.02231 12.9919 1.4
      vertex 6.47918 3.69202 1.4
      vertex 6.47918 13.208 1.4
    endloop
  endfacet
  facet normal 0 0 1
    outer loop
      vertex 6.02231 12.9919 1.4
      vertex 6.02231 3.9081 1.4
      vertex 6.47918 3.69202 1.4
    endloop
  endfacet
  facet normal -0 0 1
    outer loop
      vertex 5.58881 12.7321 1.4
      vertex 6.02231 3.9081 1.4
      vertex 6.02231 12.9919 1.4
    endloop
  endfacet
  facet normal 0 0 1
    outer loop
      vertex 5.58881 12.7321 1.4
      vertex 5.58881 4.16793 1.4
      vertex 6.02231 3.9081 1.4
    endloop
  endfacet
  facet normal -0 0 1
    outer loop
      vertex 5.18287 12.431 1.4
      vertex 5.58881 4.16793 1.4
      vertex 5.58881 12.7321 1.4
    endloop
  endfacet
  facet normal 0 0 1
    outer loop
      vertex 5.18287 12.431 1.4
      vertex 5.18287 4.469 1.4
      vertex 5.58881 4.16793 1.4
    endloop
  endfacet
  facet normal -0 0 1
    outer loop
      vertex 4.8084 12.0916 1.4
      vertex 5.18287 4.469 1.4
      vertex 5.18287 12.431 1.4
    endloop
  endfacet
  facet normal 0 0 1
    outer loop
      vertex 4.8084 12.0916 1.4
      vertex 4.8084 4.8084 1.4
      vertex 5.18287 4.469 1.4
    endloop
  endfacet
  facet normal -0 0 1
    outer loop
      vertex 4.469 11.7171 1.4
      vertex 4.8084 4.8084 1.4
      vertex 4.8084 12.0916 1.4
    endloop
  endfacet
  facet normal 0 0 1
    outer loop
      vertex 4.469 11.7171 1.4
      vertex 4.469 5.18287 1.4
      vertex 4.8084 4.8084 1.4
    endloop
  endfacet
  facet normal -0 0 1
    outer loop
      vertex 4.16793 11.3112 1.4
      vertex 4.469 5.18287 1.4
      vertex 4.469 11.7171 1.4
    endloop
  endfacet
  facet normal 0 0 1
    outer loop
      vertex 4.16793 11.3112 1.4
      vertex 4.16793 5.58881 1.4
      vertex 4.469 5.18287 1.4
    endloop
  endfacet
  facet normal -0 0 1
    outer loop
      vertex 3.9081 10.8777 1.4
      vertex 4.16793 5.58881 1.4
      vertex 4.16793 11.3112 1.4
    endloop
  endfacet
  facet normal 0 0 1
    outer loop
      vertex 3.9081 10.8777 1.4
      vertex 3.9081 6.02231 1.4
      vertex 4.16793 5.58881 1.4
    endloop
  endfacet
  facet normal -0 0 1
    outer loop
      vertex 3.69202 10.4208 1.4
      vertex 3.9081 6.02231 1.4
      vertex 3.9081 10.8777 1.4
    endloop
  endfacet
  facet normal 0 0 1
    outer loop
      vertex 3.69202 10.4208 1.4
      vertex 3.69202 6.47918 1.4
      vertex 3.9081 6.02231 1.4
    endloop
  endfacet
  facet normal -0 0 1
    outer loop
      vertex 3.52176 9.94497 1.4
      vertex 3.69202 6.47918 1.4
      vertex 3.69202 10.4208 1.4
    endloop
  endfacet
  facet normal 0 0 1
    outer loop
      vertex 3.52176 9.94497 1.4
      vertex 3.52176 6.95503 1.4
      vertex 3.69202 6.47918 1.4
    endloop
  endfacet
  facet normal -0 0 1
    outer loop
      vertex 3.39896 9.45471 1.4
      vertex 3.52176 6.95503 1.4
      vertex 3.52176 9.94497 1.4
    endloop
  endfacet
  facet normal 0 0 1
    outer loop
      vertex 3.39896 9.45471 1.4
      vertex 3.39896 7.44528 1.4
      vertex 3.52176 6.95503 1.4
    endloop
  endfacet
  facet normal -0 0 1
    outer loop
      vertex 3.3248 8.95479 1.4
      vertex 3.39896 7.44528 1.4
      vertex 3.39896 9.45471 1.4
    endloop
  endfacet
  facet normal 0 0 1
    outer loop
      vertex 3.3248 8.95479 1.4
      vertex 3.3248 7.94521 1.4
      vertex 3.39896 7.44528 1.4
    endloop
  endfacet
  facet normal 0 -0 1
    outer loop
      vertex 3.3248 7.94521 1.4
      vertex 3.3248 8.95479 1.4
      vertex 3.3 8.45 1.4
    endloop
  endfacet
  facet normal 0.803203 0.595705 0
    outer loop
      vertex 4.469 5.18287 3.2
      vertex 4.16793 5.58881 1.4
      vertex 4.16793 5.58881 3.2
    endloop
  endfacet
  facet normal 0.803203 0.595705 0
    outer loop
      vertex 4.16793 5.58881 1.4
      vertex 4.469 5.18287 3.2
      vertex 4.469 5.18287 1.4
    endloop
  endfacet
  facet normal 0.989176 0.146735 0
    outer loop
      vertex 3.39896 7.44528 3.2
      vertex 3.3248 7.94521 1.4
      vertex 3.3248 7.94521 3.2
    endloop
  endfacet
  facet normal 0.989176 0.146735 0
    outer loop
      vertex 3.3248 7.94521 1.4
      vertex 3.39896 7.44528 3.2
      vertex 3.39896 7.44528 1.4
    endloop
  endfacet
  facet normal -0.941583 0.336781 0
    outer loop
      vertex 13.208 6.47918 1.4
      vertex 13.3782 6.95503 3.2
      vertex 13.3782 6.95503 1.4
    endloop
  endfacet
  facet normal -0.941583 0.336781 0
    outer loop
      vertex 13.3782 6.95503 3.2
      vertex 13.208 6.47918 1.4
      vertex 13.208 6.47918 3.2
    endloop
  endfacet
  facet normal -0.67153 0.740978 0
    outer loop
      vertex 12.0916 4.8084 1.4
      vertex 11.7171 4.469 3.2
      vertex 12.0916 4.8084 3.2
    endloop
  endfacet
  facet normal -0.67153 0.740978 0
    outer loop
      vertex 11.7171 4.469 3.2
      vertex 12.0916 4.8084 1.4
      vertex 11.7171 4.469 1.4
    endloop
  endfacet
  facet normal -0.595743 0.803175 0
    outer loop
      vertex 11.7171 4.469 1.4
      vertex 11.3112 4.16793 3.2
      vertex 11.7171 4.469 3.2
    endloop
  endfacet
  facet normal -0.595743 0.803175 0
    outer loop
      vertex 11.3112 4.16793 3.2
      vertex 11.7171 4.469 1.4
      vertex 11.3112 4.16793 1.4
    endloop
  endfacet
  facet normal 0.0490702 0.998795 -0
    outer loop
      vertex 8.45 3.3 1.4
      vertex 7.94521 3.3248 3.2
      vertex 8.45 3.3 3.2
    endloop
  endfacet
  facet normal 0.0490702 0.998795 0
    outer loop
      vertex 7.94521 3.3248 3.2
      vertex 8.45 3.3 1.4
      vertex 7.94521 3.3248 1.4
    endloop
  endfacet
  facet normal 0.989175 -0.146738 0
    outer loop
      vertex 3.3248 8.95479 3.2
      vertex 3.39896 9.45471 1.4
      vertex 3.39896 9.45471 3.2
    endloop
  endfacet
  facet normal 0.989175 -0.146738 0
    outer loop
      vertex 3.39896 9.45471 1.4
      vertex 3.3248 8.95479 3.2
      vertex 3.3248 8.95479 1.4
    endloop
  endfacet
  facet normal 0.998795 -0.0490702 0
    outer loop
      vertex 3.3 8.45 3.2
      vertex 3.3248 8.95479 1.4
      vertex 3.3248 8.95479 3.2
    endloop
  endfacet
  facet normal 0.998795 -0.0490702 0
    outer loop
      vertex 3.3248 8.95479 1.4
      vertex 3.3 8.45 3.2
      vertex 3.3 8.45 1.4
    endloop
  endfacet
  facet normal 0.904003 -0.427527 0
    outer loop
      vertex 3.69202 10.4208 3.2
      vertex 3.9081 10.8777 1.4
      vertex 3.9081 10.8777 3.2
    endloop
  endfacet
  facet normal 0.904003 -0.427527 0
    outer loop
      vertex 3.9081 10.8777 1.4
      vertex 3.69202 10.4208 3.2
      vertex 3.69202 10.4208 1.4
    endloop
  endfacet
  facet normal -0.740951 0.671559 0
    outer loop
      vertex 12.0916 4.8084 1.4
      vertex 12.431 5.18287 3.2
      vertex 12.431 5.18287 1.4
    endloop
  endfacet
  facet normal -0.740951 0.671559 0
    outer loop
      vertex 12.431 5.18287 3.2
      vertex 12.0916 4.8084 1.4
      vertex 12.0916 4.8084 3.2
    endloop
  endfacet
  facet normal -0.336687 -0.941617 0
    outer loop
      vertex 193.045 13.3782 1.4
      vertex 193.521 13.208 3.2
      vertex 193.045 13.3782 3.2
    endloop
  endfacet
  facet normal -0.336687 -0.941617 -0
    outer loop
      vertex 193.521 13.208 3.2
      vertex 193.045 13.3782 1.4
      vertex 193.521 13.208 1.4
    endloop
  endfacet
  facet normal -0.989221 -0.146428 0
    outer loop
      vertex 196.675 8.95479 1.4
      vertex 196.601 9.45471 3.2
      vertex 196.601 9.45471 1.4
    endloop
  endfacet
  facet normal -0.989221 -0.146428 0
    outer loop
      vertex 196.601 9.45471 3.2
      vertex 196.675 8.95479 1.4
      vertex 196.675 8.95479 3.2
    endloop
  endfacet
  facet normal -0.998776 -0.0494649 0
    outer loop
      vertex 196.7 8.45 1.4
      vertex 196.675 8.95479 3.2
      vertex 196.675 8.95479 1.4
    endloop
  endfacet
  facet normal -0.998776 -0.0494649 0
    outer loop
      vertex 196.675 8.95479 3.2
      vertex 196.7 8.45 1.4
      vertex 196.7 8.45 3.2
    endloop
  endfacet
  facet normal -0.96994 -0.243346 0
    outer loop
      vertex 196.601 9.45471 1.4
      vertex 196.478 9.94497 3.2
      vertex 196.478 9.94497 1.4
    endloop
  endfacet
  facet normal -0.96994 -0.243346 0
    outer loop
      vertex 196.478 9.94497 3.2
      vertex 196.601 9.45471 1.4
      vertex 196.601 9.45471 3.2
    endloop
  endfacet
  facet normal 0.80327 0.595616 0
    outer loop
      vertex 187.569 5.18287 3.2
      vertex 187.268 5.58881 1.4
      vertex 187.268 5.58881 3.2
    endloop
  endfacet
  facet normal 0.80327 0.595616 0
    outer loop
      vertex 187.268 5.58881 1.4
      vertex 187.569 5.18287 3.2
      vertex 187.569 5.18287 1.4
    endloop
  endfacet
  facet normal -0.595648 0.803246 0
    outer loop
      vertex 194.817 4.469 1.4
      vertex 194.411 4.16793 3.2
      vertex 194.817 4.469 3.2
    endloop
  endfacet
  facet normal -0.595648 0.803246 0
    outer loop
      vertex 194.411 4.16793 3.2
      vertex 194.817 4.469 1.4
      vertex 194.411 4.16793 1.4
    endloop
  endfacet
  facet normal -0.803242 -0.595653 0
    outer loop
      vertex 195.832 11.3112 1.4
      vertex 195.531 11.7171 3.2
      vertex 195.531 11.7171 1.4
    endloop
  endfacet
  facet normal -0.803242 -0.595653 0
    outer loop
      vertex 195.531 11.7171 3.2
      vertex 195.832 11.3112 1.4
      vertex 195.832 11.3112 3.2
    endloop
  endfacet
  facet normal -0.42745 0.904039 0
    outer loop
      vertex 193.978 3.9081 1.4
      vertex 193.521 3.69202 3.2
      vertex 193.978 3.9081 3.2
    endloop
  endfacet
  facet normal -0.42745 0.904039 0
    outer loop
      vertex 193.521 3.69202 3.2
      vertex 193.978 3.9081 1.4
      vertex 193.521 3.69202 1.4
    endloop
  endfacet
  facet normal -0.998776 0.0494649 0
    outer loop
      vertex 196.675 7.94521 1.4
      vertex 196.7 8.45 3.2
      vertex 196.7 8.45 1.4
    endloop
  endfacet
  facet normal -0.998776 0.0494649 0
    outer loop
      vertex 196.7 8.45 3.2
      vertex 196.675 7.94521 1.4
      vertex 196.675 7.94521 3.2
    endloop
  endfacet
  facet normal -0.514539 0.857467 0
    outer loop
      vertex 194.411 4.16793 1.4
      vertex 193.978 3.9081 3.2
      vertex 194.411 4.16793 3.2
    endloop
  endfacet
  facet normal -0.514539 0.857467 0
    outer loop
      vertex 193.978 3.9081 3.2
      vertex 194.411 4.16793 1.4
      vertex 193.978 3.9081 1.4
    endloop
  endfacet
  facet normal -0.941704 -0.336443 0
    outer loop
      vertex 196.478 9.94497 1.4
      vertex 196.308 10.4208 3.2
      vertex 196.308 10.4208 1.4
    endloop
  endfacet
  facet normal -0.941704 -0.336443 0
    outer loop
      vertex 196.308 10.4208 3.2
      vertex 196.478 9.94497 1.4
      vertex 196.478 9.94497 3.2
    endloop
  endfacet
  facet normal 0.336792 0.941579 -0
    outer loop
      vertex 190.055 3.52176 1.4
      vertex 189.579 3.69202 3.2
      vertex 190.055 3.52176 3.2
    endloop
  endfacet
  facet normal 0.336792 0.941579 0
    outer loop
      vertex 189.579 3.69202 3.2
      vertex 190.055 3.52176 1.4
      vertex 189.579 3.69202 1.4
    endloop
  endfacet
  facet normal -0.0490498 -0.998796 0
    outer loop
      vertex 191.55 13.6 1.4
      vertex 192.055 13.5752 3.2
      vertex 191.55 13.6 3.2
    endloop
  endfacet
  facet normal -0.0490498 -0.998796 -0
    outer loop
      vertex 192.055 13.5752 3.2
      vertex 191.55 13.6 1.4
      vertex 192.055 13.5752 1.4
    endloop
  endfacet
  facet normal -0.80327 0.595616 0
    outer loop
      vertex 195.531 5.18287 1.4
      vertex 195.832 5.58881 3.2
      vertex 195.832 5.58881 1.4
    endloop
  endfacet
  facet normal -0.80327 0.595616 0
    outer loop
      vertex 195.832 5.58881 3.2
      vertex 195.531 5.18287 1.4
      vertex 195.531 5.18287 3.2
    endloop
  endfacet
  facet normal 0.243095 -0.970003 0
    outer loop
      vertex 190.055 13.3782 1.4
      vertex 190.545 13.501 3.2
      vertex 190.055 13.3782 3.2
    endloop
  endfacet
  facet normal 0.243095 -0.970003 0
    outer loop
      vertex 190.545 13.501 3.2
      vertex 190.055 13.3782 1.4
      vertex 190.545 13.501 1.4
    endloop
  endfacet
  facet normal -0.243095 -0.970003 0
    outer loop
      vertex 192.555 13.501 1.4
      vertex 193.045 13.3782 3.2
      vertex 192.555 13.501 3.2
    endloop
  endfacet
  facet normal -0.243095 -0.970003 -0
    outer loop
      vertex 193.045 13.3782 3.2
      vertex 192.555 13.501 1.4
      vertex 193.045 13.3782 1.4
    endloop
  endfacet
  facet normal 0.85758 0.51435 0
    outer loop
      vertex 187.268 5.58881 3.2
      vertex 187.008 6.02231 1.4
      vertex 187.008 6.02231 3.2
    endloop
  endfacet
  facet normal 0.85758 0.51435 0
    outer loop
      vertex 187.008 6.02231 1.4
      vertex 187.268 5.58881 3.2
      vertex 187.268 5.58881 1.4
    endloop
  endfacet
  facet normal -0.514496 -0.857493 0
    outer loop
      vertex 193.978 12.9919 1.4
      vertex 194.411 12.7321 3.2
      vertex 193.978 12.9919 3.2
    endloop
  endfacet
  facet normal -0.514496 -0.857493 -0
    outer loop
      vertex 194.411 12.7321 3.2
      vertex 193.978 12.9919 1.4
      vertex 194.411 12.7321 1.4
    endloop
  endfacet
  facet normal -0.741372 -0.671095 0
    outer loop
      vertex 195.531 11.7171 1.4
      vertex 195.192 12.0916 3.2
      vertex 195.192 12.0916 1.4
    endloop
  endfacet
  facet normal -0.741372 -0.671095 0
    outer loop
      vertex 195.192 12.0916 3.2
      vertex 195.531 11.7171 1.4
      vertex 195.531 11.7171 3.2
    endloop
  endfacet
  facet normal -0.146715 0.989179 0
    outer loop
      vertex 192.555 3.39896 1.4
      vertex 192.055 3.3248 3.2
      vertex 192.555 3.39896 3.2
    endloop
  endfacet
  facet normal -0.146715 0.989179 0
    outer loop
      vertex 192.055 3.3248 3.2
      vertex 192.555 3.39896 1.4
      vertex 192.055 3.3248 1.4
    endloop
  endfacet
  facet normal -0.941708 0.33643 0
    outer loop
      vertex 196.308 6.47918 1.4
      vertex 196.478 6.95503 3.2
      vertex 196.478 6.95503 1.4
    endloop
  endfacet
  facet normal -0.941708 0.33643 0
    outer loop
      vertex 196.478 6.95503 3.2
      vertex 196.308 6.47918 1.4
      vertex 196.308 6.47918 3.2
    endloop
  endfacet
  facet normal 0.989221 -0.146428 0
    outer loop
      vertex 186.425 8.95479 3.2
      vertex 186.499 9.45471 1.4
      vertex 186.499 9.45471 3.2
    endloop
  endfacet
  facet normal 0.989221 -0.146428 0
    outer loop
      vertex 186.499 9.45471 1.4
      vertex 186.425 8.95479 3.2
      vertex 186.425 8.95479 1.4
    endloop
  endfacet
  facet normal 0.671038 -0.741423 0
    outer loop
      vertex 187.908 12.0916 1.4
      vertex 188.283 12.431 3.2
      vertex 187.908 12.0916 3.2
    endloop
  endfacet
  facet normal 0.671038 -0.741423 0
    outer loop
      vertex 188.283 12.431 3.2
      vertex 187.908 12.0916 1.4
      vertex 188.283 12.431 1.4
    endloop
  endfacet
  facet normal -0.904064 -0.427397 0
    outer loop
      vertex 196.308 10.4208 1.4
      vertex 196.092 10.8777 3.2
      vertex 196.092 10.8777 1.4
    endloop
  endfacet
  facet normal -0.904064 -0.427397 0
    outer loop
      vertex 196.092 10.8777 3.2
      vertex 196.308 10.4208 1.4
      vertex 196.308 10.4208 3.2
    endloop
  endfacet
  facet normal -0.146792 -0.989167 0
    outer loop
      vertex 192.055 13.5752 1.4
      vertex 192.555 13.501 3.2
      vertex 192.055 13.5752 3.2
    endloop
  endfacet
  facet normal -0.146792 -0.989167 -0
    outer loop
      vertex 192.555 13.501 3.2
      vertex 192.055 13.5752 1.4
      vertex 192.555 13.501 1.4
    endloop
  endfacet
  facet normal -0.243095 0.970003 0
    outer loop
      vertex 193.045 3.52176 1.4
      vertex 192.555 3.39896 3.2
      vertex 193.045 3.52176 3.2
    endloop
  endfacet
  facet normal -0.243095 0.970003 0
    outer loop
      vertex 192.555 3.39896 3.2
      vertex 193.045 3.52176 1.4
      vertex 192.555 3.39896 1.4
    endloop
  endfacet
  facet normal -0.0490498 0.998796 0
    outer loop
      vertex 192.055 3.3248 1.4
      vertex 191.55 3.3 3.2
      vertex 192.055 3.3248 3.2
    endloop
  endfacet
  facet normal -0.0490498 0.998796 0
    outer loop
      vertex 191.55 3.3 3.2
      vertex 192.055 3.3248 1.4
      vertex 191.55 3.3 1.4
    endloop
  endfacet
  facet normal 0.904064 -0.427397 0
    outer loop
      vertex 186.792 10.4208 3.2
      vertex 187.008 10.8777 1.4
      vertex 187.008 10.8777 3.2
    endloop
  endfacet
  facet normal 0.904064 -0.427397 0
    outer loop
      vertex 187.008 10.8777 1.4
      vertex 186.792 10.4208 3.2
      vertex 186.792 10.4208 1.4
    endloop
  endfacet
  facet normal 0.96994 -0.243346 0
    outer loop
      vertex 186.499 9.45471 3.2
      vertex 186.622 9.94497 1.4
      vertex 186.622 9.94497 3.2
    endloop
  endfacet
  facet normal 0.96994 -0.243346 0
    outer loop
      vertex 186.622 9.94497 1.4
      vertex 186.499 9.45471 3.2
      vertex 186.499 9.45471 1.4
    endloop
  endfacet
  facet normal -0.427483 -0.904024 0
    outer loop
      vertex 193.521 13.208 1.4
      vertex 193.978 12.9919 3.2
      vertex 193.521 13.208 3.2
    endloop
  endfacet
  facet normal -0.427483 -0.904024 -0
    outer loop
      vertex 193.978 12.9919 3.2
      vertex 193.521 13.208 1.4
      vertex 193.978 12.9919 1.4
    endloop
  endfacet
  facet normal -0.85758 0.51435 0
    outer loop
      vertex 195.832 5.58881 1.4
      vertex 196.092 6.02231 3.2
      vertex 196.092 6.02231 1.4
    endloop
  endfacet
  facet normal -0.85758 0.51435 0
    outer loop
      vertex 196.092 6.02231 3.2
      vertex 195.832 5.58881 1.4
      vertex 195.832 5.58881 3.2
    endloop
  endfacet
  facet normal 0.0490498 0.998796 -0
    outer loop
      vertex 191.55 3.3 1.4
      vertex 191.045 3.3248 3.2
      vertex 191.55 3.3 3.2
    endloop
  endfacet
  facet normal 0.0490498 0.998796 0
    outer loop
      vertex 191.045 3.3248 3.2
      vertex 191.55 3.3 1.4
      vertex 191.045 3.3248 1.4
    endloop
  endfacet
  facet normal 0.336687 -0.941617 0
    outer loop
      vertex 189.579 13.208 1.4
      vertex 190.055 13.3782 3.2
      vertex 189.579 13.208 3.2
    endloop
  endfacet
  facet normal 0.336687 -0.941617 0
    outer loop
      vertex 190.055 13.3782 3.2
      vertex 189.579 13.208 1.4
      vertex 190.055 13.3782 1.4
    endloop
  endfacet
  facet normal -0.595686 -0.803217 0
    outer loop
      vertex 194.411 12.7321 1.4
      vertex 194.817 12.431 3.2
      vertex 194.411 12.7321 3.2
    endloop
  endfacet
  facet normal -0.595686 -0.803217 -0
    outer loop
      vertex 194.817 12.431 3.2
      vertex 194.411 12.7321 1.4
      vertex 194.817 12.431 1.4
    endloop
  endfacet
  facet normal -0.969938 0.24335 0
    outer loop
      vertex 196.478 6.95503 1.4
      vertex 196.601 7.44528 3.2
      vertex 196.601 7.44528 1.4
    endloop
  endfacet
  facet normal -0.969938 0.24335 0
    outer loop
      vertex 196.601 7.44528 3.2
      vertex 196.478 6.95503 1.4
      vertex 196.478 6.95503 3.2
    endloop
  endfacet
  facet normal 0.146792 -0.989167 0
    outer loop
      vertex 190.545 13.501 1.4
      vertex 191.045 13.5752 3.2
      vertex 190.545 13.501 3.2
    endloop
  endfacet
  facet normal 0.146792 -0.989167 0
    outer loop
      vertex 191.045 13.5752 3.2
      vertex 190.545 13.501 1.4
      vertex 191.045 13.5752 1.4
    endloop
  endfacet
  facet normal -0.989222 0.146425 0
    outer loop
      vertex 196.601 7.44528 1.4
      vertex 196.675 7.94521 3.2
      vertex 196.675 7.94521 1.4
    endloop
  endfacet
  facet normal -0.989222 0.146425 0
    outer loop
      vertex 196.675 7.94521 3.2
      vertex 196.601 7.44528 1.4
      vertex 196.601 7.44528 3.2
    endloop
  endfacet
  facet normal 0.427483 -0.904024 0
    outer loop
      vertex 189.122 12.9919 1.4
      vertex 189.579 13.208 3.2
      vertex 189.122 12.9919 3.2
    endloop
  endfacet
  facet normal 0.427483 -0.904024 0
    outer loop
      vertex 189.579 13.208 3.2
      vertex 189.122 12.9919 1.4
      vertex 189.579 13.208 1.4
    endloop
  endfacet
  facet normal -0.904053 0.42742 0
    outer loop
      vertex 196.092 6.02231 1.4
      vertex 196.308 6.47918 3.2
      vertex 196.308 6.47918 1.4
    endloop
  endfacet
  facet normal -0.904053 0.42742 0
    outer loop
      vertex 196.308 6.47918 3.2
      vertex 196.092 6.02231 1.4
      vertex 196.092 6.02231 3.2
    endloop
  endfacet
  facet normal -0.741345 0.671124 0
    outer loop
      vertex 195.192 4.8084 1.4
      vertex 195.531 5.18287 3.2
      vertex 195.531 5.18287 1.4
    endloop
  endfacet
  facet normal -0.741345 0.671124 0
    outer loop
      vertex 195.531 5.18287 3.2
      vertex 195.192 4.8084 1.4
      vertex 195.192 4.8084 3.2
    endloop
  endfacet
  facet normal -0.85758 -0.51435 0
    outer loop
      vertex 196.092 10.8777 1.4
      vertex 195.832 11.3112 3.2
      vertex 195.832 11.3112 1.4
    endloop
  endfacet
  facet normal -0.85758 -0.51435 0
    outer loop
      vertex 195.832 11.3112 3.2
      vertex 196.092 10.8777 1.4
      vertex 196.092 10.8777 3.2
    endloop
  endfacet
  facet normal 0.146715 0.989179 -0
    outer loop
      vertex 191.045 3.3248 1.4
      vertex 190.545 3.39896 3.2
      vertex 191.045 3.3248 3.2
    endloop
  endfacet
  facet normal 0.146715 0.989179 0
    outer loop
      vertex 190.545 3.39896 3.2
      vertex 191.045 3.3248 1.4
      vertex 190.545 3.39896 1.4
    endloop
  endfacet
  facet normal 0.989222 0.146425 0
    outer loop
      vertex 186.499 7.44528 3.2
      vertex 186.425 7.94521 1.4
      vertex 186.425 7.94521 3.2
    endloop
  endfacet
  facet normal 0.989222 0.146425 0
    outer loop
      vertex 186.425 7.94521 1.4
      vertex 186.499 7.44528 3.2
      vertex 186.499 7.44528 1.4
    endloop
  endfacet
  facet normal 0.671038 0.741423 -0
    outer loop
      vertex 188.283 4.469 1.4
      vertex 187.908 4.8084 3.2
      vertex 188.283 4.469 3.2
    endloop
  endfacet
  facet normal 0.671038 0.741423 0
    outer loop
      vertex 187.908 4.8084 3.2
      vertex 188.283 4.469 1.4
      vertex 187.908 4.8084 1.4
    endloop
  endfacet
  facet normal 0.595686 -0.803217 0
    outer loop
      vertex 188.283 12.431 1.4
      vertex 188.689 12.7321 3.2
      vertex 188.283 12.431 3.2
    endloop
  endfacet
  facet normal 0.595686 -0.803217 0
    outer loop
      vertex 188.689 12.7321 3.2
      vertex 188.283 12.431 1.4
      vertex 188.689 12.7321 1.4
    endloop
  endfacet
  facet normal 0.998776 0.0494649 0
    outer loop
      vertex 186.425 7.94521 3.2
      vertex 186.4 8.45 1.4
      vertex 186.4 8.45 3.2
    endloop
  endfacet
  facet normal 0.998776 0.0494649 0
    outer loop
      vertex 186.4 8.45 1.4
      vertex 186.425 7.94521 3.2
      vertex 186.425 7.94521 1.4
    endloop
  endfacet
  facet normal 0.741372 -0.671095 0
    outer loop
      vertex 187.569 11.7171 3.2
      vertex 187.908 12.0916 1.4
      vertex 187.908 12.0916 3.2
    endloop
  endfacet
  facet normal 0.741372 -0.671095 0
    outer loop
      vertex 187.908 12.0916 1.4
      vertex 187.569 11.7171 3.2
      vertex 187.569 11.7171 1.4
    endloop
  endfacet
  facet normal 0.243095 0.970003 -0
    outer loop
      vertex 190.545 3.39896 1.4
      vertex 190.055 3.52176 3.2
      vertex 190.545 3.39896 3.2
    endloop
  endfacet
  facet normal 0.243095 0.970003 0
    outer loop
      vertex 190.055 3.52176 3.2
      vertex 190.545 3.39896 1.4
      vertex 190.055 3.52176 1.4
    endloop
  endfacet
  facet normal 0.741345 0.671124 0
    outer loop
      vertex 187.908 4.8084 3.2
      vertex 187.569 5.18287 1.4
      vertex 187.569 5.18287 3.2
    endloop
  endfacet
  facet normal 0.741345 0.671124 0
    outer loop
      vertex 187.569 5.18287 1.4
      vertex 187.908 4.8084 3.2
      vertex 187.908 4.8084 1.4
    endloop
  endfacet
  facet normal 0.0490498 -0.998796 0
    outer loop
      vertex 191.045 13.5752 1.4
      vertex 191.55 13.6 3.2
      vertex 191.045 13.5752 3.2
    endloop
  endfacet
  facet normal 0.0490498 -0.998796 0
    outer loop
      vertex 191.55 13.6 3.2
      vertex 191.045 13.5752 1.4
      vertex 191.55 13.6 1.4
    endloop
  endfacet
  facet normal 0.941708 0.33643 0
    outer loop
      vertex 186.792 6.47918 3.2
      vertex 186.622 6.95503 1.4
      vertex 186.622 6.95503 3.2
    endloop
  endfacet
  facet normal 0.941708 0.33643 0
    outer loop
      vertex 186.622 6.95503 1.4
      vertex 186.792 6.47918 3.2
      vertex 186.792 6.47918 1.4
    endloop
  endfacet
  facet normal -0.671038 -0.741423 0
    outer loop
      vertex 194.817 12.431 1.4
      vertex 195.192 12.0916 3.2
      vertex 194.817 12.431 3.2
    endloop
  endfacet
  facet normal -0.671038 -0.741423 -0
    outer loop
      vertex 195.192 12.0916 3.2
      vertex 194.817 12.431 1.4
      vertex 195.192 12.0916 1.4
    endloop
  endfacet
  facet normal 0.514539 0.857467 -0
    outer loop
      vertex 189.122 3.9081 1.4
      vertex 188.689 4.16793 3.2
      vertex 189.122 3.9081 3.2
    endloop
  endfacet
  facet normal 0.514539 0.857467 0
    outer loop
      vertex 188.689 4.16793 3.2
      vertex 189.122 3.9081 1.4
      vertex 188.689 4.16793 1.4
    endloop
  endfacet
  facet normal 0.595648 0.803246 -0
    outer loop
      vertex 188.689 4.16793 1.4
      vertex 188.283 4.469 3.2
      vertex 188.689 4.16793 3.2
    endloop
  endfacet
  facet normal 0.595648 0.803246 0
    outer loop
      vertex 188.283 4.469 3.2
      vertex 188.689 4.16793 1.4
      vertex 188.283 4.469 1.4
    endloop
  endfacet
  facet normal -0.671038 0.741423 0
    outer loop
      vertex 195.192 4.8084 1.4
      vertex 194.817 4.469 3.2
      vertex 195.192 4.8084 3.2
    endloop
  endfacet
  facet normal -0.671038 0.741423 0
    outer loop
      vertex 194.817 4.469 3.2
      vertex 195.192 4.8084 1.4
      vertex 194.817 4.469 1.4
    endloop
  endfacet
  facet normal 0.514496 -0.857493 0
    outer loop
      vertex 188.689 12.7321 1.4
      vertex 189.122 12.9919 3.2
      vertex 188.689 12.7321 3.2
    endloop
  endfacet
  facet normal 0.514496 -0.857493 0
    outer loop
      vertex 189.122 12.9919 3.2
      vertex 188.689 12.7321 1.4
      vertex 189.122 12.9919 1.4
    endloop
  endfacet
  facet normal 0 0 1
    outer loop
      vertex 196.675 8.95479 1.4
      vertex 196.675 7.94521 1.4
      vertex 196.7 8.45 1.4
    endloop
  endfacet
  facet normal 0 0 1
    outer loop
      vertex 196.601 9.45471 1.4
      vertex 196.675 7.94521 1.4
      vertex 196.675 8.95479 1.4
    endloop
  endfacet
  facet normal 0 0 1
    outer loop
      vertex 196.601 9.45471 1.4
      vertex 196.601 7.44528 1.4
      vertex 196.675 7.94521 1.4
    endloop
  endfacet
  facet normal 0 0 1
    outer loop
      vertex 196.478 9.94497 1.4
      vertex 196.601 7.44528 1.4
      vertex 196.601 9.45471 1.4
    endloop
  endfacet
  facet normal 0 0 1
    outer loop
      vertex 196.478 9.94497 1.4
      vertex 196.478 6.95503 1.4
      vertex 196.601 7.44528 1.4
    endloop
  endfacet
  facet normal 0 0 1
    outer loop
      vertex 196.308 10.4208 1.4
      vertex 196.478 6.95503 1.4
      vertex 196.478 9.94497 1.4
    endloop
  endfacet
  facet normal 0 0 1
    outer loop
      vertex 196.308 10.4208 1.4
      vertex 196.308 6.47918 1.4
      vertex 196.478 6.95503 1.4
    endloop
  endfacet
  facet normal 0 0 1
    outer loop
      vertex 196.092 10.8777 1.4
      vertex 196.308 6.47918 1.4
      vertex 196.308 10.4208 1.4
    endloop
  endfacet
  facet normal 0 0 1
    outer loop
      vertex 196.092 10.8777 1.4
      vertex 196.092 6.02231 1.4
      vertex 196.308 6.47918 1.4
    endloop
  endfacet
  facet normal 0 0 1
    outer loop
      vertex 195.832 11.3112 1.4
      vertex 196.092 6.02231 1.4
      vertex 196.092 10.8777 1.4
    endloop
  endfacet
  facet normal 0 0 1
    outer loop
      vertex 195.832 11.3112 1.4
      vertex 195.832 5.58881 1.4
      vertex 196.092 6.02231 1.4
    endloop
  endfacet
  facet normal 0 0 1
    outer loop
      vertex 195.531 11.7171 1.4
      vertex 195.832 5.58881 1.4
      vertex 195.832 11.3112 1.4
    endloop
  endfacet
  facet normal 0 0 1
    outer loop
      vertex 195.531 11.7171 1.4
      vertex 195.531 5.18287 1.4
      vertex 195.832 5.58881 1.4
    endloop
  endfacet
  facet normal 0 0 1
    outer loop
      vertex 195.192 12.0916 1.4
      vertex 195.531 5.18287 1.4
      vertex 195.531 11.7171 1.4
    endloop
  endfacet
  facet normal 0 0 1
    outer loop
      vertex 195.192 12.0916 1.4
      vertex 195.192 4.8084 1.4
      vertex 195.531 5.18287 1.4
    endloop
  endfacet
  facet normal 0 0 1
    outer loop
      vertex 194.817 12.431 1.4
      vertex 195.192 4.8084 1.4
      vertex 195.192 12.0916 1.4
    endloop
  endfacet
  facet normal 0 0 1
    outer loop
      vertex 194.817 12.431 1.4
      vertex 194.817 4.469 1.4
      vertex 195.192 4.8084 1.4
    endloop
  endfacet
  facet normal 0 0 1
    outer loop
      vertex 194.411 12.7321 1.4
      vertex 194.817 4.469 1.4
      vertex 194.817 12.431 1.4
    endloop
  endfacet
  facet normal 0 0 1
    outer loop
      vertex 194.411 12.7321 1.4
      vertex 194.411 4.16793 1.4
      vertex 194.817 4.469 1.4
    endloop
  endfacet
  facet normal 0 0 1
    outer loop
      vertex 193.978 12.9919 1.4
      vertex 194.411 4.16793 1.4
      vertex 194.411 12.7321 1.4
    endloop
  endfacet
  facet normal 0 0 1
    outer loop
      vertex 193.978 12.9919 1.4
      vertex 193.978 3.9081 1.4
      vertex 194.411 4.16793 1.4
    endloop
  endfacet
  facet normal 0 0 1
    outer loop
      vertex 193.521 13.208 1.4
      vertex 193.978 3.9081 1.4
      vertex 193.978 12.9919 1.4
    endloop
  endfacet
  facet normal 0 0 1
    outer loop
      vertex 193.521 13.208 1.4
      vertex 193.521 3.69202 1.4
      vertex 193.978 3.9081 1.4
    endloop
  endfacet
  facet normal 0 0 1
    outer loop
      vertex 193.045 13.3782 1.4
      vertex 193.521 3.69202 1.4
      vertex 193.521 13.208 1.4
    endloop
  endfacet
  facet normal 0 0 1
    outer loop
      vertex 193.045 13.3782 1.4
      vertex 193.045 3.52176 1.4
      vertex 193.521 3.69202 1.4
    endloop
  endfacet
  facet normal 0 0 1
    outer loop
      vertex 192.555 13.501 1.4
      vertex 193.045 3.52176 1.4
      vertex 193.045 13.3782 1.4
    endloop
  endfacet
  facet normal 0 0 1
    outer loop
      vertex 192.555 13.501 1.4
      vertex 192.555 3.39896 1.4
      vertex 193.045 3.52176 1.4
    endloop
  endfacet
  facet normal 0 0 1
    outer loop
      vertex 192.055 13.5752 1.4
      vertex 192.555 3.39896 1.4
      vertex 192.555 13.501 1.4
    endloop
  endfacet
  facet normal 0 0 1
    outer loop
      vertex 192.055 13.5752 1.4
      vertex 192.055 3.3248 1.4
      vertex 192.555 3.39896 1.4
    endloop
  endfacet
  facet normal 0 0 1
    outer loop
      vertex 191.55 13.6 1.4
      vertex 192.055 3.3248 1.4
      vertex 192.055 13.5752 1.4
    endloop
  endfacet
  facet normal 0 0 1
    outer loop
      vertex 191.55 13.6 1.4
      vertex 191.55 3.3 1.4
      vertex 192.055 3.3248 1.4
    endloop
  endfacet
  facet normal -0 0 1
    outer loop
      vertex 191.045 13.5752 1.4
      vertex 191.55 3.3 1.4
      vertex 191.55 13.6 1.4
    endloop
  endfacet
  facet normal 0 0 1
    outer loop
      vertex 191.045 13.5752 1.4
      vertex 191.045 3.3248 1.4
      vertex 191.55 3.3 1.4
    endloop
  endfacet
  facet normal -0 0 1
    outer loop
      vertex 190.545 13.501 1.4
      vertex 191.045 3.3248 1.4
      vertex 191.045 13.5752 1.4
    endloop
  endfacet
  facet normal 0 0 1
    outer loop
      vertex 190.545 13.501 1.4
      vertex 190.545 3.39896 1.4
      vertex 191.045 3.3248 1.4
    endloop
  endfacet
  facet normal -0 0 1
    outer loop
      vertex 190.055 13.3782 1.4
      vertex 190.545 3.39896 1.4
      vertex 190.545 13.501 1.4
    endloop
  endfacet
  facet normal 0 0 1
    outer loop
      vertex 190.055 13.3782 1.4
      vertex 190.055 3.52176 1.4
      vertex 190.545 3.39896 1.4
    endloop
  endfacet
  facet normal -0 0 1
    outer loop
      vertex 189.579 13.208 1.4
      vertex 190.055 3.52176 1.4
      vertex 190.055 13.3782 1.4
    endloop
  endfacet
  facet normal 0 0 1
    outer loop
      vertex 189.579 13.208 1.4
      vertex 189.579 3.69202 1.4
      vertex 190.055 3.52176 1.4
    endloop
  endfacet
  facet normal -0 0 1
    outer loop
      vertex 189.122 12.9919 1.4
      vertex 189.579 3.69202 1.4
      vertex 189.579 13.208 1.4
    endloop
  endfacet
  facet normal 0 0 1
    outer loop
      vertex 189.122 12.9919 1.4
      vertex 189.122 3.9081 1.4
      vertex 189.579 3.69202 1.4
    endloop
  endfacet
  facet normal -0 0 1
    outer loop
      vertex 188.689 12.7321 1.4
      vertex 189.122 3.9081 1.4
      vertex 189.122 12.9919 1.4
    endloop
  endfacet
  facet normal 0 0 1
    outer loop
      vertex 188.689 12.7321 1.4
      vertex 188.689 4.16793 1.4
      vertex 189.122 3.9081 1.4
    endloop
  endfacet
  facet normal -0 0 1
    outer loop
      vertex 188.283 12.431 1.4
      vertex 188.689 4.16793 1.4
      vertex 188.689 12.7321 1.4
    endloop
  endfacet
  facet normal 0 0 1
    outer loop
      vertex 188.283 12.431 1.4
      vertex 188.283 4.469 1.4
      vertex 188.689 4.16793 1.4
    endloop
  endfacet
  facet normal -0 0 1
    outer loop
      vertex 187.908 12.0916 1.4
      vertex 188.283 4.469 1.4
      vertex 188.283 12.431 1.4
    endloop
  endfacet
  facet normal 0 0 1
    outer loop
      vertex 187.908 12.0916 1.4
      vertex 187.908 4.8084 1.4
      vertex 188.283 4.469 1.4
    endloop
  endfacet
  facet normal -0 0 1
    outer loop
      vertex 187.569 11.7171 1.4
      vertex 187.908 4.8084 1.4
      vertex 187.908 12.0916 1.4
    endloop
  endfacet
  facet normal 0 0 1
    outer loop
      vertex 187.569 11.7171 1.4
      vertex 187.569 5.18287 1.4
      vertex 187.908 4.8084 1.4
    endloop
  endfacet
  facet normal -0 0 1
    outer loop
      vertex 187.268 11.3112 1.4
      vertex 187.569 5.18287 1.4
      vertex 187.569 11.7171 1.4
    endloop
  endfacet
  facet normal 0 0 1
    outer loop
      vertex 187.268 11.3112 1.4
      vertex 187.268 5.58881 1.4
      vertex 187.569 5.18287 1.4
    endloop
  endfacet
  facet normal -0 0 1
    outer loop
      vertex 187.008 10.8777 1.4
      vertex 187.268 5.58881 1.4
      vertex 187.268 11.3112 1.4
    endloop
  endfacet
  facet normal 0 0 1
    outer loop
      vertex 187.008 10.8777 1.4
      vertex 187.008 6.02231 1.4
      vertex 187.268 5.58881 1.4
    endloop
  endfacet
  facet normal -0 0 1
    outer loop
      vertex 186.792 10.4208 1.4
      vertex 187.008 6.02231 1.4
      vertex 187.008 10.8777 1.4
    endloop
  endfacet
  facet normal 0 0 1
    outer loop
      vertex 186.792 10.4208 1.4
      vertex 186.792 6.47918 1.4
      vertex 187.008 6.02231 1.4
    endloop
  endfacet
  facet normal -0 0 1
    outer loop
      vertex 186.622 9.94497 1.4
      vertex 186.792 6.47918 1.4
      vertex 186.792 10.4208 1.4
    endloop
  endfacet
  facet normal 0 0 1
    outer loop
      vertex 186.622 9.94497 1.4
      vertex 186.622 6.95503 1.4
      vertex 186.792 6.47918 1.4
    endloop
  endfacet
  facet normal -0 0 1
    outer loop
      vertex 186.499 9.45471 1.4
      vertex 186.622 6.95503 1.4
      vertex 186.622 9.94497 1.4
    endloop
  endfacet
  facet normal 0 0 1
    outer loop
      vertex 186.499 9.45471 1.4
      vertex 186.499 7.44528 1.4
      vertex 186.622 6.95503 1.4
    endloop
  endfacet
  facet normal -0 0 1
    outer loop
      vertex 186.425 8.95479 1.4
      vertex 186.499 7.44528 1.4
      vertex 186.499 9.45471 1.4
    endloop
  endfacet
  facet normal 0 0 1
    outer loop
      vertex 186.425 8.95479 1.4
      vertex 186.425 7.94521 1.4
      vertex 186.499 7.44528 1.4
    endloop
  endfacet
  facet normal 0 -0 1
    outer loop
      vertex 186.425 7.94521 1.4
      vertex 186.425 8.95479 1.4
      vertex 186.4 8.45 1.4
    endloop
  endfacet
  facet normal 0.969938 0.24335 0
    outer loop
      vertex 186.622 6.95503 3.2
      vertex 186.499 7.44528 1.4
      vertex 186.499 7.44528 3.2
    endloop
  endfacet
  facet normal 0.969938 0.24335 0
    outer loop
      vertex 186.499 7.44528 1.4
      vertex 186.622 6.95503 3.2
      vertex 186.622 6.95503 1.4
    endloop
  endfacet
  facet normal 0.803242 -0.595653 0
    outer loop
      vertex 187.268 11.3112 3.2
      vertex 187.569 11.7171 1.4
      vertex 187.569 11.7171 3.2
    endloop
  endfacet
  facet normal 0.803242 -0.595653 0
    outer loop
      vertex 187.569 11.7171 1.4
      vertex 187.268 11.3112 3.2
      vertex 187.268 11.3112 1.4
    endloop
  endfacet
  facet normal -0.336792 0.941579 0
    outer loop
      vertex 193.521 3.69202 1.4
      vertex 193.045 3.52176 3.2
      vertex 193.521 3.69202 3.2
    endloop
  endfacet
  facet normal -0.336792 0.941579 0
    outer loop
      vertex 193.045 3.52176 3.2
      vertex 193.521 3.69202 1.4
      vertex 193.045 3.52176 1.4
    endloop
  endfacet
  facet normal 0.904053 0.42742 0
    outer loop
      vertex 187.008 6.02231 3.2
      vertex 186.792 6.47918 1.4
      vertex 186.792 6.47918 3.2
    endloop
  endfacet
  facet normal 0.904053 0.42742 0
    outer loop
      vertex 186.792 6.47918 1.4
      vertex 187.008 6.02231 3.2
      vertex 187.008 6.02231 1.4
    endloop
  endfacet
  facet normal 0.85758 -0.51435 0
    outer loop
      vertex 187.008 10.8777 3.2
      vertex 187.268 11.3112 1.4
      vertex 187.268 11.3112 3.2
    endloop
  endfacet
  facet normal 0.85758 -0.51435 0
    outer loop
      vertex 187.268 11.3112 1.4
      vertex 187.008 10.8777 3.2
      vertex 187.008 10.8777 1.4
    endloop
  endfacet
  facet normal 0.998776 -0.0494649 0
    outer loop
      vertex 186.4 8.45 3.2
      vertex 186.425 8.95479 1.4
      vertex 186.425 8.95479 3.2
    endloop
  endfacet
  facet normal 0.998776 -0.0494649 0
    outer loop
      vertex 186.425 8.95479 1.4
      vertex 186.4 8.45 3.2
      vertex 186.4 8.45 1.4
    endloop
  endfacet
  facet normal 0.42745 0.904039 -0
    outer loop
      vertex 189.579 3.69202 1.4
      vertex 189.122 3.9081 3.2
      vertex 189.579 3.69202 3.2
    endloop
  endfacet
  facet normal 0.42745 0.904039 0
    outer loop
      vertex 189.122 3.9081 3.2
      vertex 189.579 3.69202 1.4
      vertex 189.122 3.9081 1.4
    endloop
  endfacet
  facet normal 0.941704 -0.336443 0
    outer loop
      vertex 186.622 9.94497 3.2
      vertex 186.792 10.4208 1.4
      vertex 186.792 10.4208 3.2
    endloop
  endfacet
  facet normal 0.941704 -0.336443 0
    outer loop
      vertex 186.792 10.4208 1.4
      vertex 186.622 9.94497 3.2
      vertex 186.622 9.94497 1.4
    endloop
  endfacet
  facet normal -0.989167 -0.146792 0
    outer loop
      vertex 13.5752 157.055 1.4
      vertex 13.501 157.555 3.2
      vertex 13.501 157.555 1.4
    endloop
  endfacet
  facet normal -0.989167 -0.146792 0
    outer loop
      vertex 13.501 157.555 3.2
      vertex 13.5752 157.055 1.4
      vertex 13.5752 157.055 3.2
    endloop
  endfacet
  facet normal -0.998796 -0.0490498 0
    outer loop
      vertex 13.6 156.55 1.4
      vertex 13.5752 157.055 3.2
      vertex 13.5752 157.055 1.4
    endloop
  endfacet
  facet normal -0.998796 -0.0490498 0
    outer loop
      vertex 13.5752 157.055 3.2
      vertex 13.6 156.55 1.4
      vertex 13.6 156.55 3.2
    endloop
  endfacet
  facet normal -0.970003 -0.243095 0
    outer loop
      vertex 13.501 157.555 1.4
      vertex 13.3782 158.045 3.2
      vertex 13.3782 158.045 1.4
    endloop
  endfacet
  facet normal -0.970003 -0.243095 0
    outer loop
      vertex 13.3782 158.045 3.2
      vertex 13.501 157.555 1.4
      vertex 13.501 157.555 3.2
    endloop
  endfacet
  facet normal -0.857493 -0.514496 0
    outer loop
      vertex 12.9919 158.978 1.4
      vertex 12.7321 159.411 3.2
      vertex 12.7321 159.411 1.4
    endloop
  endfacet
  facet normal -0.857493 -0.514496 0
    outer loop
      vertex 12.7321 159.411 3.2
      vertex 12.9919 158.978 1.4
      vertex 12.9919 158.978 3.2
    endloop
  endfacet
  facet normal 0 0 1
    outer loop
      vertex 13.5752 157.055 1.4
      vertex 13.5752 156.045 1.4
      vertex 13.6 156.55 1.4
    endloop
  endfacet
  facet normal 0 0 1
    outer loop
      vertex 13.501 157.555 1.4
      vertex 13.5752 156.045 1.4
      vertex 13.5752 157.055 1.4
    endloop
  endfacet
  facet normal 0 0 1
    outer loop
      vertex 13.501 157.555 1.4
      vertex 13.501 155.545 1.4
      vertex 13.5752 156.045 1.4
    endloop
  endfacet
  facet normal 0 0 1
    outer loop
      vertex 13.3782 158.045 1.4
      vertex 13.501 155.545 1.4
      vertex 13.501 157.555 1.4
    endloop
  endfacet
  facet normal 0 0 1
    outer loop
      vertex 13.3782 158.045 1.4
      vertex 13.3782 155.055 1.4
      vertex 13.501 155.545 1.4
    endloop
  endfacet
  facet normal 0 0 1
    outer loop
      vertex 13.208 158.521 1.4
      vertex 13.3782 155.055 1.4
      vertex 13.3782 158.045 1.4
    endloop
  endfacet
  facet normal 0 0 1
    outer loop
      vertex 13.208 158.521 1.4
      vertex 13.208 154.579 1.4
      vertex 13.3782 155.055 1.4
    endloop
  endfacet
  facet normal 0 0 1
    outer loop
      vertex 12.9919 158.978 1.4
      vertex 13.208 154.579 1.4
      vertex 13.208 158.521 1.4
    endloop
  endfacet
  facet normal 0 0 1
    outer loop
      vertex 12.9919 158.978 1.4
      vertex 12.9919 154.122 1.4
      vertex 13.208 154.579 1.4
    endloop
  endfacet
  facet normal 0 0 1
    outer loop
      vertex 12.7321 159.411 1.4
      vertex 12.9919 154.122 1.4
      vertex 12.9919 158.978 1.4
    endloop
  endfacet
  facet normal 0 0 1
    outer loop
      vertex 12.7321 159.411 1.4
      vertex 12.7321 153.689 1.4
      vertex 12.9919 154.122 1.4
    endloop
  endfacet
  facet normal 0 0 1
    outer loop
      vertex 12.431 159.817 1.4
      vertex 12.7321 153.689 1.4
      vertex 12.7321 159.411 1.4
    endloop
  endfacet
  facet normal 0 0 1
    outer loop
      vertex 12.431 159.817 1.4
      vertex 12.431 153.283 1.4
      vertex 12.7321 153.689 1.4
    endloop
  endfacet
  facet normal 0 0 1
    outer loop
      vertex 12.0916 160.192 1.4
      vertex 12.431 153.283 1.4
      vertex 12.431 159.817 1.4
    endloop
  endfacet
  facet normal 0 0 1
    outer loop
      vertex 12.0916 160.192 1.4
      vertex 12.0916 152.908 1.4
      vertex 12.431 153.283 1.4
    endloop
  endfacet
  facet normal 0 0 1
    outer loop
      vertex 11.7171 160.531 1.4
      vertex 12.0916 152.908 1.4
      vertex 12.0916 160.192 1.4
    endloop
  endfacet
  facet normal 0 0 1
    outer loop
      vertex 11.7171 160.531 1.4
      vertex 11.7171 152.569 1.4
      vertex 12.0916 152.908 1.4
    endloop
  endfacet
  facet normal 0 0 1
    outer loop
      vertex 11.3112 160.832 1.4
      vertex 11.7171 152.569 1.4
      vertex 11.7171 160.531 1.4
    endloop
  endfacet
  facet normal 0 0 1
    outer loop
      vertex 11.3112 160.832 1.4
      vertex 11.3112 152.268 1.4
      vertex 11.7171 152.569 1.4
    endloop
  endfacet
  facet normal 0 0 1
    outer loop
      vertex 10.8777 161.092 1.4
      vertex 11.3112 152.268 1.4
      vertex 11.3112 160.832 1.4
    endloop
  endfacet
  facet normal 0 0 1
    outer loop
      vertex 10.8777 161.092 1.4
      vertex 10.8777 152.008 1.4
      vertex 11.3112 152.268 1.4
    endloop
  endfacet
  facet normal 0 0 1
    outer loop
      vertex 10.4208 161.308 1.4
      vertex 10.8777 152.008 1.4
      vertex 10.8777 161.092 1.4
    endloop
  endfacet
  facet normal 0 0 1
    outer loop
      vertex 10.4208 161.308 1.4
      vertex 10.4208 151.792 1.4
      vertex 10.8777 152.008 1.4
    endloop
  endfacet
  facet normal 0 0 1
    outer loop
      vertex 9.94497 161.478 1.4
      vertex 10.4208 151.792 1.4
      vertex 10.4208 161.308 1.4
    endloop
  endfacet
  facet normal 0 0 1
    outer loop
      vertex 9.94497 161.478 1.4
      vertex 9.94497 151.622 1.4
      vertex 10.4208 151.792 1.4
    endloop
  endfacet
  facet normal 0 0 1
    outer loop
      vertex 9.45471 161.601 1.4
      vertex 9.94497 151.622 1.4
      vertex 9.94497 161.478 1.4
    endloop
  endfacet
  facet normal 0 0 1
    outer loop
      vertex 9.45471 161.601 1.4
      vertex 9.45471 151.499 1.4
      vertex 9.94497 151.622 1.4
    endloop
  endfacet
  facet normal 0 0 1
    outer loop
      vertex 8.95479 161.675 1.4
      vertex 9.45471 151.499 1.4
      vertex 9.45471 161.601 1.4
    endloop
  endfacet
  facet normal 0 0 1
    outer loop
      vertex 8.95479 161.675 1.4
      vertex 8.95479 151.425 1.4
      vertex 9.45471 151.499 1.4
    endloop
  endfacet
  facet normal 0 0 1
    outer loop
      vertex 8.45 161.7 1.4
      vertex 8.95479 151.425 1.4
      vertex 8.95479 161.675 1.4
    endloop
  endfacet
  facet normal 0 0 1
    outer loop
      vertex 8.45 161.7 1.4
      vertex 8.45 151.4 1.4
      vertex 8.95479 151.425 1.4
    endloop
  endfacet
  facet normal -0 0 1
    outer loop
      vertex 7.94521 161.675 1.4
      vertex 8.45 151.4 1.4
      vertex 8.45 161.7 1.4
    endloop
  endfacet
  facet normal 0 0 1
    outer loop
      vertex 7.94521 161.675 1.4
      vertex 7.94521 151.425 1.4
      vertex 8.45 151.4 1.4
    endloop
  endfacet
  facet normal -0 0 1
    outer loop
      vertex 7.44528 161.601 1.4
      vertex 7.94521 151.425 1.4
      vertex 7.94521 161.675 1.4
    endloop
  endfacet
  facet normal 0 0 1
    outer loop
      vertex 7.44528 161.601 1.4
      vertex 7.44528 151.499 1.4
      vertex 7.94521 151.425 1.4
    endloop
  endfacet
  facet normal -0 0 1
    outer loop
      vertex 6.95503 161.478 1.4
      vertex 7.44528 151.499 1.4
      vertex 7.44528 161.601 1.4
    endloop
  endfacet
  facet normal 0 0 1
    outer loop
      vertex 6.95503 161.478 1.4
      vertex 6.95503 151.622 1.4
      vertex 7.44528 151.499 1.4
    endloop
  endfacet
  facet normal -0 0 1
    outer loop
      vertex 6.47918 161.308 1.4
      vertex 6.95503 151.622 1.4
      vertex 6.95503 161.478 1.4
    endloop
  endfacet
  facet normal 0 0 1
    outer loop
      vertex 6.47918 161.308 1.4
      vertex 6.47918 151.792 1.4
      vertex 6.95503 151.622 1.4
    endloop
  endfacet
  facet normal -0 0 1
    outer loop
      vertex 6.02231 161.092 1.4
      vertex 6.47918 151.792 1.4
      vertex 6.47918 161.308 1.4
    endloop
  endfacet
  facet normal 0 0 1
    outer loop
      vertex 6.02231 161.092 1.4
      vertex 6.02231 152.008 1.4
      vertex 6.47918 151.792 1.4
    endloop
  endfacet
  facet normal -0 0 1
    outer loop
      vertex 5.58881 160.832 1.4
      vertex 6.02231 152.008 1.4
      vertex 6.02231 161.092 1.4
    endloop
  endfacet
  facet normal 0 0 1
    outer loop
      vertex 5.58881 160.832 1.4
      vertex 5.58881 152.268 1.4
      vertex 6.02231 152.008 1.4
    endloop
  endfacet
  facet normal -0 0 1
    outer loop
      vertex 5.18287 160.531 1.4
      vertex 5.58881 152.268 1.4
      vertex 5.58881 160.832 1.4
    endloop
  endfacet
  facet normal 0 0 1
    outer loop
      vertex 5.18287 160.531 1.4
      vertex 5.18287 152.569 1.4
      vertex 5.58881 152.268 1.4
    endloop
  endfacet
  facet normal -0 0 1
    outer loop
      vertex 4.8084 160.192 1.4
      vertex 5.18287 152.569 1.4
      vertex 5.18287 160.531 1.4
    endloop
  endfacet
  facet normal 0 0 1
    outer loop
      vertex 4.8084 160.192 1.4
      vertex 4.8084 152.908 1.4
      vertex 5.18287 152.569 1.4
    endloop
  endfacet
  facet normal -0 0 1
    outer loop
      vertex 4.469 159.817 1.4
      vertex 4.8084 152.908 1.4
      vertex 4.8084 160.192 1.4
    endloop
  endfacet
  facet normal 0 0 1
    outer loop
      vertex 4.469 159.817 1.4
      vertex 4.469 153.283 1.4
      vertex 4.8084 152.908 1.4
    endloop
  endfacet
  facet normal -0 0 1
    outer loop
      vertex 4.16793 159.411 1.4
      vertex 4.469 153.283 1.4
      vertex 4.469 159.817 1.4
    endloop
  endfacet
  facet normal 0 0 1
    outer loop
      vertex 4.16793 159.411 1.4
      vertex 4.16793 153.689 1.4
      vertex 4.469 153.283 1.4
    endloop
  endfacet
  facet normal -0 0 1
    outer loop
      vertex 3.9081 158.978 1.4
      vertex 4.16793 153.689 1.4
      vertex 4.16793 159.411 1.4
    endloop
  endfacet
  facet normal 0 0 1
    outer loop
      vertex 3.9081 158.978 1.4
      vertex 3.9081 154.122 1.4
      vertex 4.16793 153.689 1.4
    endloop
  endfacet
  facet normal -0 0 1
    outer loop
      vertex 3.69202 158.521 1.4
      vertex 3.9081 154.122 1.4
      vertex 3.9081 158.978 1.4
    endloop
  endfacet
  facet normal 0 0 1
    outer loop
      vertex 3.69202 158.521 1.4
      vertex 3.69202 154.579 1.4
      vertex 3.9081 154.122 1.4
    endloop
  endfacet
  facet normal -0 0 1
    outer loop
      vertex 3.52176 158.045 1.4
      vertex 3.69202 154.579 1.4
      vertex 3.69202 158.521 1.4
    endloop
  endfacet
  facet normal 0 0 1
    outer loop
      vertex 3.52176 158.045 1.4
      vertex 3.52176 155.055 1.4
      vertex 3.69202 154.579 1.4
    endloop
  endfacet
  facet normal -0 0 1
    outer loop
      vertex 3.39896 157.555 1.4
      vertex 3.52176 155.055 1.4
      vertex 3.52176 158.045 1.4
    endloop
  endfacet
  facet normal 0 0 1
    outer loop
      vertex 3.39896 157.555 1.4
      vertex 3.39896 155.545 1.4
      vertex 3.52176 155.055 1.4
    endloop
  endfacet
  facet normal -0 0 1
    outer loop
      vertex 3.3248 157.055 1.4
      vertex 3.39896 155.545 1.4
      vertex 3.39896 157.555 1.4
    endloop
  endfacet
  facet normal 0 0 1
    outer loop
      vertex 3.3248 157.055 1.4
      vertex 3.3248 156.045 1.4
      vertex 3.39896 155.545 1.4
    endloop
  endfacet
  facet normal 0 -0 1
    outer loop
      vertex 3.3248 156.045 1.4
      vertex 3.3248 157.055 1.4
      vertex 3.3 156.55 1.4
    endloop
  endfacet
  facet normal -0.671095 0.741372 0
    outer loop
      vertex 12.0916 152.908 1.4
      vertex 11.7171 152.569 3.2
      vertex 12.0916 152.908 3.2
    endloop
  endfacet
  facet normal -0.671095 0.741372 0
    outer loop
      vertex 11.7171 152.569 3.2
      vertex 12.0916 152.908 1.4
      vertex 11.7171 152.569 1.4
    endloop
  endfacet
  facet normal -0.146428 -0.989221 0
    outer loop
      vertex 8.95479 161.675 1.4
      vertex 9.45471 161.601 3.2
      vertex 8.95479 161.675 3.2
    endloop
  endfacet
  facet normal -0.146428 -0.989221 -0
    outer loop
      vertex 9.45471 161.601 3.2
      vertex 8.95479 161.675 1.4
      vertex 9.45471 161.601 1.4
    endloop
  endfacet
  facet normal 0.803246 0.595648 0
    outer loop
      vertex 4.469 153.283 3.2
      vertex 4.16793 153.689 1.4
      vertex 4.16793 153.689 3.2
    endloop
  endfacet
  facet normal 0.803246 0.595648 0
    outer loop
      vertex 4.16793 153.689 1.4
      vertex 4.469 153.283 3.2
      vertex 4.469 153.283 1.4
    endloop
  endfacet
  facet normal -0.998796 0.0490498 0
    outer loop
      vertex 13.5752 156.045 1.4
      vertex 13.6 156.55 3.2
      vertex 13.6 156.55 1.4
    endloop
  endfacet
  facet normal -0.998796 0.0490498 0
    outer loop
      vertex 13.6 156.55 3.2
      vertex 13.5752 156.045 1.4
      vertex 13.5752 156.045 3.2
    endloop
  endfacet
  facet normal 0.146425 0.989222 -0
    outer loop
      vertex 7.94521 151.425 1.4
      vertex 7.44528 151.499 3.2
      vertex 7.94521 151.425 3.2
    endloop
  endfacet
  facet normal 0.146425 0.989222 0
    outer loop
      vertex 7.44528 151.499 3.2
      vertex 7.94521 151.425 1.4
      vertex 7.44528 151.499 1.4
    endloop
  endfacet
  facet normal -0.941617 -0.336687 0
    outer loop
      vertex 13.3782 158.045 1.4
      vertex 13.208 158.521 3.2
      vertex 13.208 158.521 1.4
    endloop
  endfacet
  facet normal -0.941617 -0.336687 0
    outer loop
      vertex 13.208 158.521 3.2
      vertex 13.3782 158.045 1.4
      vertex 13.3782 158.045 3.2
    endloop
  endfacet
  facet normal -0.595653 -0.803242 0
    outer loop
      vertex 11.3112 160.832 1.4
      vertex 11.7171 160.531 3.2
      vertex 11.3112 160.832 3.2
    endloop
  endfacet
  facet normal -0.595653 -0.803242 -0
    outer loop
      vertex 11.7171 160.531 3.2
      vertex 11.3112 160.832 1.4
      vertex 11.7171 160.531 1.4
    endloop
  endfacet
  facet normal -0.243346 0.96994 0
    outer loop
      vertex 9.94497 151.622 1.4
      vertex 9.45471 151.499 3.2
      vertex 9.94497 151.622 3.2
    endloop
  endfacet
  facet normal -0.243346 0.96994 0
    outer loop
      vertex 9.45471 151.499 3.2
      vertex 9.94497 151.622 1.4
      vertex 9.45471 151.499 1.4
    endloop
  endfacet
  facet normal 0.857467 0.514539 0
    outer loop
      vertex 4.16793 153.689 3.2
      vertex 3.9081 154.122 1.4
      vertex 3.9081 154.122 3.2
    endloop
  endfacet
  facet normal 0.857467 0.514539 0
    outer loop
      vertex 3.9081 154.122 1.4
      vertex 4.16793 153.689 3.2
      vertex 4.16793 153.689 1.4
    endloop
  endfacet
  facet normal -0.0494649 -0.998776 0
    outer loop
      vertex 8.45 161.7 1.4
      vertex 8.95479 161.675 3.2
      vertex 8.45 161.7 3.2
    endloop
  endfacet
  facet normal -0.0494649 -0.998776 -0
    outer loop
      vertex 8.95479 161.675 3.2
      vertex 8.45 161.7 1.4
      vertex 8.95479 161.675 1.4
    endloop
  endfacet
  facet normal -0.51435 -0.85758 0
    outer loop
      vertex 10.8777 161.092 1.4
      vertex 11.3112 160.832 3.2
      vertex 10.8777 161.092 3.2
    endloop
  endfacet
  facet normal -0.51435 -0.85758 -0
    outer loop
      vertex 11.3112 160.832 3.2
      vertex 10.8777 161.092 1.4
      vertex 11.3112 160.832 1.4
    endloop
  endfacet
  facet normal -0.595653 0.803242 0
    outer loop
      vertex 11.7171 152.569 1.4
      vertex 11.3112 152.268 3.2
      vertex 11.7171 152.569 3.2
    endloop
  endfacet
  facet normal -0.595653 0.803242 0
    outer loop
      vertex 11.3112 152.268 3.2
      vertex 11.7171 152.569 1.4
      vertex 11.3112 152.268 1.4
    endloop
  endfacet
  facet normal 0.146425 -0.989222 0
    outer loop
      vertex 7.44528 161.601 1.4
      vertex 7.94521 161.675 3.2
      vertex 7.44528 161.601 3.2
    endloop
  endfacet
  facet normal 0.146425 -0.989222 0
    outer loop
      vertex 7.94521 161.675 3.2
      vertex 7.44528 161.601 1.4
      vertex 7.94521 161.675 1.4
    endloop
  endfacet
  facet normal -0.803217 0.595686 0
    outer loop
      vertex 12.431 153.283 1.4
      vertex 12.7321 153.689 3.2
      vertex 12.7321 153.689 1.4
    endloop
  endfacet
  facet normal -0.803217 0.595686 0
    outer loop
      vertex 12.7321 153.689 3.2
      vertex 12.431 153.283 1.4
      vertex 12.431 153.283 3.2
    endloop
  endfacet
  facet normal 0.970003 0.243095 0
    outer loop
      vertex 3.52176 155.055 3.2
      vertex 3.39896 155.545 1.4
      vertex 3.39896 155.545 3.2
    endloop
  endfacet
  facet normal 0.970003 0.243095 0
    outer loop
      vertex 3.39896 155.545 1.4
      vertex 3.52176 155.055 3.2
      vertex 3.52176 155.055 1.4
    endloop
  endfacet
  facet normal -0.904024 -0.427483 0
    outer loop
      vertex 13.208 158.521 1.4
      vertex 12.9919 158.978 3.2
      vertex 12.9919 158.978 1.4
    endloop
  endfacet
  facet normal -0.904024 -0.427483 0
    outer loop
      vertex 12.9919 158.978 3.2
      vertex 13.208 158.521 1.4
      vertex 13.208 158.521 3.2
    endloop
  endfacet
  facet normal 0.998796 -0.0490498 0
    outer loop
      vertex 3.3 156.55 3.2
      vertex 3.3248 157.055 1.4
      vertex 3.3248 157.055 3.2
    endloop
  endfacet
  facet normal 0.998796 -0.0490498 0
    outer loop
      vertex 3.3248 157.055 1.4
      vertex 3.3 156.55 3.2
      vertex 3.3 156.55 1.4
    endloop
  endfacet
  facet normal 0.970003 -0.243095 0
    outer loop
      vertex 3.39896 157.555 3.2
      vertex 3.52176 158.045 1.4
      vertex 3.52176 158.045 3.2
    endloop
  endfacet
  facet normal 0.970003 -0.243095 0
    outer loop
      vertex 3.52176 158.045 1.4
      vertex 3.39896 157.555 3.2
      vertex 3.39896 157.555 1.4
    endloop
  endfacet
  facet normal -0.970003 0.243095 0
    outer loop
      vertex 13.3782 155.055 1.4
      vertex 13.501 155.545 3.2
      vertex 13.501 155.545 1.4
    endloop
  endfacet
  facet normal -0.970003 0.243095 0
    outer loop
      vertex 13.501 155.545 3.2
      vertex 13.3782 155.055 1.4
      vertex 13.3782 155.055 3.2
    endloop
  endfacet
  facet normal -0.427397 0.904064 0
    outer loop
      vertex 10.8777 152.008 1.4
      vertex 10.4208 151.792 3.2
      vertex 10.8777 152.008 3.2
    endloop
  endfacet
  facet normal -0.427397 0.904064 0
    outer loop
      vertex 10.4208 151.792 3.2
      vertex 10.8777 152.008 1.4
      vertex 10.4208 151.792 1.4
    endloop
  endfacet
  facet normal -0.0494649 0.998776 0
    outer loop
      vertex 8.95479 151.425 1.4
      vertex 8.45 151.4 3.2
      vertex 8.95479 151.425 3.2
    endloop
  endfacet
  facet normal -0.0494649 0.998776 0
    outer loop
      vertex 8.45 151.4 3.2
      vertex 8.95479 151.425 1.4
      vertex 8.45 151.4 1.4
    endloop
  endfacet
  facet normal 0.33643 -0.941708 0
    outer loop
      vertex 6.47918 161.308 1.4
      vertex 6.95503 161.478 3.2
      vertex 6.47918 161.308 3.2
    endloop
  endfacet
  facet normal 0.33643 -0.941708 0
    outer loop
      vertex 6.95503 161.478 3.2
      vertex 6.47918 161.308 1.4
      vertex 6.95503 161.478 1.4
    endloop
  endfacet
  facet normal -0.671095 -0.741372 0
    outer loop
      vertex 11.7171 160.531 1.4
      vertex 12.0916 160.192 3.2
      vertex 11.7171 160.531 3.2
    endloop
  endfacet
  facet normal -0.671095 -0.741372 -0
    outer loop
      vertex 12.0916 160.192 3.2
      vertex 11.7171 160.531 1.4
      vertex 12.0916 160.192 1.4
    endloop
  endfacet
  facet normal 0.595616 -0.80327 0
    outer loop
      vertex 5.18287 160.531 1.4
      vertex 5.58881 160.832 3.2
      vertex 5.18287 160.531 3.2
    endloop
  endfacet
  facet normal 0.595616 -0.80327 0
    outer loop
      vertex 5.58881 160.832 3.2
      vertex 5.18287 160.531 1.4
      vertex 5.58881 160.832 1.4
    endloop
  endfacet
  facet normal 0.904039 0.42745 0
    outer loop
      vertex 3.9081 154.122 3.2
      vertex 3.69202 154.579 1.4
      vertex 3.69202 154.579 3.2
    endloop
  endfacet
  facet normal 0.904039 0.42745 0
    outer loop
      vertex 3.69202 154.579 1.4
      vertex 3.9081 154.122 3.2
      vertex 3.9081 154.122 1.4
    endloop
  endfacet
  facet normal 0.24335 -0.969938 0
    outer loop
      vertex 6.95503 161.478 1.4
      vertex 7.44528 161.601 3.2
      vertex 6.95503 161.478 3.2
    endloop
  endfacet
  facet normal 0.24335 -0.969938 0
    outer loop
      vertex 7.44528 161.601 3.2
      vertex 6.95503 161.478 1.4
      vertex 7.44528 161.601 1.4
    endloop
  endfacet
  facet normal -0.803217 -0.595686 0
    outer loop
      vertex 12.7321 159.411 1.4
      vertex 12.431 159.817 3.2
      vertex 12.431 159.817 1.4
    endloop
  endfacet
  facet normal -0.803217 -0.595686 0
    outer loop
      vertex 12.431 159.817 3.2
      vertex 12.7321 159.411 1.4
      vertex 12.7321 159.411 3.2
    endloop
  endfacet
  facet normal 0.42742 -0.904053 0
    outer loop
      vertex 6.02231 161.092 1.4
      vertex 6.47918 161.308 3.2
      vertex 6.02231 161.092 3.2
    endloop
  endfacet
  facet normal 0.42742 -0.904053 0
    outer loop
      vertex 6.47918 161.308 3.2
      vertex 6.02231 161.092 1.4
      vertex 6.47918 161.308 1.4
    endloop
  endfacet
  facet normal -0.336443 0.941704 0
    outer loop
      vertex 10.4208 151.792 1.4
      vertex 9.94497 151.622 3.2
      vertex 10.4208 151.792 3.2
    endloop
  endfacet
  facet normal -0.336443 0.941704 0
    outer loop
      vertex 9.94497 151.622 3.2
      vertex 10.4208 151.792 1.4
      vertex 9.94497 151.622 1.4
    endloop
  endfacet
  facet normal 0.595616 0.80327 -0
    outer loop
      vertex 5.58881 152.268 1.4
      vertex 5.18287 152.569 3.2
      vertex 5.58881 152.268 3.2
    endloop
  endfacet
  facet normal 0.595616 0.80327 0
    outer loop
      vertex 5.18287 152.569 3.2
      vertex 5.58881 152.268 1.4
      vertex 5.18287 152.569 1.4
    endloop
  endfacet
  facet normal -0.904024 0.427483 0
    outer loop
      vertex 12.9919 154.122 1.4
      vertex 13.208 154.579 3.2
      vertex 13.208 154.579 1.4
    endloop
  endfacet
  facet normal -0.904024 0.427483 0
    outer loop
      vertex 13.208 154.579 3.2
      vertex 12.9919 154.122 1.4
      vertex 12.9919 154.122 3.2
    endloop
  endfacet
  facet normal 0.51435 -0.85758 0
    outer loop
      vertex 5.58881 160.832 1.4
      vertex 6.02231 161.092 3.2
      vertex 5.58881 160.832 3.2
    endloop
  endfacet
  facet normal 0.51435 -0.85758 0
    outer loop
      vertex 6.02231 161.092 3.2
      vertex 5.58881 160.832 1.4
      vertex 6.02231 161.092 1.4
    endloop
  endfacet
  facet normal 0.857467 -0.514539 0
    outer loop
      vertex 3.9081 158.978 3.2
      vertex 4.16793 159.411 1.4
      vertex 4.16793 159.411 3.2
    endloop
  endfacet
  facet normal 0.857467 -0.514539 0
    outer loop
      vertex 4.16793 159.411 1.4
      vertex 3.9081 158.978 3.2
      vertex 3.9081 158.978 1.4
    endloop
  endfacet
  facet normal 0.0494649 0.998776 -0
    outer loop
      vertex 8.45 151.4 1.4
      vertex 7.94521 151.425 3.2
      vertex 8.45 151.4 3.2
    endloop
  endfacet
  facet normal 0.0494649 0.998776 0
    outer loop
      vertex 7.94521 151.425 3.2
      vertex 8.45 151.4 1.4
      vertex 7.94521 151.425 1.4
    endloop
  endfacet
  facet normal 0.803246 -0.595648 0
    outer loop
      vertex 4.16793 159.411 3.2
      vertex 4.469 159.817 1.4
      vertex 4.469 159.817 3.2
    endloop
  endfacet
  facet normal 0.803246 -0.595648 0
    outer loop
      vertex 4.469 159.817 1.4
      vertex 4.16793 159.411 3.2
      vertex 4.16793 159.411 1.4
    endloop
  endfacet
  facet normal 0.998796 0.0490498 0
    outer loop
      vertex 3.3248 156.045 3.2
      vertex 3.3 156.55 1.4
      vertex 3.3 156.55 3.2
    endloop
  endfacet
  facet normal 0.998796 0.0490498 0
    outer loop
      vertex 3.3 156.55 1.4
      vertex 3.3248 156.045 3.2
      vertex 3.3248 156.045 1.4
    endloop
  endfacet
  facet normal 0.989179 -0.146715 0
    outer loop
      vertex 3.3248 157.055 3.2
      vertex 3.39896 157.555 1.4
      vertex 3.39896 157.555 3.2
    endloop
  endfacet
  facet normal 0.989179 -0.146715 0
    outer loop
      vertex 3.39896 157.555 1.4
      vertex 3.3248 157.055 3.2
      vertex 3.3248 157.055 1.4
    endloop
  endfacet
  facet normal 0.941579 -0.336792 0
    outer loop
      vertex 3.52176 158.045 3.2
      vertex 3.69202 158.521 1.4
      vertex 3.69202 158.521 3.2
    endloop
  endfacet
  facet normal 0.941579 -0.336792 0
    outer loop
      vertex 3.69202 158.521 1.4
      vertex 3.52176 158.045 3.2
      vertex 3.52176 158.045 1.4
    endloop
  endfacet
  facet normal -0.989167 0.146792 0
    outer loop
      vertex 13.501 155.545 1.4
      vertex 13.5752 156.045 3.2
      vertex 13.5752 156.045 1.4
    endloop
  endfacet
  facet normal -0.989167 0.146792 0
    outer loop
      vertex 13.5752 156.045 3.2
      vertex 13.501 155.545 1.4
      vertex 13.501 155.545 3.2
    endloop
  endfacet
  facet normal -0.427397 -0.904064 0
    outer loop
      vertex 10.4208 161.308 1.4
      vertex 10.8777 161.092 3.2
      vertex 10.4208 161.308 3.2
    endloop
  endfacet
  facet normal -0.427397 -0.904064 -0
    outer loop
      vertex 10.8777 161.092 3.2
      vertex 10.4208 161.308 1.4
      vertex 10.8777 161.092 1.4
    endloop
  endfacet
  facet normal 0.0494649 -0.998776 0
    outer loop
      vertex 7.94521 161.675 1.4
      vertex 8.45 161.7 3.2
      vertex 7.94521 161.675 3.2
    endloop
  endfacet
  facet normal 0.0494649 -0.998776 0
    outer loop
      vertex 8.45 161.7 3.2
      vertex 7.94521 161.675 1.4
      vertex 8.45 161.7 1.4
    endloop
  endfacet
  facet normal 0.941579 0.336792 0
    outer loop
      vertex 3.69202 154.579 3.2
      vertex 3.52176 155.055 1.4
      vertex 3.52176 155.055 3.2
    endloop
  endfacet
  facet normal 0.941579 0.336792 0
    outer loop
      vertex 3.52176 155.055 1.4
      vertex 3.69202 154.579 3.2
      vertex 3.69202 154.579 1.4
    endloop
  endfacet
  facet normal -0.857493 0.514496 0
    outer loop
      vertex 12.7321 153.689 1.4
      vertex 12.9919 154.122 3.2
      vertex 12.9919 154.122 1.4
    endloop
  endfacet
  facet normal -0.857493 0.514496 0
    outer loop
      vertex 12.9919 154.122 3.2
      vertex 12.7321 153.689 1.4
      vertex 12.7321 153.689 3.2
    endloop
  endfacet
  facet normal 0.989179 0.146715 0
    outer loop
      vertex 3.39896 155.545 3.2
      vertex 3.3248 156.045 1.4
      vertex 3.3248 156.045 3.2
    endloop
  endfacet
  facet normal 0.989179 0.146715 0
    outer loop
      vertex 3.3248 156.045 1.4
      vertex 3.39896 155.545 3.2
      vertex 3.39896 155.545 1.4
    endloop
  endfacet
  facet normal 0.671124 -0.741345 0
    outer loop
      vertex 4.8084 160.192 1.4
      vertex 5.18287 160.531 3.2
      vertex 4.8084 160.192 3.2
    endloop
  endfacet
  facet normal 0.671124 -0.741345 0
    outer loop
      vertex 5.18287 160.531 3.2
      vertex 4.8084 160.192 1.4
      vertex 5.18287 160.531 1.4
    endloop
  endfacet
  facet normal -0.146428 0.989221 0
    outer loop
      vertex 9.45471 151.499 1.4
      vertex 8.95479 151.425 3.2
      vertex 9.45471 151.499 3.2
    endloop
  endfacet
  facet normal -0.146428 0.989221 0
    outer loop
      vertex 8.95479 151.425 3.2
      vertex 9.45471 151.499 1.4
      vertex 8.95479 151.425 1.4
    endloop
  endfacet
  facet normal 0.741423 0.671038 0
    outer loop
      vertex 4.8084 152.908 3.2
      vertex 4.469 153.283 1.4
      vertex 4.469 153.283 3.2
    endloop
  endfacet
  facet normal 0.741423 0.671038 0
    outer loop
      vertex 4.469 153.283 1.4
      vertex 4.8084 152.908 3.2
      vertex 4.8084 152.908 1.4
    endloop
  endfacet
  facet normal 0.51435 0.85758 -0
    outer loop
      vertex 6.02231 152.008 1.4
      vertex 5.58881 152.268 3.2
      vertex 6.02231 152.008 3.2
    endloop
  endfacet
  facet normal 0.51435 0.85758 0
    outer loop
      vertex 5.58881 152.268 3.2
      vertex 6.02231 152.008 1.4
      vertex 5.58881 152.268 1.4
    endloop
  endfacet
  facet normal -0.741423 -0.671038 0
    outer loop
      vertex 12.431 159.817 1.4
      vertex 12.0916 160.192 3.2
      vertex 12.0916 160.192 1.4
    endloop
  endfacet
  facet normal -0.741423 -0.671038 0
    outer loop
      vertex 12.0916 160.192 3.2
      vertex 12.431 159.817 1.4
      vertex 12.431 159.817 3.2
    endloop
  endfacet
  facet normal 0.24335 0.969938 -0
    outer loop
      vertex 7.44528 151.499 1.4
      vertex 6.95503 151.622 3.2
      vertex 7.44528 151.499 3.2
    endloop
  endfacet
  facet normal 0.24335 0.969938 0
    outer loop
      vertex 6.95503 151.622 3.2
      vertex 7.44528 151.499 1.4
      vertex 6.95503 151.622 1.4
    endloop
  endfacet
  facet normal -0.941617 0.336687 0
    outer loop
      vertex 13.208 154.579 1.4
      vertex 13.3782 155.055 3.2
      vertex 13.3782 155.055 1.4
    endloop
  endfacet
  facet normal -0.941617 0.336687 0
    outer loop
      vertex 13.3782 155.055 3.2
      vertex 13.208 154.579 1.4
      vertex 13.208 154.579 3.2
    endloop
  endfacet
  facet normal -0.741423 0.671038 0
    outer loop
      vertex 12.0916 152.908 1.4
      vertex 12.431 153.283 3.2
      vertex 12.431 153.283 1.4
    endloop
  endfacet
  facet normal -0.741423 0.671038 0
    outer loop
      vertex 12.431 153.283 3.2
      vertex 12.0916 152.908 1.4
      vertex 12.0916 152.908 3.2
    endloop
  endfacet
  facet normal -0.51435 0.85758 0
    outer loop
      vertex 11.3112 152.268 1.4
      vertex 10.8777 152.008 3.2
      vertex 11.3112 152.268 3.2
    endloop
  endfacet
  facet normal -0.51435 0.85758 0
    outer loop
      vertex 10.8777 152.008 3.2
      vertex 11.3112 152.268 1.4
      vertex 10.8777 152.008 1.4
    endloop
  endfacet
  facet normal 0.904039 -0.42745 0
    outer loop
      vertex 3.69202 158.521 3.2
      vertex 3.9081 158.978 1.4
      vertex 3.9081 158.978 3.2
    endloop
  endfacet
  facet normal 0.904039 -0.42745 0
    outer loop
      vertex 3.9081 158.978 1.4
      vertex 3.69202 158.521 3.2
      vertex 3.69202 158.521 1.4
    endloop
  endfacet
  facet normal -0.336443 -0.941704 0
    outer loop
      vertex 9.94497 161.478 1.4
      vertex 10.4208 161.308 3.2
      vertex 9.94497 161.478 3.2
    endloop
  endfacet
  facet normal -0.336443 -0.941704 -0
    outer loop
      vertex 10.4208 161.308 3.2
      vertex 9.94497 161.478 1.4
      vertex 10.4208 161.308 1.4
    endloop
  endfacet
  facet normal 0.42742 0.904053 -0
    outer loop
      vertex 6.47918 151.792 1.4
      vertex 6.02231 152.008 3.2
      vertex 6.47918 151.792 3.2
    endloop
  endfacet
  facet normal 0.42742 0.904053 0
    outer loop
      vertex 6.02231 152.008 3.2
      vertex 6.47918 151.792 1.4
      vertex 6.02231 152.008 1.4
    endloop
  endfacet
  facet normal 0.671124 0.741345 -0
    outer loop
      vertex 5.18287 152.569 1.4
      vertex 4.8084 152.908 3.2
      vertex 5.18287 152.569 3.2
    endloop
  endfacet
  facet normal 0.671124 0.741345 0
    outer loop
      vertex 4.8084 152.908 3.2
      vertex 5.18287 152.569 1.4
      vertex 4.8084 152.908 1.4
    endloop
  endfacet
  facet normal -0.243346 -0.96994 0
    outer loop
      vertex 9.45471 161.601 1.4
      vertex 9.94497 161.478 3.2
      vertex 9.45471 161.601 3.2
    endloop
  endfacet
  facet normal -0.243346 -0.96994 -0
    outer loop
      vertex 9.94497 161.478 3.2
      vertex 9.45471 161.601 1.4
      vertex 9.94497 161.478 1.4
    endloop
  endfacet
  facet normal 0.741423 -0.671038 0
    outer loop
      vertex 4.469 159.817 3.2
      vertex 4.8084 160.192 1.4
      vertex 4.8084 160.192 3.2
    endloop
  endfacet
  facet normal 0.741423 -0.671038 0
    outer loop
      vertex 4.8084 160.192 1.4
      vertex 4.469 159.817 3.2
      vertex 4.469 159.817 1.4
    endloop
  endfacet
  facet normal 0.33643 0.941708 -0
    outer loop
      vertex 6.95503 151.622 1.4
      vertex 6.47918 151.792 3.2
      vertex 6.95503 151.622 3.2
    endloop
  endfacet
  facet normal 0.33643 0.941708 0
    outer loop
      vertex 6.47918 151.792 3.2
      vertex 6.95503 151.622 1.4
      vertex 6.47918 151.792 1.4
    endloop
  endfacet
  facet normal 0.336336 0.941742 -0
    outer loop
      vertex 190.055 151.622 1.4
      vertex 189.579 151.792 3.2
      vertex 190.055 151.622 3.2
    endloop
  endfacet
  facet normal 0.336336 0.941742 0
    outer loop
      vertex 189.579 151.792 3.2
      vertex 190.055 151.622 1.4
      vertex 189.579 151.792 1.4
    endloop
  endfacet
  facet normal -0.989225 -0.146405 0
    outer loop
      vertex 196.675 157.055 1.4
      vertex 196.601 157.555 3.2
      vertex 196.601 157.555 1.4
    endloop
  endfacet
  facet normal -0.989225 -0.146405 0
    outer loop
      vertex 196.601 157.555 3.2
      vertex 196.675 157.055 1.4
      vertex 196.675 157.055 3.2
    endloop
  endfacet
  facet normal -0.998777 -0.0494444 0
    outer loop
      vertex 196.7 156.55 1.4
      vertex 196.675 157.055 3.2
      vertex 196.675 157.055 1.4
    endloop
  endfacet
  facet normal -0.998777 -0.0494444 0
    outer loop
      vertex 196.675 157.055 3.2
      vertex 196.7 156.55 1.4
      vertex 196.7 156.55 3.2
    endloop
  endfacet
  facet normal -0.969909 -0.243467 0
    outer loop
      vertex 196.601 157.555 1.4
      vertex 196.478 158.045 3.2
      vertex 196.478 158.045 1.4
    endloop
  endfacet
  facet normal -0.969909 -0.243467 0
    outer loop
      vertex 196.478 158.045 3.2
      vertex 196.601 157.555 1.4
      vertex 196.601 157.555 3.2
    endloop
  endfacet
  facet normal 0.989225 -0.146405 0
    outer loop
      vertex 186.425 157.055 3.2
      vertex 186.499 157.555 1.4
      vertex 186.499 157.555 3.2
    endloop
  endfacet
  facet normal 0.989225 -0.146405 0
    outer loop
      vertex 186.499 157.555 1.4
      vertex 186.425 157.055 3.2
      vertex 186.425 157.055 1.4
    endloop
  endfacet
  facet normal 0.243467 0.969909 -0
    outer loop
      vertex 190.545 151.499 1.4
      vertex 190.055 151.622 3.2
      vertex 190.545 151.499 3.2
    endloop
  endfacet
  facet normal 0.243467 0.969909 0
    outer loop
      vertex 190.055 151.622 3.2
      vertex 190.545 151.499 1.4
      vertex 190.055 151.622 1.4
    endloop
  endfacet
  facet normal -0.336336 -0.941742 0
    outer loop
      vertex 193.045 161.478 1.4
      vertex 193.521 161.308 3.2
      vertex 193.045 161.478 3.2
    endloop
  endfacet
  facet normal -0.336336 -0.941742 -0
    outer loop
      vertex 193.521 161.308 3.2
      vertex 193.045 161.478 1.4
      vertex 193.521 161.308 1.4
    endloop
  endfacet
  facet normal 0.514787 -0.857318 0
    outer loop
      vertex 188.689 160.832 1.4
      vertex 189.122 161.092 3.2
      vertex 188.689 160.832 3.2
    endloop
  endfacet
  facet normal 0.514787 -0.857318 0
    outer loop
      vertex 189.122 161.092 3.2
      vertex 188.689 160.832 1.4
      vertex 189.122 161.092 1.4
    endloop
  endfacet
  facet normal 0.9041 0.427321 0
    outer loop
      vertex 187.008 154.122 3.2
      vertex 186.792 154.579 1.4
      vertex 186.792 154.579 3.2
    endloop
  endfacet
  facet normal 0.9041 0.427321 0
    outer loop
      vertex 186.792 154.579 1.4
      vertex 187.008 154.122 3.2
      vertex 187.008 154.122 1.4
    endloop
  endfacet
  facet normal 0.243467 -0.969909 0
    outer loop
      vertex 190.055 161.478 1.4
      vertex 190.545 161.601 3.2
      vertex 190.055 161.478 3.2
    endloop
  endfacet
  facet normal 0.243467 -0.969909 0
    outer loop
      vertex 190.545 161.601 3.2
      vertex 190.055 161.478 1.4
      vertex 190.545 161.601 1.4
    endloop
  endfacet
  facet normal 0.857318 0.514787 0
    outer loop
      vertex 187.268 153.689 3.2
      vertex 187.008 154.122 1.4
      vertex 187.008 154.122 3.2
    endloop
  endfacet
  facet normal 0.857318 0.514787 0
    outer loop
      vertex 187.008 154.122 1.4
      vertex 187.268 153.689 3.2
      vertex 187.268 153.689 1.4
    endloop
  endfacet
  facet normal -0.243467 0.969909 0
    outer loop
      vertex 193.045 151.622 1.4
      vertex 192.555 151.499 3.2
      vertex 193.045 151.622 3.2
    endloop
  endfacet
  facet normal -0.243467 0.969909 0
    outer loop
      vertex 192.555 151.499 3.2
      vertex 193.045 151.622 1.4
      vertex 192.555 151.499 1.4
    endloop
  endfacet
  facet normal 0.595559 0.803312 -0
    outer loop
      vertex 188.689 152.268 1.4
      vertex 188.283 152.569 3.2
      vertex 188.689 152.268 3.2
    endloop
  endfacet
  facet normal 0.595559 0.803312 0
    outer loop
      vertex 188.283 152.569 3.2
      vertex 188.689 152.268 1.4
      vertex 188.283 152.569 1.4
    endloop
  endfacet
  facet normal -0.514787 0.857318 0
    outer loop
      vertex 194.411 152.268 1.4
      vertex 193.978 152.008 3.2
      vertex 194.411 152.268 3.2
    endloop
  endfacet
  facet normal -0.514787 0.857318 0
    outer loop
      vertex 193.978 152.008 3.2
      vertex 194.411 152.268 1.4
      vertex 193.978 152.008 1.4
    endloop
  endfacet
  facet normal -0.803312 0.595559 0
    outer loop
      vertex 195.531 153.283 1.4
      vertex 195.832 153.689 3.2
      vertex 195.832 153.689 1.4
    endloop
  endfacet
  facet normal -0.803312 0.595559 0
    outer loop
      vertex 195.832 153.689 3.2
      vertex 195.531 153.283 1.4
      vertex 195.531 153.283 3.2
    endloop
  endfacet
  facet normal -0.146405 -0.989225 0
    outer loop
      vertex 192.055 161.675 1.4
      vertex 192.555 161.601 3.2
      vertex 192.055 161.675 3.2
    endloop
  endfacet
  facet normal -0.146405 -0.989225 -0
    outer loop
      vertex 192.555 161.601 3.2
      vertex 192.055 161.675 1.4
      vertex 192.555 161.601 1.4
    endloop
  endfacet
  facet normal 0.595559 -0.803312 0
    outer loop
      vertex 188.283 160.531 1.4
      vertex 188.689 160.832 3.2
      vertex 188.283 160.531 3.2
    endloop
  endfacet
  facet normal 0.595559 -0.803312 0
    outer loop
      vertex 188.689 160.832 3.2
      vertex 188.283 160.531 1.4
      vertex 188.689 160.832 1.4
    endloop
  endfacet
  facet normal 0.803312 -0.595559 0
    outer loop
      vertex 187.268 159.411 3.2
      vertex 187.569 159.817 1.4
      vertex 187.569 159.817 3.2
    endloop
  endfacet
  facet normal 0.803312 -0.595559 0
    outer loop
      vertex 187.569 159.817 1.4
      vertex 187.268 159.411 3.2
      vertex 187.268 159.411 1.4
    endloop
  endfacet
  facet normal -0.989225 0.146405 0
    outer loop
      vertex 196.601 155.545 1.4
      vertex 196.675 156.045 3.2
      vertex 196.675 156.045 1.4
    endloop
  endfacet
  facet normal -0.989225 0.146405 0
    outer loop
      vertex 196.675 156.045 3.2
      vertex 196.601 155.545 1.4
      vertex 196.601 155.545 3.2
    endloop
  endfacet
  facet normal 0.941742 -0.336336 0
    outer loop
      vertex 186.622 158.045 3.2
      vertex 186.792 158.521 1.4
      vertex 186.792 158.521 3.2
    endloop
  endfacet
  facet normal 0.941742 -0.336336 0
    outer loop
      vertex 186.792 158.521 1.4
      vertex 186.622 158.045 3.2
      vertex 186.622 158.045 1.4
    endloop
  endfacet
  facet normal -0.427321 -0.9041 0
    outer loop
      vertex 193.521 161.308 1.4
      vertex 193.978 161.092 3.2
      vertex 193.521 161.308 3.2
    endloop
  endfacet
  facet normal -0.427321 -0.9041 -0
    outer loop
      vertex 193.978 161.092 3.2
      vertex 193.521 161.308 1.4
      vertex 193.978 161.092 1.4
    endloop
  endfacet
  facet normal 0.941742 0.336336 0
    outer loop
      vertex 186.792 154.579 3.2
      vertex 186.622 155.055 1.4
      vertex 186.622 155.055 3.2
    endloop
  endfacet
  facet normal 0.941742 0.336336 0
    outer loop
      vertex 186.622 155.055 1.4
      vertex 186.792 154.579 3.2
      vertex 186.792 154.579 1.4
    endloop
  endfacet
  facet normal -0.969909 0.243467 0
    outer loop
      vertex 196.478 155.055 1.4
      vertex 196.601 155.545 3.2
      vertex 196.601 155.545 1.4
    endloop
  endfacet
  facet normal -0.969909 0.243467 0
    outer loop
      vertex 196.601 155.545 3.2
      vertex 196.478 155.055 1.4
      vertex 196.478 155.055 3.2
    endloop
  endfacet
  facet normal 0.0494444 -0.998777 0
    outer loop
      vertex 191.045 161.675 1.4
      vertex 191.55 161.7 3.2
      vertex 191.045 161.675 3.2
    endloop
  endfacet
  facet normal 0.0494444 -0.998777 0
    outer loop
      vertex 191.55 161.7 3.2
      vertex 191.045 161.675 1.4
      vertex 191.55 161.7 1.4
    endloop
  endfacet
  facet normal -0.670602 -0.741817 0
    outer loop
      vertex 194.817 160.531 1.4
      vertex 195.192 160.192 3.2
      vertex 194.817 160.531 3.2
    endloop
  endfacet
  facet normal -0.670602 -0.741817 -0
    outer loop
      vertex 195.192 160.192 3.2
      vertex 194.817 160.531 1.4
      vertex 195.192 160.192 1.4
    endloop
  endfacet
  facet normal 0.427321 -0.9041 0
    outer loop
      vertex 189.122 161.092 1.4
      vertex 189.579 161.308 3.2
      vertex 189.122 161.092 3.2
    endloop
  endfacet
  facet normal 0.427321 -0.9041 0
    outer loop
      vertex 189.579 161.308 3.2
      vertex 189.122 161.092 1.4
      vertex 189.579 161.308 1.4
    endloop
  endfacet
  facet normal 0.670602 -0.741817 0
    outer loop
      vertex 187.908 160.192 1.4
      vertex 188.283 160.531 3.2
      vertex 187.908 160.192 3.2
    endloop
  endfacet
  facet normal 0.670602 -0.741817 0
    outer loop
      vertex 188.283 160.531 3.2
      vertex 187.908 160.192 1.4
      vertex 188.283 160.531 1.4
    endloop
  endfacet
  facet normal -0.336336 0.941742 0
    outer loop
      vertex 193.521 151.792 1.4
      vertex 193.045 151.622 3.2
      vertex 193.521 151.792 3.2
    endloop
  endfacet
  facet normal -0.336336 0.941742 0
    outer loop
      vertex 193.045 151.622 3.2
      vertex 193.521 151.792 1.4
      vertex 193.045 151.622 1.4
    endloop
  endfacet
  facet normal 0.336336 -0.941742 0
    outer loop
      vertex 189.579 161.308 1.4
      vertex 190.055 161.478 3.2
      vertex 189.579 161.308 3.2
    endloop
  endfacet
  facet normal 0.336336 -0.941742 0
    outer loop
      vertex 190.055 161.478 3.2
      vertex 189.579 161.308 1.4
      vertex 190.055 161.478 1.4
    endloop
  endfacet
  facet normal -0.803312 -0.595559 0
    outer loop
      vertex 195.832 159.411 1.4
      vertex 195.531 159.817 3.2
      vertex 195.531 159.817 1.4
    endloop
  endfacet
  facet normal -0.803312 -0.595559 0
    outer loop
      vertex 195.531 159.817 3.2
      vertex 195.832 159.411 1.4
      vertex 195.832 159.411 3.2
    endloop
  endfacet
  facet normal 0.857318 -0.514787 0
    outer loop
      vertex 187.008 158.978 3.2
      vertex 187.268 159.411 1.4
      vertex 187.268 159.411 3.2
    endloop
  endfacet
  facet normal 0.857318 -0.514787 0
    outer loop
      vertex 187.268 159.411 1.4
      vertex 187.008 158.978 3.2
      vertex 187.008 158.978 1.4
    endloop
  endfacet
  facet normal -0.998777 0.0494444 0
    outer loop
      vertex 196.675 156.045 1.4
      vertex 196.7 156.55 3.2
      vertex 196.7 156.55 1.4
    endloop
  endfacet
  facet normal -0.998777 0.0494444 0
    outer loop
      vertex 196.7 156.55 3.2
      vertex 196.675 156.045 1.4
      vertex 196.675 156.045 3.2
    endloop
  endfacet
  facet normal -0.9041 0.427321 0
    outer loop
      vertex 196.092 154.122 1.4
      vertex 196.308 154.579 3.2
      vertex 196.308 154.579 1.4
    endloop
  endfacet
  facet normal -0.9041 0.427321 0
    outer loop
      vertex 196.308 154.579 3.2
      vertex 196.092 154.122 1.4
      vertex 196.092 154.122 3.2
    endloop
  endfacet
  facet normal 0.670602 0.741817 -0
    outer loop
      vertex 188.283 152.569 1.4
      vertex 187.908 152.908 3.2
      vertex 188.283 152.569 3.2
    endloop
  endfacet
  facet normal 0.670602 0.741817 0
    outer loop
      vertex 187.908 152.908 3.2
      vertex 188.283 152.569 1.4
      vertex 187.908 152.908 1.4
    endloop
  endfacet
  facet normal -0.595559 -0.803312 0
    outer loop
      vertex 194.411 160.832 1.4
      vertex 194.817 160.531 3.2
      vertex 194.411 160.832 3.2
    endloop
  endfacet
  facet normal -0.595559 -0.803312 -0
    outer loop
      vertex 194.817 160.531 3.2
      vertex 194.411 160.832 1.4
      vertex 194.817 160.531 1.4
    endloop
  endfacet
  facet normal 0.514787 0.857318 -0
    outer loop
      vertex 189.122 152.008 1.4
      vertex 188.689 152.268 3.2
      vertex 189.122 152.008 3.2
    endloop
  endfacet
  facet normal 0.514787 0.857318 0
    outer loop
      vertex 188.689 152.268 3.2
      vertex 189.122 152.008 1.4
      vertex 188.689 152.268 1.4
    endloop
  endfacet
  facet normal -0.514787 -0.857318 0
    outer loop
      vertex 193.978 161.092 1.4
      vertex 194.411 160.832 3.2
      vertex 193.978 161.092 3.2
    endloop
  endfacet
  facet normal -0.514787 -0.857318 -0
    outer loop
      vertex 194.411 160.832 3.2
      vertex 193.978 161.092 1.4
      vertex 194.411 160.832 1.4
    endloop
  endfacet
  facet normal -0.146405 0.989225 0
    outer loop
      vertex 192.555 151.499 1.4
      vertex 192.055 151.425 3.2
      vertex 192.555 151.499 3.2
    endloop
  endfacet
  facet normal -0.146405 0.989225 0
    outer loop
      vertex 192.055 151.425 3.2
      vertex 192.555 151.499 1.4
      vertex 192.055 151.425 1.4
    endloop
  endfacet
  facet normal -0.941742 -0.336336 0
    outer loop
      vertex 196.478 158.045 1.4
      vertex 196.308 158.521 3.2
      vertex 196.308 158.521 1.4
    endloop
  endfacet
  facet normal -0.941742 -0.336336 0
    outer loop
      vertex 196.308 158.521 3.2
      vertex 196.478 158.045 1.4
      vertex 196.478 158.045 3.2
    endloop
  endfacet
  facet normal -0.857318 0.514787 0
    outer loop
      vertex 195.832 153.689 1.4
      vertex 196.092 154.122 3.2
      vertex 196.092 154.122 1.4
    endloop
  endfacet
  facet normal -0.857318 0.514787 0
    outer loop
      vertex 196.092 154.122 3.2
      vertex 195.832 153.689 1.4
      vertex 195.832 153.689 3.2
    endloop
  endfacet
  facet normal 0.998777 0.0494444 0
    outer loop
      vertex 186.425 156.045 3.2
      vertex 186.4 156.55 1.4
      vertex 186.4 156.55 3.2
    endloop
  endfacet
  facet normal 0.998777 0.0494444 0
    outer loop
      vertex 186.4 156.55 1.4
      vertex 186.425 156.045 3.2
      vertex 186.425 156.045 1.4
    endloop
  endfacet
  facet normal -0.941742 0.336336 0
    outer loop
      vertex 196.308 154.579 1.4
      vertex 196.478 155.055 3.2
      vertex 196.478 155.055 1.4
    endloop
  endfacet
  facet normal -0.941742 0.336336 0
    outer loop
      vertex 196.478 155.055 3.2
      vertex 196.308 154.579 1.4
      vertex 196.308 154.579 3.2
    endloop
  endfacet
  facet normal -0.741817 -0.670602 0
    outer loop
      vertex 195.531 159.817 1.4
      vertex 195.192 160.192 3.2
      vertex 195.192 160.192 1.4
    endloop
  endfacet
  facet normal -0.741817 -0.670602 0
    outer loop
      vertex 195.192 160.192 3.2
      vertex 195.531 159.817 1.4
      vertex 195.531 159.817 3.2
    endloop
  endfacet
  facet normal -0.0494444 -0.998777 0
    outer loop
      vertex 191.55 161.7 1.4
      vertex 192.055 161.675 3.2
      vertex 191.55 161.7 3.2
    endloop
  endfacet
  facet normal -0.0494444 -0.998777 -0
    outer loop
      vertex 192.055 161.675 3.2
      vertex 191.55 161.7 1.4
      vertex 192.055 161.675 1.4
    endloop
  endfacet
  facet normal -0.9041 -0.427321 0
    outer loop
      vertex 196.308 158.521 1.4
      vertex 196.092 158.978 3.2
      vertex 196.092 158.978 1.4
    endloop
  endfacet
  facet normal -0.9041 -0.427321 0
    outer loop
      vertex 196.092 158.978 3.2
      vertex 196.308 158.521 1.4
      vertex 196.308 158.521 3.2
    endloop
  endfacet
  facet normal 0.146405 0.989225 -0
    outer loop
      vertex 191.045 151.425 1.4
      vertex 190.545 151.499 3.2
      vertex 191.045 151.425 3.2
    endloop
  endfacet
  facet normal 0.146405 0.989225 0
    outer loop
      vertex 190.545 151.499 3.2
      vertex 191.045 151.425 1.4
      vertex 190.545 151.499 1.4
    endloop
  endfacet
  facet normal -0.670602 0.741817 0
    outer loop
      vertex 195.192 152.908 1.4
      vertex 194.817 152.569 3.2
      vertex 195.192 152.908 3.2
    endloop
  endfacet
  facet normal -0.670602 0.741817 0
    outer loop
      vertex 194.817 152.569 3.2
      vertex 195.192 152.908 1.4
      vertex 194.817 152.569 1.4
    endloop
  endfacet
  facet normal -0.857318 -0.514787 0
    outer loop
      vertex 196.092 158.978 1.4
      vertex 195.832 159.411 3.2
      vertex 195.832 159.411 1.4
    endloop
  endfacet
  facet normal -0.857318 -0.514787 0
    outer loop
      vertex 195.832 159.411 3.2
      vertex 196.092 158.978 1.4
      vertex 196.092 158.978 3.2
    endloop
  endfacet
  facet normal 0.0494444 0.998777 -0
    outer loop
      vertex 191.55 151.4 1.4
      vertex 191.045 151.425 3.2
      vertex 191.55 151.4 3.2
    endloop
  endfacet
  facet normal 0.0494444 0.998777 0
    outer loop
      vertex 191.045 151.425 3.2
      vertex 191.55 151.4 1.4
      vertex 191.045 151.425 1.4
    endloop
  endfacet
  facet normal 0.741817 -0.670602 0
    outer loop
      vertex 187.569 159.817 3.2
      vertex 187.908 160.192 1.4
      vertex 187.908 160.192 3.2
    endloop
  endfacet
  facet normal 0.741817 -0.670602 0
    outer loop
      vertex 187.908 160.192 1.4
      vertex 187.569 159.817 3.2
      vertex 187.569 159.817 1.4
    endloop
  endfacet
  facet normal 0.146405 -0.989225 0
    outer loop
      vertex 190.545 161.601 1.4
      vertex 191.045 161.675 3.2
      vertex 190.545 161.601 3.2
    endloop
  endfacet
  facet normal 0.146405 -0.989225 0
    outer loop
      vertex 191.045 161.675 3.2
      vertex 190.545 161.601 1.4
      vertex 191.045 161.675 1.4
    endloop
  endfacet
  facet normal 0.9041 -0.427321 0
    outer loop
      vertex 186.792 158.521 3.2
      vertex 187.008 158.978 1.4
      vertex 187.008 158.978 3.2
    endloop
  endfacet
  facet normal 0.9041 -0.427321 0
    outer loop
      vertex 187.008 158.978 1.4
      vertex 186.792 158.521 3.2
      vertex 186.792 158.521 1.4
    endloop
  endfacet
  facet normal 0.969909 -0.243467 0
    outer loop
      vertex 186.499 157.555 3.2
      vertex 186.622 158.045 1.4
      vertex 186.622 158.045 3.2
    endloop
  endfacet
  facet normal 0.969909 -0.243467 0
    outer loop
      vertex 186.622 158.045 1.4
      vertex 186.499 157.555 3.2
      vertex 186.499 157.555 1.4
    endloop
  endfacet
  facet normal -0.243467 -0.969909 0
    outer loop
      vertex 192.555 161.601 1.4
      vertex 193.045 161.478 3.2
      vertex 192.555 161.601 3.2
    endloop
  endfacet
  facet normal -0.243467 -0.969909 -0
    outer loop
      vertex 193.045 161.478 3.2
      vertex 192.555 161.601 1.4
      vertex 193.045 161.478 1.4
    endloop
  endfacet
  facet normal 0.969909 0.243467 0
    outer loop
      vertex 186.622 155.055 3.2
      vertex 186.499 155.545 1.4
      vertex 186.499 155.545 3.2
    endloop
  endfacet
  facet normal 0.969909 0.243467 0
    outer loop
      vertex 186.499 155.545 1.4
      vertex 186.622 155.055 3.2
      vertex 186.622 155.055 1.4
    endloop
  endfacet
  facet normal 0.427321 0.9041 -0
    outer loop
      vertex 189.579 151.792 1.4
      vertex 189.122 152.008 3.2
      vertex 189.579 151.792 3.2
    endloop
  endfacet
  facet normal 0.427321 0.9041 0
    outer loop
      vertex 189.122 152.008 3.2
      vertex 189.579 151.792 1.4
      vertex 189.122 152.008 1.4
    endloop
  endfacet
  facet normal 0.741817 0.670602 0
    outer loop
      vertex 187.908 152.908 3.2
      vertex 187.569 153.283 1.4
      vertex 187.569 153.283 3.2
    endloop
  endfacet
  facet normal 0.741817 0.670602 0
    outer loop
      vertex 187.569 153.283 1.4
      vertex 187.908 152.908 3.2
      vertex 187.908 152.908 1.4
    endloop
  endfacet
  facet normal -0.427321 0.9041 0
    outer loop
      vertex 193.978 152.008 1.4
      vertex 193.521 151.792 3.2
      vertex 193.978 152.008 3.2
    endloop
  endfacet
  facet normal -0.427321 0.9041 0
    outer loop
      vertex 193.521 151.792 3.2
      vertex 193.978 152.008 1.4
      vertex 193.521 151.792 1.4
    endloop
  endfacet
  facet normal -0.0494444 0.998777 0
    outer loop
      vertex 192.055 151.425 1.4
      vertex 191.55 151.4 3.2
      vertex 192.055 151.425 3.2
    endloop
  endfacet
  facet normal -0.0494444 0.998777 0
    outer loop
      vertex 191.55 151.4 3.2
      vertex 192.055 151.425 1.4
      vertex 191.55 151.4 1.4
    endloop
  endfacet
  facet normal 0.989225 0.146405 0
    outer loop
      vertex 186.499 155.545 3.2
      vertex 186.425 156.045 1.4
      vertex 186.425 156.045 3.2
    endloop
  endfacet
  facet normal 0.989225 0.146405 0
    outer loop
      vertex 186.425 156.045 1.4
      vertex 186.499 155.545 3.2
      vertex 186.499 155.545 1.4
    endloop
  endfacet
  facet normal -0.595559 0.803312 0
    outer loop
      vertex 194.817 152.569 1.4
      vertex 194.411 152.268 3.2
      vertex 194.817 152.569 3.2
    endloop
  endfacet
  facet normal -0.595559 0.803312 0
    outer loop
      vertex 194.411 152.268 3.2
      vertex 194.817 152.569 1.4
      vertex 194.411 152.268 1.4
    endloop
  endfacet
  facet normal 0 0 1
    outer loop
      vertex 196.675 157.055 1.4
      vertex 196.675 156.045 1.4
      vertex 196.7 156.55 1.4
    endloop
  endfacet
  facet normal 0 0 1
    outer loop
      vertex 196.601 157.555 1.4
      vertex 196.675 156.045 1.4
      vertex 196.675 157.055 1.4
    endloop
  endfacet
  facet normal 0 0 1
    outer loop
      vertex 196.601 157.555 1.4
      vertex 196.601 155.545 1.4
      vertex 196.675 156.045 1.4
    endloop
  endfacet
  facet normal 0 0 1
    outer loop
      vertex 196.478 158.045 1.4
      vertex 196.601 155.545 1.4
      vertex 196.601 157.555 1.4
    endloop
  endfacet
  facet normal 0 0 1
    outer loop
      vertex 196.478 158.045 1.4
      vertex 196.478 155.055 1.4
      vertex 196.601 155.545 1.4
    endloop
  endfacet
  facet normal 0 0 1
    outer loop
      vertex 196.308 158.521 1.4
      vertex 196.478 155.055 1.4
      vertex 196.478 158.045 1.4
    endloop
  endfacet
  facet normal 0 0 1
    outer loop
      vertex 196.308 158.521 1.4
      vertex 196.308 154.579 1.4
      vertex 196.478 155.055 1.4
    endloop
  endfacet
  facet normal 0 0 1
    outer loop
      vertex 196.092 158.978 1.4
      vertex 196.308 154.579 1.4
      vertex 196.308 158.521 1.4
    endloop
  endfacet
  facet normal 0 0 1
    outer loop
      vertex 196.092 158.978 1.4
      vertex 196.092 154.122 1.4
      vertex 196.308 154.579 1.4
    endloop
  endfacet
  facet normal 0 0 1
    outer loop
      vertex 195.832 159.411 1.4
      vertex 196.092 154.122 1.4
      vertex 196.092 158.978 1.4
    endloop
  endfacet
  facet normal 0 0 1
    outer loop
      vertex 195.832 159.411 1.4
      vertex 195.832 153.689 1.4
      vertex 196.092 154.122 1.4
    endloop
  endfacet
  facet normal 0 0 1
    outer loop
      vertex 195.531 159.817 1.4
      vertex 195.832 153.689 1.4
      vertex 195.832 159.411 1.4
    endloop
  endfacet
  facet normal 0 0 1
    outer loop
      vertex 195.531 159.817 1.4
      vertex 195.531 153.283 1.4
      vertex 195.832 153.689 1.4
    endloop
  endfacet
  facet normal 0 0 1
    outer loop
      vertex 195.192 160.192 1.4
      vertex 195.531 153.283 1.4
      vertex 195.531 159.817 1.4
    endloop
  endfacet
  facet normal 0 0 1
    outer loop
      vertex 195.192 160.192 1.4
      vertex 195.192 152.908 1.4
      vertex 195.531 153.283 1.4
    endloop
  endfacet
  facet normal 0 0 1
    outer loop
      vertex 194.817 160.531 1.4
      vertex 195.192 152.908 1.4
      vertex 195.192 160.192 1.4
    endloop
  endfacet
  facet normal 0 0 1
    outer loop
      vertex 194.817 160.531 1.4
      vertex 194.817 152.569 1.4
      vertex 195.192 152.908 1.4
    endloop
  endfacet
  facet normal 0 0 1
    outer loop
      vertex 194.411 160.832 1.4
      vertex 194.817 152.569 1.4
      vertex 194.817 160.531 1.4
    endloop
  endfacet
  facet normal 0 0 1
    outer loop
      vertex 194.411 160.832 1.4
      vertex 194.411 152.268 1.4
      vertex 194.817 152.569 1.4
    endloop
  endfacet
  facet normal 0 0 1
    outer loop
      vertex 193.978 161.092 1.4
      vertex 194.411 152.268 1.4
      vertex 194.411 160.832 1.4
    endloop
  endfacet
  facet normal 0 0 1
    outer loop
      vertex 193.978 161.092 1.4
      vertex 193.978 152.008 1.4
      vertex 194.411 152.268 1.4
    endloop
  endfacet
  facet normal 0 0 1
    outer loop
      vertex 193.521 161.308 1.4
      vertex 193.978 152.008 1.4
      vertex 193.978 161.092 1.4
    endloop
  endfacet
  facet normal 0 0 1
    outer loop
      vertex 193.521 161.308 1.4
      vertex 193.521 151.792 1.4
      vertex 193.978 152.008 1.4
    endloop
  endfacet
  facet normal 0 0 1
    outer loop
      vertex 193.045 161.478 1.4
      vertex 193.521 151.792 1.4
      vertex 193.521 161.308 1.4
    endloop
  endfacet
  facet normal 0 0 1
    outer loop
      vertex 193.045 161.478 1.4
      vertex 193.045 151.622 1.4
      vertex 193.521 151.792 1.4
    endloop
  endfacet
  facet normal 0 0 1
    outer loop
      vertex 192.555 161.601 1.4
      vertex 193.045 151.622 1.4
      vertex 193.045 161.478 1.4
    endloop
  endfacet
  facet normal 0 0 1
    outer loop
      vertex 192.555 161.601 1.4
      vertex 192.555 151.499 1.4
      vertex 193.045 151.622 1.4
    endloop
  endfacet
  facet normal 0 0 1
    outer loop
      vertex 192.055 161.675 1.4
      vertex 192.555 151.499 1.4
      vertex 192.555 161.601 1.4
    endloop
  endfacet
  facet normal 0 0 1
    outer loop
      vertex 192.055 161.675 1.4
      vertex 192.055 151.425 1.4
      vertex 192.555 151.499 1.4
    endloop
  endfacet
  facet normal 0 0 1
    outer loop
      vertex 191.55 161.7 1.4
      vertex 192.055 151.425 1.4
      vertex 192.055 161.675 1.4
    endloop
  endfacet
  facet normal 0 0 1
    outer loop
      vertex 191.55 161.7 1.4
      vertex 191.55 151.4 1.4
      vertex 192.055 151.425 1.4
    endloop
  endfacet
  facet normal -0 0 1
    outer loop
      vertex 191.045 161.675 1.4
      vertex 191.55 151.4 1.4
      vertex 191.55 161.7 1.4
    endloop
  endfacet
  facet normal 0 0 1
    outer loop
      vertex 191.045 161.675 1.4
      vertex 191.045 151.425 1.4
      vertex 191.55 151.4 1.4
    endloop
  endfacet
  facet normal -0 0 1
    outer loop
      vertex 190.545 161.601 1.4
      vertex 191.045 151.425 1.4
      vertex 191.045 161.675 1.4
    endloop
  endfacet
  facet normal 0 0 1
    outer loop
      vertex 190.545 161.601 1.4
      vertex 190.545 151.499 1.4
      vertex 191.045 151.425 1.4
    endloop
  endfacet
  facet normal -0 0 1
    outer loop
      vertex 190.055 161.478 1.4
      vertex 190.545 151.499 1.4
      vertex 190.545 161.601 1.4
    endloop
  endfacet
  facet normal 0 0 1
    outer loop
      vertex 190.055 161.478 1.4
      vertex 190.055 151.622 1.4
      vertex 190.545 151.499 1.4
    endloop
  endfacet
  facet normal -0 0 1
    outer loop
      vertex 189.579 161.308 1.4
      vertex 190.055 151.622 1.4
      vertex 190.055 161.478 1.4
    endloop
  endfacet
  facet normal 0 0 1
    outer loop
      vertex 189.579 161.308 1.4
      vertex 189.579 151.792 1.4
      vertex 190.055 151.622 1.4
    endloop
  endfacet
  facet normal -0 0 1
    outer loop
      vertex 189.122 161.092 1.4
      vertex 189.579 151.792 1.4
      vertex 189.579 161.308 1.4
    endloop
  endfacet
  facet normal 0 0 1
    outer loop
      vertex 189.122 161.092 1.4
      vertex 189.122 152.008 1.4
      vertex 189.579 151.792 1.4
    endloop
  endfacet
  facet normal -0 0 1
    outer loop
      vertex 188.689 160.832 1.4
      vertex 189.122 152.008 1.4
      vertex 189.122 161.092 1.4
    endloop
  endfacet
  facet normal 0 0 1
    outer loop
      vertex 188.689 160.832 1.4
      vertex 188.689 152.268 1.4
      vertex 189.122 152.008 1.4
    endloop
  endfacet
  facet normal -0 0 1
    outer loop
      vertex 188.283 160.531 1.4
      vertex 188.689 152.268 1.4
      vertex 188.689 160.832 1.4
    endloop
  endfacet
  facet normal 0 0 1
    outer loop
      vertex 188.283 160.531 1.4
      vertex 188.283 152.569 1.4
      vertex 188.689 152.268 1.4
    endloop
  endfacet
  facet normal -0 0 1
    outer loop
      vertex 187.908 160.192 1.4
      vertex 188.283 152.569 1.4
      vertex 188.283 160.531 1.4
    endloop
  endfacet
  facet normal 0 0 1
    outer loop
      vertex 187.908 160.192 1.4
      vertex 187.908 152.908 1.4
      vertex 188.283 152.569 1.4
    endloop
  endfacet
  facet normal -0 0 1
    outer loop
      vertex 187.569 159.817 1.4
      vertex 187.908 152.908 1.4
      vertex 187.908 160.192 1.4
    endloop
  endfacet
  facet normal 0 0 1
    outer loop
      vertex 187.569 159.817 1.4
      vertex 187.569 153.283 1.4
      vertex 187.908 152.908 1.4
    endloop
  endfacet
  facet normal -0 0 1
    outer loop
      vertex 187.268 159.411 1.4
      vertex 187.569 153.283 1.4
      vertex 187.569 159.817 1.4
    endloop
  endfacet
  facet normal 0 0 1
    outer loop
      vertex 187.268 159.411 1.4
      vertex 187.268 153.689 1.4
      vertex 187.569 153.283 1.4
    endloop
  endfacet
  facet normal -0 0 1
    outer loop
      vertex 187.008 158.978 1.4
      vertex 187.268 153.689 1.4
      vertex 187.268 159.411 1.4
    endloop
  endfacet
  facet normal 0 0 1
    outer loop
      vertex 187.008 158.978 1.4
      vertex 187.008 154.122 1.4
      vertex 187.268 153.689 1.4
    endloop
  endfacet
  facet normal -0 0 1
    outer loop
      vertex 186.792 158.521 1.4
      vertex 187.008 154.122 1.4
      vertex 187.008 158.978 1.4
    endloop
  endfacet
  facet normal 0 0 1
    outer loop
      vertex 186.792 158.521 1.4
      vertex 186.792 154.579 1.4
      vertex 187.008 154.122 1.4
    endloop
  endfacet
  facet normal -0 0 1
    outer loop
      vertex 186.622 158.045 1.4
      vertex 186.792 154.579 1.4
      vertex 186.792 158.521 1.4
    endloop
  endfacet
  facet normal 0 0 1
    outer loop
      vertex 186.622 158.045 1.4
      vertex 186.622 155.055 1.4
      vertex 186.792 154.579 1.4
    endloop
  endfacet
  facet normal -0 0 1
    outer loop
      vertex 186.499 157.555 1.4
      vertex 186.622 155.055 1.4
      vertex 186.622 158.045 1.4
    endloop
  endfacet
  facet normal 0 0 1
    outer loop
      vertex 186.499 157.555 1.4
      vertex 186.499 155.545 1.4
      vertex 186.622 155.055 1.4
    endloop
  endfacet
  facet normal -0 0 1
    outer loop
      vertex 186.425 157.055 1.4
      vertex 186.499 155.545 1.4
      vertex 186.499 157.555 1.4
    endloop
  endfacet
  facet normal 0 0 1
    outer loop
      vertex 186.425 157.055 1.4
      vertex 186.425 156.045 1.4
      vertex 186.499 155.545 1.4
    endloop
  endfacet
  facet normal 0 -0 1
    outer loop
      vertex 186.425 156.045 1.4
      vertex 186.425 157.055 1.4
      vertex 186.4 156.55 1.4
    endloop
  endfacet
  facet normal 0.803312 0.595559 0
    outer loop
      vertex 187.569 153.283 3.2
      vertex 187.268 153.689 1.4
      vertex 187.268 153.689 3.2
    endloop
  endfacet
  facet normal 0.803312 0.595559 0
    outer loop
      vertex 187.268 153.689 1.4
      vertex 187.569 153.283 3.2
      vertex 187.569 153.283 1.4
    endloop
  endfacet
  facet normal 0.998777 -0.0494444 0
    outer loop
      vertex 186.4 156.55 3.2
      vertex 186.425 157.055 1.4
      vertex 186.425 157.055 3.2
    endloop
  endfacet
  facet normal 0.998777 -0.0494444 0
    outer loop
      vertex 186.425 157.055 1.4
      vertex 186.4 156.55 3.2
      vertex 186.4 156.55 1.4
    endloop
  endfacet
  facet normal -0.741817 0.670602 0
    outer loop
      vertex 195.192 152.908 1.4
      vertex 195.531 153.283 3.2
      vertex 195.531 153.283 1.4
    endloop
  endfacet
  facet normal -0.741817 0.670602 0
    outer loop
      vertex 195.531 153.283 3.2
      vertex 195.192 152.908 1.4
      vertex 195.192 152.908 3.2
    endloop
  endfacet
  facet normal 0.595293 -0.803509 0
    outer loop
      vertex 47.621 127.899 0
      vertex 47.9166 128.118 2
      vertex 47.621 127.899 2
    endloop
  endfacet
  facet normal 0.595293 -0.803509 0
    outer loop
      vertex 47.9166 128.118 2
      vertex 47.621 127.899 0
      vertex 47.9166 128.118 0
    endloop
  endfacet
  facet normal 0.671454 -0.741046 0
    outer loop
      vertex 47.3484 127.652 0
      vertex 47.621 127.899 2
      vertex 47.3484 127.652 2
    endloop
  endfacet
  facet normal 0.671454 -0.741046 0
    outer loop
      vertex 47.621 127.899 2
      vertex 47.3484 127.652 0
      vertex 47.621 127.899 0
    endloop
  endfacet
  facet normal 0.741266 -0.671212 0
    outer loop
      vertex 47.1012 127.379 2
      vertex 47.3484 127.652 0
      vertex 47.3484 127.652 2
    endloop
  endfacet
  facet normal 0.741266 -0.671212 0
    outer loop
      vertex 47.3484 127.652 0
      vertex 47.1012 127.379 2
      vertex 47.1012 127.379 0
    endloop
  endfacet
  facet normal 0.803634 -0.595124 0
    outer loop
      vertex 46.882 127.083 2
      vertex 47.1012 127.379 0
      vertex 47.1012 127.379 2
    endloop
  endfacet
  facet normal 0.803634 -0.595124 0
    outer loop
      vertex 47.1012 127.379 0
      vertex 46.882 127.083 2
      vertex 46.882 127.083 0
    endloop
  endfacet
  facet normal 0.857253 -0.514896 0
    outer loop
      vertex 46.6928 126.768 2
      vertex 46.882 127.083 0
      vertex 46.882 127.083 2
    endloop
  endfacet
  facet normal 0.857253 -0.514896 0
    outer loop
      vertex 46.882 127.083 0
      vertex 46.6928 126.768 2
      vertex 46.6928 126.768 0
    endloop
  endfacet
  facet normal 0.904196 -0.427117 0
    outer loop
      vertex 46.5355 126.435 2
      vertex 46.6928 126.768 0
      vertex 46.6928 126.768 2
    endloop
  endfacet
  facet normal 0.904196 -0.427117 0
    outer loop
      vertex 46.6928 126.768 0
      vertex 46.5355 126.435 2
      vertex 46.5355 126.435 0
    endloop
  endfacet
  facet normal 0.941372 -0.33737 0
    outer loop
      vertex 46.4115 126.089 2
      vertex 46.5355 126.435 0
      vertex 46.5355 126.435 2
    endloop
  endfacet
  facet normal 0.941372 -0.33737 0
    outer loop
      vertex 46.5355 126.435 0
      vertex 46.4115 126.089 2
      vertex 46.4115 126.089 0
    endloop
  endfacet
  facet normal 0.970047 -0.242919 0
    outer loop
      vertex 46.3221 125.732 2
      vertex 46.4115 126.089 0
      vertex 46.4115 126.089 2
    endloop
  endfacet
  facet normal 0.970047 -0.242919 0
    outer loop
      vertex 46.4115 126.089 0
      vertex 46.3221 125.732 2
      vertex 46.3221 125.732 0
    endloop
  endfacet
  facet normal 0.989174 -0.146746 0
    outer loop
      vertex 46.2681 125.368 2
      vertex 46.3221 125.732 0
      vertex 46.3221 125.732 2
    endloop
  endfacet
  facet normal 0.989174 -0.146746 0
    outer loop
      vertex 46.3221 125.732 0
      vertex 46.2681 125.368 2
      vertex 46.2681 125.368 0
    endloop
  endfacet
  facet normal 0.998793 -0.0491254 0
    outer loop
      vertex 46.25 125 2
      vertex 46.2681 125.368 0
      vertex 46.2681 125.368 2
    endloop
  endfacet
  facet normal 0.998793 -0.0491254 0
    outer loop
      vertex 46.2681 125.368 0
      vertex 46.25 125 2
      vertex 46.25 125 0
    endloop
  endfacet
  facet normal 0.998793 0.0491254 0
    outer loop
      vertex 46.2681 124.632 2
      vertex 46.25 125 0
      vertex 46.25 125 2
    endloop
  endfacet
  facet normal 0.998793 0.0491254 0
    outer loop
      vertex 46.25 125 0
      vertex 46.2681 124.632 2
      vertex 46.2681 124.632 0
    endloop
  endfacet
  facet normal 0.989174 0.146746 0
    outer loop
      vertex 46.3221 124.268 2
      vertex 46.2681 124.632 0
      vertex 46.2681 124.632 2
    endloop
  endfacet
  facet normal 0.989174 0.146746 0
    outer loop
      vertex 46.2681 124.632 0
      vertex 46.3221 124.268 2
      vertex 46.3221 124.268 0
    endloop
  endfacet
  facet normal 0.970047 0.242919 0
    outer loop
      vertex 46.4115 123.911 2
      vertex 46.3221 124.268 0
      vertex 46.3221 124.268 2
    endloop
  endfacet
  facet normal 0.970047 0.242919 0
    outer loop
      vertex 46.3221 124.268 0
      vertex 46.4115 123.911 2
      vertex 46.4115 123.911 0
    endloop
  endfacet
  facet normal 0.941372 0.33737 0
    outer loop
      vertex 46.5355 123.565 2
      vertex 46.4115 123.911 0
      vertex 46.4115 123.911 2
    endloop
  endfacet
  facet normal 0.941372 0.33737 0
    outer loop
      vertex 46.4115 123.911 0
      vertex 46.5355 123.565 2
      vertex 46.5355 123.565 0
    endloop
  endfacet
  facet normal 0.904196 0.427117 0
    outer loop
      vertex 46.6928 123.232 2
      vertex 46.5355 123.565 0
      vertex 46.5355 123.565 2
    endloop
  endfacet
  facet normal 0.904196 0.427117 0
    outer loop
      vertex 46.5355 123.565 0
      vertex 46.6928 123.232 2
      vertex 46.6928 123.232 0
    endloop
  endfacet
  facet normal 0.857253 0.514896 0
    outer loop
      vertex 46.882 122.917 2
      vertex 46.6928 123.232 0
      vertex 46.6928 123.232 2
    endloop
  endfacet
  facet normal 0.857253 0.514896 0
    outer loop
      vertex 46.6928 123.232 0
      vertex 46.882 122.917 2
      vertex 46.882 122.917 0
    endloop
  endfacet
  facet normal 0.803634 0.595124 0
    outer loop
      vertex 47.1012 122.621 2
      vertex 46.882 122.917 0
      vertex 46.882 122.917 2
    endloop
  endfacet
  facet normal 0.803634 0.595124 0
    outer loop
      vertex 46.882 122.917 0
      vertex 47.1012 122.621 2
      vertex 47.1012 122.621 0
    endloop
  endfacet
  facet normal 0.741266 0.671212 0
    outer loop
      vertex 47.3484 122.348 2
      vertex 47.1012 122.621 0
      vertex 47.1012 122.621 2
    endloop
  endfacet
  facet normal 0.741266 0.671212 0
    outer loop
      vertex 47.1012 122.621 0
      vertex 47.3484 122.348 2
      vertex 47.3484 122.348 0
    endloop
  endfacet
  facet normal 0.671454 0.741046 -0
    outer loop
      vertex 47.621 122.101 0
      vertex 47.3484 122.348 2
      vertex 47.621 122.101 2
    endloop
  endfacet
  facet normal 0.671454 0.741046 0
    outer loop
      vertex 47.3484 122.348 2
      vertex 47.621 122.101 0
      vertex 47.3484 122.348 0
    endloop
  endfacet
  facet normal 0.595293 0.803509 -0
    outer loop
      vertex 47.9166 121.882 0
      vertex 47.621 122.101 2
      vertex 47.9166 121.882 2
    endloop
  endfacet
  facet normal 0.595293 0.803509 0
    outer loop
      vertex 47.621 122.101 2
      vertex 47.9166 121.882 0
      vertex 47.621 122.101 0
    endloop
  endfacet
  facet normal 0.513656 0.857996 -0
    outer loop
      vertex 48.2323 121.693 0
      vertex 47.9166 121.882 2
      vertex 48.2323 121.693 2
    endloop
  endfacet
  facet normal 0.513656 0.857996 0
    outer loop
      vertex 47.9166 121.882 2
      vertex 48.2323 121.693 0
      vertex 47.9166 121.882 0
    endloop
  endfacet
  facet normal 0.42909 0.903262 -0
    outer loop
      vertex 48.5649 121.535 0
      vertex 48.2323 121.693 2
      vertex 48.5649 121.535 2
    endloop
  endfacet
  facet normal 0.42909 0.903262 0
    outer loop
      vertex 48.2323 121.693 2
      vertex 48.5649 121.535 0
      vertex 48.2323 121.693 0
    endloop
  endfacet
  facet normal 0.336939 0.941527 -0
    outer loop
      vertex 48.9114 121.411 0
      vertex 48.5649 121.535 2
      vertex 48.9114 121.411 2
    endloop
  endfacet
  facet normal 0.336939 0.941527 0
    outer loop
      vertex 48.5649 121.535 2
      vertex 48.9114 121.411 0
      vertex 48.5649 121.535 0
    endloop
  endfacet
  facet normal 0.241896 0.970302 -0
    outer loop
      vertex 49.2684 121.322 0
      vertex 48.9114 121.411 2
      vertex 49.2684 121.322 2
    endloop
  endfacet
  facet normal 0.241896 0.970302 0
    outer loop
      vertex 48.9114 121.411 2
      vertex 49.2684 121.322 0
      vertex 48.9114 121.411 0
    endloop
  endfacet
  facet normal 0.146746 0.989174 -0
    outer loop
      vertex 49.6324 121.268 0
      vertex 49.2684 121.322 2
      vertex 49.6324 121.268 2
    endloop
  endfacet
  facet normal 0.146746 0.989174 0
    outer loop
      vertex 49.2684 121.322 2
      vertex 49.6324 121.268 0
      vertex 49.2684 121.322 0
    endloop
  endfacet
  facet normal 0.0489077 0.998803 -0
    outer loop
      vertex 50 121.25 0
      vertex 49.6324 121.268 2
      vertex 50 121.25 2
    endloop
  endfacet
  facet normal 0.0489077 0.998803 0
    outer loop
      vertex 49.6324 121.268 2
      vertex 50 121.25 0
      vertex 49.6324 121.268 0
    endloop
  endfacet
  facet normal -0.0489077 0.998803 0
    outer loop
      vertex 50.3676 121.268 0
      vertex 50 121.25 2
      vertex 50.3676 121.268 2
    endloop
  endfacet
  facet normal -0.0489077 0.998803 0
    outer loop
      vertex 50 121.25 2
      vertex 50.3676 121.268 0
      vertex 50 121.25 0
    endloop
  endfacet
  facet normal -0.146746 0.989174 0
    outer loop
      vertex 50.7316 121.322 0
      vertex 50.3676 121.268 2
      vertex 50.7316 121.322 2
    endloop
  endfacet
  facet normal -0.146746 0.989174 0
    outer loop
      vertex 50.3676 121.268 2
      vertex 50.7316 121.322 0
      vertex 50.3676 121.268 0
    endloop
  endfacet
  facet normal -0.241896 0.970302 0
    outer loop
      vertex 51.0886 121.411 0
      vertex 50.7316 121.322 2
      vertex 51.0886 121.411 2
    endloop
  endfacet
  facet normal -0.241896 0.970302 0
    outer loop
      vertex 50.7316 121.322 2
      vertex 51.0886 121.411 0
      vertex 50.7316 121.322 0
    endloop
  endfacet
  facet normal -0.336939 0.941527 0
    outer loop
      vertex 51.4351 121.535 0
      vertex 51.0886 121.411 2
      vertex 51.4351 121.535 2
    endloop
  endfacet
  facet normal -0.336939 0.941527 0
    outer loop
      vertex 51.0886 121.411 2
      vertex 51.4351 121.535 0
      vertex 51.0886 121.411 0
    endloop
  endfacet
  facet normal -0.42909 0.903262 0
    outer loop
      vertex 51.7677 121.693 0
      vertex 51.4351 121.535 2
      vertex 51.7677 121.693 2
    endloop
  endfacet
  facet normal -0.42909 0.903262 0
    outer loop
      vertex 51.4351 121.535 2
      vertex 51.7677 121.693 0
      vertex 51.4351 121.535 0
    endloop
  endfacet
  facet normal -0.513656 0.857996 0
    outer loop
      vertex 52.0834 121.882 0
      vertex 51.7677 121.693 2
      vertex 52.0834 121.882 2
    endloop
  endfacet
  facet normal -0.513656 0.857996 0
    outer loop
      vertex 51.7677 121.693 2
      vertex 52.0834 121.882 0
      vertex 51.7677 121.693 0
    endloop
  endfacet
  facet normal -0.595293 0.803509 0
    outer loop
      vertex 52.379 122.101 0
      vertex 52.0834 121.882 2
      vertex 52.379 122.101 2
    endloop
  endfacet
  facet normal -0.595293 0.803509 0
    outer loop
      vertex 52.0834 121.882 2
      vertex 52.379 122.101 0
      vertex 52.0834 121.882 0
    endloop
  endfacet
  facet normal -0.671454 0.741046 0
    outer loop
      vertex 52.6516 122.348 0
      vertex 52.379 122.101 2
      vertex 52.6516 122.348 2
    endloop
  endfacet
  facet normal -0.671454 0.741046 0
    outer loop
      vertex 52.379 122.101 2
      vertex 52.6516 122.348 0
      vertex 52.379 122.101 0
    endloop
  endfacet
  facet normal -0.741266 0.671212 0
    outer loop
      vertex 52.6516 122.348 0
      vertex 52.8988 122.621 2
      vertex 52.8988 122.621 0
    endloop
  endfacet
  facet normal -0.741266 0.671212 0
    outer loop
      vertex 52.8988 122.621 2
      vertex 52.6516 122.348 0
      vertex 52.6516 122.348 2
    endloop
  endfacet
  facet normal -0.803634 0.595124 0
    outer loop
      vertex 52.8988 122.621 0
      vertex 53.118 122.917 2
      vertex 53.118 122.917 0
    endloop
  endfacet
  facet normal -0.803634 0.595124 0
    outer loop
      vertex 53.118 122.917 2
      vertex 52.8988 122.621 0
      vertex 52.8988 122.621 2
    endloop
  endfacet
  facet normal -0.857253 0.514896 0
    outer loop
      vertex 53.118 122.917 0
      vertex 53.3072 123.232 2
      vertex 53.3072 123.232 0
    endloop
  endfacet
  facet normal -0.857253 0.514896 0
    outer loop
      vertex 53.3072 123.232 2
      vertex 53.118 122.917 0
      vertex 53.118 122.917 2
    endloop
  endfacet
  facet normal -0.904196 0.427117 0
    outer loop
      vertex 53.3072 123.232 0
      vertex 53.4645 123.565 2
      vertex 53.4645 123.565 0
    endloop
  endfacet
  facet normal -0.904196 0.427117 0
    outer loop
      vertex 53.4645 123.565 2
      vertex 53.3072 123.232 0
      vertex 53.3072 123.232 2
    endloop
  endfacet
  facet normal -0.941372 0.33737 0
    outer loop
      vertex 53.4645 123.565 0
      vertex 53.5885 123.911 2
      vertex 53.5885 123.911 0
    endloop
  endfacet
  facet normal -0.941372 0.33737 0
    outer loop
      vertex 53.5885 123.911 2
      vertex 53.4645 123.565 0
      vertex 53.4645 123.565 2
    endloop
  endfacet
  facet normal -0.970047 0.242919 0
    outer loop
      vertex 53.5885 123.911 0
      vertex 53.6779 124.268 2
      vertex 53.6779 124.268 0
    endloop
  endfacet
  facet normal -0.970047 0.242919 0
    outer loop
      vertex 53.6779 124.268 2
      vertex 53.5885 123.911 0
      vertex 53.5885 123.911 2
    endloop
  endfacet
  facet normal -0.989174 0.146746 0
    outer loop
      vertex 53.6779 124.268 0
      vertex 53.7319 124.632 2
      vertex 53.7319 124.632 0
    endloop
  endfacet
  facet normal -0.989174 0.146746 0
    outer loop
      vertex 53.7319 124.632 2
      vertex 53.6779 124.268 0
      vertex 53.6779 124.268 2
    endloop
  endfacet
  facet normal -0.998793 0.0491254 0
    outer loop
      vertex 53.7319 124.632 0
      vertex 53.75 125 2
      vertex 53.75 125 0
    endloop
  endfacet
  facet normal -0.998793 0.0491254 0
    outer loop
      vertex 53.75 125 2
      vertex 53.7319 124.632 0
      vertex 53.7319 124.632 2
    endloop
  endfacet
  facet normal -0.998793 -0.0491254 0
    outer loop
      vertex 53.75 125 0
      vertex 53.7319 125.368 2
      vertex 53.7319 125.368 0
    endloop
  endfacet
  facet normal -0.998793 -0.0491254 0
    outer loop
      vertex 53.7319 125.368 2
      vertex 53.75 125 0
      vertex 53.75 125 2
    endloop
  endfacet
  facet normal -0.989174 -0.146746 0
    outer loop
      vertex 53.7319 125.368 0
      vertex 53.6779 125.732 2
      vertex 53.6779 125.732 0
    endloop
  endfacet
  facet normal -0.989174 -0.146746 0
    outer loop
      vertex 53.6779 125.732 2
      vertex 53.7319 125.368 0
      vertex 53.7319 125.368 2
    endloop
  endfacet
  facet normal -0.970047 -0.242919 0
    outer loop
      vertex 53.6779 125.732 0
      vertex 53.5885 126.089 2
      vertex 53.5885 126.089 0
    endloop
  endfacet
  facet normal -0.970047 -0.242919 0
    outer loop
      vertex 53.5885 126.089 2
      vertex 53.6779 125.732 0
      vertex 53.6779 125.732 2
    endloop
  endfacet
  facet normal -0.941372 -0.33737 0
    outer loop
      vertex 53.5885 126.089 0
      vertex 53.4645 126.435 2
      vertex 53.4645 126.435 0
    endloop
  endfacet
  facet normal -0.941372 -0.33737 0
    outer loop
      vertex 53.4645 126.435 2
      vertex 53.5885 126.089 0
      vertex 53.5885 126.089 2
    endloop
  endfacet
  facet normal -0.904196 -0.427117 0
    outer loop
      vertex 53.4645 126.435 0
      vertex 53.3072 126.768 2
      vertex 53.3072 126.768 0
    endloop
  endfacet
  facet normal -0.904196 -0.427117 0
    outer loop
      vertex 53.3072 126.768 2
      vertex 53.4645 126.435 0
      vertex 53.4645 126.435 2
    endloop
  endfacet
  facet normal -0.857253 -0.514896 0
    outer loop
      vertex 53.3072 126.768 0
      vertex 53.118 127.083 2
      vertex 53.118 127.083 0
    endloop
  endfacet
  facet normal -0.857253 -0.514896 0
    outer loop
      vertex 53.118 127.083 2
      vertex 53.3072 126.768 0
      vertex 53.3072 126.768 2
    endloop
  endfacet
  facet normal -0.803634 -0.595124 0
    outer loop
      vertex 53.118 127.083 0
      vertex 52.8988 127.379 2
      vertex 52.8988 127.379 0
    endloop
  endfacet
  facet normal -0.803634 -0.595124 0
    outer loop
      vertex 52.8988 127.379 2
      vertex 53.118 127.083 0
      vertex 53.118 127.083 2
    endloop
  endfacet
  facet normal -0.741266 -0.671212 0
    outer loop
      vertex 52.8988 127.379 0
      vertex 52.6516 127.652 2
      vertex 52.6516 127.652 0
    endloop
  endfacet
  facet normal -0.741266 -0.671212 0
    outer loop
      vertex 52.6516 127.652 2
      vertex 52.8988 127.379 0
      vertex 52.8988 127.379 2
    endloop
  endfacet
  facet normal -0.671454 -0.741046 0
    outer loop
      vertex 52.379 127.899 0
      vertex 52.6516 127.652 2
      vertex 52.379 127.899 2
    endloop
  endfacet
  facet normal -0.671454 -0.741046 -0
    outer loop
      vertex 52.6516 127.652 2
      vertex 52.379 127.899 0
      vertex 52.6516 127.652 0
    endloop
  endfacet
  facet normal -0.595293 -0.803509 0
    outer loop
      vertex 52.0834 128.118 0
      vertex 52.379 127.899 2
      vertex 52.0834 128.118 2
    endloop
  endfacet
  facet normal -0.595293 -0.803509 -0
    outer loop
      vertex 52.379 127.899 2
      vertex 52.0834 128.118 0
      vertex 52.379 127.899 0
    endloop
  endfacet
  facet normal -0.514407 -0.857546 0
    outer loop
      vertex 51.8 128.288 0
      vertex 52.0834 128.118 2
      vertex 51.8 128.288 2
    endloop
  endfacet
  facet normal -0.514407 -0.857546 -0
    outer loop
      vertex 52.0834 128.118 2
      vertex 51.8 128.288 0
      vertex 52.0834 128.118 0
    endloop
  endfacet
  facet normal -1 0 0
    outer loop
      vertex 51.8 128.288 0
      vertex 51.8 132 2
      vertex 51.8 132 0
    endloop
  endfacet
  facet normal -1 -0 0
    outer loop
      vertex 51.8 132 2
      vertex 51.8 128.288 0
      vertex 51.8 128.288 2
    endloop
  endfacet
  facet normal -0.99878 -0.0493715 0
    outer loop
      vertex 51.8 132 0
      vertex 51.7913 132.176 2
      vertex 51.7913 132.176 0
    endloop
  endfacet
  facet normal -0.99878 -0.0493715 0
    outer loop
      vertex 51.7913 132.176 2
      vertex 51.8 132 0
      vertex 51.8 132 2
    endloop
  endfacet
  facet normal -0.989225 -0.146405 0
    outer loop
      vertex 51.7913 132.176 0
      vertex 51.7654 132.351 2
      vertex 51.7654 132.351 0
    endloop
  endfacet
  facet normal -0.989225 -0.146405 0
    outer loop
      vertex 51.7654 132.351 2
      vertex 51.7913 132.176 0
      vertex 51.7913 132.176 2
    endloop
  endfacet
  facet normal -0.970275 -0.242005 0
    outer loop
      vertex 51.7654 132.351 0
      vertex 51.7225 132.523 2
      vertex 51.7225 132.523 0
    endloop
  endfacet
  facet normal -0.970275 -0.242005 0
    outer loop
      vertex 51.7225 132.523 2
      vertex 51.7654 132.351 0
      vertex 51.7654 132.351 2
    endloop
  endfacet
  facet normal -0.941356 -0.337414 0
    outer loop
      vertex 51.7225 132.523 0
      vertex 51.663 132.689 2
      vertex 51.663 132.689 0
    endloop
  endfacet
  facet normal -0.941356 -0.337414 0
    outer loop
      vertex 51.663 132.689 2
      vertex 51.7225 132.523 0
      vertex 51.7225 132.523 2
    endloop
  endfacet
  facet normal -0.904152 -0.427212 0
    outer loop
      vertex 51.663 132.689 0
      vertex 51.5874 132.849 2
      vertex 51.5874 132.849 0
    endloop
  endfacet
  facet normal -0.904152 -0.427212 0
    outer loop
      vertex 51.5874 132.849 2
      vertex 51.663 132.689 0
      vertex 51.663 132.689 2
    endloop
  endfacet
  facet normal -0.856992 -0.51533 0
    outer loop
      vertex 51.5874 132.849 0
      vertex 51.4966 133 2
      vertex 51.4966 133 0
    endloop
  endfacet
  facet normal -0.856992 -0.51533 0
    outer loop
      vertex 51.4966 133 2
      vertex 51.5874 132.849 0
      vertex 51.5874 132.849 2
    endloop
  endfacet
  facet normal -0.803517 -0.595282 0
    outer loop
      vertex 51.4966 133 0
      vertex 51.3914 133.142 2
      vertex 51.3914 133.142 0
    endloop
  endfacet
  facet normal -0.803517 -0.595282 0
    outer loop
      vertex 51.3914 133.142 2
      vertex 51.4966 133 0
      vertex 51.4966 133 2
    endloop
  endfacet
  facet normal -0.741321 -0.67115 0
    outer loop
      vertex 51.3914 133.142 0
      vertex 51.2728 133.273 2
      vertex 51.2728 133.273 0
    endloop
  endfacet
  facet normal -0.741321 -0.67115 0
    outer loop
      vertex 51.2728 133.273 2
      vertex 51.3914 133.142 0
      vertex 51.3914 133.142 2
    endloop
  endfacet
  facet normal -0.66956 -0.742758 0
    outer loop
      vertex 51.1419 133.391 0
      vertex 51.2728 133.273 2
      vertex 51.1419 133.391 2
    endloop
  endfacet
  facet normal -0.66956 -0.742758 -0
    outer loop
      vertex 51.2728 133.273 2
      vertex 51.1419 133.391 0
      vertex 51.2728 133.273 0
    endloop
  endfacet
  facet normal -0.598463 -0.80115 0
    outer loop
      vertex 51 133.497 0
      vertex 51.1419 133.391 2
      vertex 51 133.497 2
    endloop
  endfacet
  facet normal -0.598463 -0.80115 -0
    outer loop
      vertex 51.1419 133.391 2
      vertex 51 133.497 0
      vertex 51.1419 133.391 0
    endloop
  endfacet
  facet normal -0.510735 -0.859738 0
    outer loop
      vertex 50.8485 133.587 0
      vertex 51 133.497 2
      vertex 50.8485 133.587 2
    endloop
  endfacet
  facet normal -0.510735 -0.859738 -0
    outer loop
      vertex 51 133.497 2
      vertex 50.8485 133.587 0
      vertex 51 133.497 0
    endloop
  endfacet
  facet normal -0.429714 -0.902965 0
    outer loop
      vertex 50.6888 133.663 0
      vertex 50.8485 133.587 2
      vertex 50.6888 133.663 2
    endloop
  endfacet
  facet normal -0.429714 -0.902965 -0
    outer loop
      vertex 50.8485 133.587 2
      vertex 50.6888 133.663 0
      vertex 50.8485 133.587 0
    endloop
  endfacet
  facet normal -0.334361 -0.942445 0
    outer loop
      vertex 50.5225 133.722 0
      vertex 50.6888 133.663 2
      vertex 50.5225 133.722 2
    endloop
  endfacet
  facet normal -0.334361 -0.942445 -0
    outer loop
      vertex 50.6888 133.663 2
      vertex 50.5225 133.722 0
      vertex 50.6888 133.663 0
    endloop
  endfacet
  facet normal -0.243468 -0.969909 0
    outer loop
      vertex 50.3512 133.765 0
      vertex 50.5225 133.722 2
      vertex 50.3512 133.765 2
    endloop
  endfacet
  facet normal -0.243468 -0.969909 -0
    outer loop
      vertex 50.5225 133.722 2
      vertex 50.3512 133.765 0
      vertex 50.5225 133.722 0
    endloop
  endfacet
  facet normal -0.147123 -0.989118 0
    outer loop
      vertex 50.1764 133.791 0
      vertex 50.3512 133.765 2
      vertex 50.1764 133.791 2
    endloop
  endfacet
  facet normal -0.147123 -0.989118 -0
    outer loop
      vertex 50.3512 133.765 2
      vertex 50.1764 133.791 0
      vertex 50.3512 133.765 0
    endloop
  endfacet
  facet normal -0.0509541 -0.998701 0
    outer loop
      vertex 50 133.8 0
      vertex 50.1764 133.791 2
      vertex 50 133.8 2
    endloop
  endfacet
  facet normal -0.0509541 -0.998701 -0
    outer loop
      vertex 50.1764 133.791 2
      vertex 50 133.8 0
      vertex 50.1764 133.791 0
    endloop
  endfacet
  facet normal 0.0509541 -0.998701 0
    outer loop
      vertex 49.8236 133.791 0
      vertex 50 133.8 2
      vertex 49.8236 133.791 2
    endloop
  endfacet
  facet normal 0.0509541 -0.998701 0
    outer loop
      vertex 50 133.8 2
      vertex 49.8236 133.791 0
      vertex 50 133.8 0
    endloop
  endfacet
  facet normal 0.147123 -0.989118 0
    outer loop
      vertex 49.6488 133.765 0
      vertex 49.8236 133.791 2
      vertex 49.6488 133.765 2
    endloop
  endfacet
  facet normal 0.147123 -0.989118 0
    outer loop
      vertex 49.8236 133.791 2
      vertex 49.6488 133.765 0
      vertex 49.8236 133.791 0
    endloop
  endfacet
  facet normal 0.243468 -0.969909 0
    outer loop
      vertex 49.4775 133.722 0
      vertex 49.6488 133.765 2
      vertex 49.4775 133.722 2
    endloop
  endfacet
  facet normal 0.243468 -0.969909 0
    outer loop
      vertex 49.6488 133.765 2
      vertex 49.4775 133.722 0
      vertex 49.6488 133.765 0
    endloop
  endfacet
  facet normal 0.334361 -0.942445 0
    outer loop
      vertex 49.3112 133.663 0
      vertex 49.4775 133.722 2
      vertex 49.3112 133.663 2
    endloop
  endfacet
  facet normal 0.334361 -0.942445 0
    outer loop
      vertex 49.4775 133.722 2
      vertex 49.3112 133.663 0
      vertex 49.4775 133.722 0
    endloop
  endfacet
  facet normal 0.429714 -0.902965 0
    outer loop
      vertex 49.1515 133.587 0
      vertex 49.3112 133.663 2
      vertex 49.1515 133.587 2
    endloop
  endfacet
  facet normal 0.429714 -0.902965 0
    outer loop
      vertex 49.3112 133.663 2
      vertex 49.1515 133.587 0
      vertex 49.3112 133.663 0
    endloop
  endfacet
  facet normal 0.510735 -0.859738 0
    outer loop
      vertex 49 133.497 0
      vertex 49.1515 133.587 2
      vertex 49 133.497 2
    endloop
  endfacet
  facet normal 0.510735 -0.859738 0
    outer loop
      vertex 49.1515 133.587 2
      vertex 49 133.497 0
      vertex 49.1515 133.587 0
    endloop
  endfacet
  facet normal 0.598463 -0.80115 0
    outer loop
      vertex 48.8581 133.391 0
      vertex 49 133.497 2
      vertex 48.8581 133.391 2
    endloop
  endfacet
  facet normal 0.598463 -0.80115 0
    outer loop
      vertex 49 133.497 2
      vertex 48.8581 133.391 0
      vertex 49 133.497 0
    endloop
  endfacet
  facet normal 0.66956 -0.742758 0
    outer loop
      vertex 48.7272 133.273 0
      vertex 48.8581 133.391 2
      vertex 48.7272 133.273 2
    endloop
  endfacet
  facet normal 0.66956 -0.742758 0
    outer loop
      vertex 48.8581 133.391 2
      vertex 48.7272 133.273 0
      vertex 48.8581 133.391 0
    endloop
  endfacet
  facet normal 0.741321 -0.67115 0
    outer loop
      vertex 48.6086 133.142 2
      vertex 48.7272 133.273 0
      vertex 48.7272 133.273 2
    endloop
  endfacet
  facet normal 0.741321 -0.67115 0
    outer loop
      vertex 48.7272 133.273 0
      vertex 48.6086 133.142 2
      vertex 48.6086 133.142 0
    endloop
  endfacet
  facet normal 0.803517 -0.595282 0
    outer loop
      vertex 48.5034 133 2
      vertex 48.6086 133.142 0
      vertex 48.6086 133.142 2
    endloop
  endfacet
  facet normal 0.803517 -0.595282 0
    outer loop
      vertex 48.6086 133.142 0
      vertex 48.5034 133 2
      vertex 48.5034 133 0
    endloop
  endfacet
  facet normal 0.856992 -0.51533 0
    outer loop
      vertex 48.4126 132.849 2
      vertex 48.5034 133 0
      vertex 48.5034 133 2
    endloop
  endfacet
  facet normal 0.856992 -0.51533 0
    outer loop
      vertex 48.5034 133 0
      vertex 48.4126 132.849 2
      vertex 48.4126 132.849 0
    endloop
  endfacet
  facet normal 0.904152 -0.427212 0
    outer loop
      vertex 48.337 132.689 2
      vertex 48.4126 132.849 0
      vertex 48.4126 132.849 2
    endloop
  endfacet
  facet normal 0.904152 -0.427212 0
    outer loop
      vertex 48.4126 132.849 0
      vertex 48.337 132.689 2
      vertex 48.337 132.689 0
    endloop
  endfacet
  facet normal 0.941356 -0.337414 0
    outer loop
      vertex 48.2775 132.523 2
      vertex 48.337 132.689 0
      vertex 48.337 132.689 2
    endloop
  endfacet
  facet normal 0.941356 -0.337414 0
    outer loop
      vertex 48.337 132.689 0
      vertex 48.2775 132.523 2
      vertex 48.2775 132.523 0
    endloop
  endfacet
  facet normal 0.970275 -0.242005 0
    outer loop
      vertex 48.2346 132.351 2
      vertex 48.2775 132.523 0
      vertex 48.2775 132.523 2
    endloop
  endfacet
  facet normal 0.970275 -0.242005 0
    outer loop
      vertex 48.2775 132.523 0
      vertex 48.2346 132.351 2
      vertex 48.2346 132.351 0
    endloop
  endfacet
  facet normal 0.989225 -0.146405 0
    outer loop
      vertex 48.2087 132.176 2
      vertex 48.2346 132.351 0
      vertex 48.2346 132.351 2
    endloop
  endfacet
  facet normal 0.989225 -0.146405 0
    outer loop
      vertex 48.2346 132.351 0
      vertex 48.2087 132.176 2
      vertex 48.2087 132.176 0
    endloop
  endfacet
  facet normal 0.99878 -0.0493715 0
    outer loop
      vertex 48.2 132 2
      vertex 48.2087 132.176 0
      vertex 48.2087 132.176 2
    endloop
  endfacet
  facet normal 0.99878 -0.0493715 0
    outer loop
      vertex 48.2087 132.176 0
      vertex 48.2 132 2
      vertex 48.2 132 0
    endloop
  endfacet
  facet normal 1 -0 0
    outer loop
      vertex 48.2 128.288 2
      vertex 48.2 132 0
      vertex 48.2 132 2
    endloop
  endfacet
  facet normal 1 0 0
    outer loop
      vertex 48.2 132 0
      vertex 48.2 128.288 2
      vertex 48.2 128.288 0
    endloop
  endfacet
  facet normal 0.514407 -0.857546 0
    outer loop
      vertex 47.9166 128.118 0
      vertex 48.2 128.288 2
      vertex 47.9166 128.118 2
    endloop
  endfacet
  facet normal 0.514407 -0.857546 0
    outer loop
      vertex 48.2 128.288 2
      vertex 47.9166 128.118 0
      vertex 48.2 128.288 0
    endloop
  endfacet
  facet normal 0.594773 -0.803894 0
    outer loop
      vertex 147.621 127.899 0
      vertex 147.917 128.118 2
      vertex 147.621 127.899 2
    endloop
  endfacet
  facet normal 0.594773 -0.803894 0
    outer loop
      vertex 147.917 128.118 2
      vertex 147.621 127.899 0
      vertex 147.917 128.118 0
    endloop
  endfacet
  facet normal 0.670913 -0.741536 0
    outer loop
      vertex 147.348 127.652 0
      vertex 147.621 127.899 2
      vertex 147.348 127.652 2
    endloop
  endfacet
  facet normal 0.670913 -0.741536 0
    outer loop
      vertex 147.621 127.899 2
      vertex 147.348 127.652 0
      vertex 147.621 127.899 0
    endloop
  endfacet
  facet normal 0.741536 -0.670913 0
    outer loop
      vertex 147.101 127.379 2
      vertex 147.348 127.652 0
      vertex 147.348 127.652 2
    endloop
  endfacet
  facet normal 0.741536 -0.670913 0
    outer loop
      vertex 147.348 127.652 0
      vertex 147.101 127.379 2
      vertex 147.101 127.379 0
    endloop
  endfacet
  facet normal 0.803894 -0.594773 0
    outer loop
      vertex 146.882 127.083 2
      vertex 147.101 127.379 0
      vertex 147.101 127.379 2
    endloop
  endfacet
  facet normal 0.803894 -0.594773 0
    outer loop
      vertex 147.101 127.379 0
      vertex 146.882 127.083 2
      vertex 146.882 127.083 0
    endloop
  endfacet
  facet normal 0.857493 -0.514496 0
    outer loop
      vertex 146.693 126.768 2
      vertex 146.882 127.083 0
      vertex 146.882 127.083 2
    endloop
  endfacet
  facet normal 0.857493 -0.514496 0
    outer loop
      vertex 146.882 127.083 0
      vertex 146.693 126.768 2
      vertex 146.693 126.768 0
    endloop
  endfacet
  facet normal 0.903461 -0.428669 0
    outer loop
      vertex 146.535 126.435 2
      vertex 146.693 126.768 0
      vertex 146.693 126.768 2
    endloop
  endfacet
  facet normal 0.903461 -0.428669 0
    outer loop
      vertex 146.693 126.768 0
      vertex 146.535 126.435 2
      vertex 146.535 126.435 0
    endloop
  endfacet
  facet normal 0.941372 -0.33737 0
    outer loop
      vertex 146.411 126.089 2
      vertex 146.535 126.435 0
      vertex 146.535 126.435 2
    endloop
  endfacet
  facet normal 0.941372 -0.33737 0
    outer loop
      vertex 146.535 126.435 0
      vertex 146.411 126.089 2
      vertex 146.411 126.089 0
    endloop
  endfacet
  facet normal 0.970302 -0.241896 0
    outer loop
      vertex 146.322 125.732 2
      vertex 146.411 126.089 0
      vertex 146.411 126.089 2
    endloop
  endfacet
  facet normal 0.970302 -0.241896 0
    outer loop
      vertex 146.411 126.089 0
      vertex 146.322 125.732 2
      vertex 146.322 125.732 0
    endloop
  endfacet
  facet normal 0.989174 -0.146746 0
    outer loop
      vertex 146.268 125.368 2
      vertex 146.322 125.732 0
      vertex 146.322 125.732 2
    endloop
  endfacet
  facet normal 0.989174 -0.146746 0
    outer loop
      vertex 146.322 125.732 0
      vertex 146.268 125.368 2
      vertex 146.268 125.368 0
    endloop
  endfacet
  facet normal 0.998806 -0.0488546 0
    outer loop
      vertex 146.25 125 2
      vertex 146.268 125.368 0
      vertex 146.268 125.368 2
    endloop
  endfacet
  facet normal 0.998806 -0.0488546 0
    outer loop
      vertex 146.268 125.368 0
      vertex 146.25 125 2
      vertex 146.25 125 0
    endloop
  endfacet
  facet normal 0.998806 0.0488546 0
    outer loop
      vertex 146.268 124.632 2
      vertex 146.25 125 0
      vertex 146.25 125 2
    endloop
  endfacet
  facet normal 0.998806 0.0488546 0
    outer loop
      vertex 146.25 125 0
      vertex 146.268 124.632 2
      vertex 146.268 124.632 0
    endloop
  endfacet
  facet normal 0.989174 0.146746 0
    outer loop
      vertex 146.322 124.268 2
      vertex 146.268 124.632 0
      vertex 146.268 124.632 2
    endloop
  endfacet
  facet normal 0.989174 0.146746 0
    outer loop
      vertex 146.268 124.632 0
      vertex 146.322 124.268 2
      vertex 146.322 124.268 0
    endloop
  endfacet
  facet normal 0.970302 0.241896 0
    outer loop
      vertex 146.411 123.911 2
      vertex 146.322 124.268 0
      vertex 146.322 124.268 2
    endloop
  endfacet
  facet normal 0.970302 0.241896 0
    outer loop
      vertex 146.322 124.268 0
      vertex 146.411 123.911 2
      vertex 146.411 123.911 0
    endloop
  endfacet
  facet normal 0.941372 0.33737 0
    outer loop
      vertex 146.535 123.565 2
      vertex 146.411 123.911 0
      vertex 146.411 123.911 2
    endloop
  endfacet
  facet normal 0.941372 0.33737 0
    outer loop
      vertex 146.411 123.911 0
      vertex 146.535 123.565 2
      vertex 146.535 123.565 0
    endloop
  endfacet
  facet normal 0.903461 0.428669 0
    outer loop
      vertex 146.693 123.232 2
      vertex 146.535 123.565 0
      vertex 146.535 123.565 2
    endloop
  endfacet
  facet normal 0.903461 0.428669 0
    outer loop
      vertex 146.535 123.565 0
      vertex 146.693 123.232 2
      vertex 146.693 123.232 0
    endloop
  endfacet
  facet normal 0.857493 0.514496 0
    outer loop
      vertex 146.882 122.917 2
      vertex 146.693 123.232 0
      vertex 146.693 123.232 2
    endloop
  endfacet
  facet normal 0.857493 0.514496 0
    outer loop
      vertex 146.693 123.232 0
      vertex 146.882 122.917 2
      vertex 146.882 122.917 0
    endloop
  endfacet
  facet normal 0.803894 0.594773 0
    outer loop
      vertex 147.101 122.621 2
      vertex 146.882 122.917 0
      vertex 146.882 122.917 2
    endloop
  endfacet
  facet normal 0.803894 0.594773 0
    outer loop
      vertex 146.882 122.917 0
      vertex 147.101 122.621 2
      vertex 147.101 122.621 0
    endloop
  endfacet
  facet normal 0.741536 0.670913 0
    outer loop
      vertex 147.348 122.348 2
      vertex 147.101 122.621 0
      vertex 147.101 122.621 2
    endloop
  endfacet
  facet normal 0.741536 0.670913 0
    outer loop
      vertex 147.101 122.621 0
      vertex 147.348 122.348 2
      vertex 147.348 122.348 0
    endloop
  endfacet
  facet normal 0.670913 0.741536 -0
    outer loop
      vertex 147.621 122.101 0
      vertex 147.348 122.348 2
      vertex 147.621 122.101 2
    endloop
  endfacet
  facet normal 0.670913 0.741536 0
    outer loop
      vertex 147.348 122.348 2
      vertex 147.621 122.101 0
      vertex 147.348 122.348 0
    endloop
  endfacet
  facet normal 0.594773 0.803894 -0
    outer loop
      vertex 147.917 121.882 0
      vertex 147.621 122.101 2
      vertex 147.917 121.882 2
    endloop
  endfacet
  facet normal 0.594773 0.803894 0
    outer loop
      vertex 147.621 122.101 2
      vertex 147.917 121.882 0
      vertex 147.621 122.101 0
    endloop
  endfacet
  facet normal 0.514496 0.857493 -0
    outer loop
      vertex 148.232 121.693 0
      vertex 147.917 121.882 2
      vertex 148.232 121.693 2
    endloop
  endfacet
  facet normal 0.514496 0.857493 0
    outer loop
      vertex 147.917 121.882 2
      vertex 148.232 121.693 0
      vertex 147.917 121.882 0
    endloop
  endfacet
  facet normal 0.428669 0.903461 -0
    outer loop
      vertex 148.565 121.535 0
      vertex 148.232 121.693 2
      vertex 148.565 121.535 2
    endloop
  endfacet
  facet normal 0.428669 0.903461 0
    outer loop
      vertex 148.232 121.693 2
      vertex 148.565 121.535 0
      vertex 148.232 121.693 0
    endloop
  endfacet
  facet normal 0.33737 0.941372 -0
    outer loop
      vertex 148.911 121.411 0
      vertex 148.565 121.535 2
      vertex 148.911 121.411 2
    endloop
  endfacet
  facet normal 0.33737 0.941372 0
    outer loop
      vertex 148.565 121.535 2
      vertex 148.911 121.411 0
      vertex 148.565 121.535 0
    endloop
  endfacet
  facet normal 0.241896 0.970302 -0
    outer loop
      vertex 149.268 121.322 0
      vertex 148.911 121.411 2
      vertex 149.268 121.322 2
    endloop
  endfacet
  facet normal 0.241896 0.970302 0
    outer loop
      vertex 148.911 121.411 2
      vertex 149.268 121.322 0
      vertex 148.911 121.411 0
    endloop
  endfacet
  facet normal 0.146746 0.989174 -0
    outer loop
      vertex 149.632 121.268 0
      vertex 149.268 121.322 2
      vertex 149.632 121.268 2
    endloop
  endfacet
  facet normal 0.146746 0.989174 0
    outer loop
      vertex 149.268 121.322 2
      vertex 149.632 121.268 0
      vertex 149.268 121.322 0
    endloop
  endfacet
  facet normal 0.0488546 0.998806 -0
    outer loop
      vertex 150 121.25 0
      vertex 149.632 121.268 2
      vertex 150 121.25 2
    endloop
  endfacet
  facet normal 0.0488546 0.998806 0
    outer loop
      vertex 149.632 121.268 2
      vertex 150 121.25 0
      vertex 149.632 121.268 0
    endloop
  endfacet
  facet normal -0.0488546 0.998806 0
    outer loop
      vertex 150.368 121.268 0
      vertex 150 121.25 2
      vertex 150.368 121.268 2
    endloop
  endfacet
  facet normal -0.0488546 0.998806 0
    outer loop
      vertex 150 121.25 2
      vertex 150.368 121.268 0
      vertex 150 121.25 0
    endloop
  endfacet
  facet normal -0.146746 0.989174 0
    outer loop
      vertex 150.732 121.322 0
      vertex 150.368 121.268 2
      vertex 150.732 121.322 2
    endloop
  endfacet
  facet normal -0.146746 0.989174 0
    outer loop
      vertex 150.368 121.268 2
      vertex 150.732 121.322 0
      vertex 150.368 121.268 0
    endloop
  endfacet
  facet normal -0.241896 0.970302 0
    outer loop
      vertex 151.089 121.411 0
      vertex 150.732 121.322 2
      vertex 151.089 121.411 2
    endloop
  endfacet
  facet normal -0.241896 0.970302 0
    outer loop
      vertex 150.732 121.322 2
      vertex 151.089 121.411 0
      vertex 150.732 121.322 0
    endloop
  endfacet
  facet normal -0.33737 0.941372 0
    outer loop
      vertex 151.435 121.535 0
      vertex 151.089 121.411 2
      vertex 151.435 121.535 2
    endloop
  endfacet
  facet normal -0.33737 0.941372 0
    outer loop
      vertex 151.089 121.411 2
      vertex 151.435 121.535 0
      vertex 151.089 121.411 0
    endloop
  endfacet
  facet normal -0.428669 0.903461 0
    outer loop
      vertex 151.768 121.693 0
      vertex 151.435 121.535 2
      vertex 151.768 121.693 2
    endloop
  endfacet
  facet normal -0.428669 0.903461 0
    outer loop
      vertex 151.435 121.535 2
      vertex 151.768 121.693 0
      vertex 151.435 121.535 0
    endloop
  endfacet
  facet normal -0.514496 0.857493 0
    outer loop
      vertex 152.083 121.882 0
      vertex 151.768 121.693 2
      vertex 152.083 121.882 2
    endloop
  endfacet
  facet normal -0.514496 0.857493 0
    outer loop
      vertex 151.768 121.693 2
      vertex 152.083 121.882 0
      vertex 151.768 121.693 0
    endloop
  endfacet
  facet normal -0.594773 0.803894 0
    outer loop
      vertex 152.379 122.101 0
      vertex 152.083 121.882 2
      vertex 152.379 122.101 2
    endloop
  endfacet
  facet normal -0.594773 0.803894 0
    outer loop
      vertex 152.083 121.882 2
      vertex 152.379 122.101 0
      vertex 152.083 121.882 0
    endloop
  endfacet
  facet normal -0.670913 0.741536 0
    outer loop
      vertex 152.652 122.348 0
      vertex 152.379 122.101 2
      vertex 152.652 122.348 2
    endloop
  endfacet
  facet normal -0.670913 0.741536 0
    outer loop
      vertex 152.379 122.101 2
      vertex 152.652 122.348 0
      vertex 152.379 122.101 0
    endloop
  endfacet
  facet normal -0.741536 0.670913 0
    outer loop
      vertex 152.652 122.348 0
      vertex 152.899 122.621 2
      vertex 152.899 122.621 0
    endloop
  endfacet
  facet normal -0.741536 0.670913 0
    outer loop
      vertex 152.899 122.621 2
      vertex 152.652 122.348 0
      vertex 152.652 122.348 2
    endloop
  endfacet
  facet normal -0.803894 0.594773 0
    outer loop
      vertex 152.899 122.621 0
      vertex 153.118 122.917 2
      vertex 153.118 122.917 0
    endloop
  endfacet
  facet normal -0.803894 0.594773 0
    outer loop
      vertex 153.118 122.917 2
      vertex 152.899 122.621 0
      vertex 152.899 122.621 2
    endloop
  endfacet
  facet normal -0.857493 0.514496 0
    outer loop
      vertex 153.118 122.917 0
      vertex 153.307 123.232 2
      vertex 153.307 123.232 0
    endloop
  endfacet
  facet normal -0.857493 0.514496 0
    outer loop
      vertex 153.307 123.232 2
      vertex 153.118 122.917 0
      vertex 153.118 122.917 2
    endloop
  endfacet
  facet normal -0.903461 0.428669 0
    outer loop
      vertex 153.307 123.232 0
      vertex 153.465 123.565 2
      vertex 153.465 123.565 0
    endloop
  endfacet
  facet normal -0.903461 0.428669 0
    outer loop
      vertex 153.465 123.565 2
      vertex 153.307 123.232 0
      vertex 153.307 123.232 2
    endloop
  endfacet
  facet normal -0.941372 0.33737 0
    outer loop
      vertex 153.465 123.565 0
      vertex 153.589 123.911 2
      vertex 153.589 123.911 0
    endloop
  endfacet
  facet normal -0.941372 0.33737 0
    outer loop
      vertex 153.589 123.911 2
      vertex 153.465 123.565 0
      vertex 153.465 123.565 2
    endloop
  endfacet
  facet normal -0.970302 0.241896 0
    outer loop
      vertex 153.589 123.911 0
      vertex 153.678 124.268 2
      vertex 153.678 124.268 0
    endloop
  endfacet
  facet normal -0.970302 0.241896 0
    outer loop
      vertex 153.678 124.268 2
      vertex 153.589 123.911 0
      vertex 153.589 123.911 2
    endloop
  endfacet
  facet normal -0.989174 0.146746 0
    outer loop
      vertex 153.678 124.268 0
      vertex 153.732 124.632 2
      vertex 153.732 124.632 0
    endloop
  endfacet
  facet normal -0.989174 0.146746 0
    outer loop
      vertex 153.732 124.632 2
      vertex 153.678 124.268 0
      vertex 153.678 124.268 2
    endloop
  endfacet
  facet normal -0.998806 0.0488546 0
    outer loop
      vertex 153.732 124.632 0
      vertex 153.75 125 2
      vertex 153.75 125 0
    endloop
  endfacet
  facet normal -0.998806 0.0488546 0
    outer loop
      vertex 153.75 125 2
      vertex 153.732 124.632 0
      vertex 153.732 124.632 2
    endloop
  endfacet
  facet normal -0.998806 -0.0488546 0
    outer loop
      vertex 153.75 125 0
      vertex 153.732 125.368 2
      vertex 153.732 125.368 0
    endloop
  endfacet
  facet normal -0.998806 -0.0488546 0
    outer loop
      vertex 153.732 125.368 2
      vertex 153.75 125 0
      vertex 153.75 125 2
    endloop
  endfacet
  facet normal -0.989174 -0.146746 0
    outer loop
      vertex 153.732 125.368 0
      vertex 153.678 125.732 2
      vertex 153.678 125.732 0
    endloop
  endfacet
  facet normal -0.989174 -0.146746 0
    outer loop
      vertex 153.678 125.732 2
      vertex 153.732 125.368 0
      vertex 153.732 125.368 2
    endloop
  endfacet
  facet normal -0.970302 -0.241896 0
    outer loop
      vertex 153.678 125.732 0
      vertex 153.589 126.089 2
      vertex 153.589 126.089 0
    endloop
  endfacet
  facet normal -0.970302 -0.241896 0
    outer loop
      vertex 153.589 126.089 2
      vertex 153.678 125.732 0
      vertex 153.678 125.732 2
    endloop
  endfacet
  facet normal -0.941372 -0.33737 0
    outer loop
      vertex 153.589 126.089 0
      vertex 153.465 126.435 2
      vertex 153.465 126.435 0
    endloop
  endfacet
  facet normal -0.941372 -0.33737 0
    outer loop
      vertex 153.465 126.435 2
      vertex 153.589 126.089 0
      vertex 153.589 126.089 2
    endloop
  endfacet
  facet normal -0.903461 -0.428669 0
    outer loop
      vertex 153.465 126.435 0
      vertex 153.307 126.768 2
      vertex 153.307 126.768 0
    endloop
  endfacet
  facet normal -0.903461 -0.428669 0
    outer loop
      vertex 153.307 126.768 2
      vertex 153.465 126.435 0
      vertex 153.465 126.435 2
    endloop
  endfacet
  facet normal -0.857493 -0.514496 0
    outer loop
      vertex 153.307 126.768 0
      vertex 153.118 127.083 2
      vertex 153.118 127.083 0
    endloop
  endfacet
  facet normal -0.857493 -0.514496 0
    outer loop
      vertex 153.118 127.083 2
      vertex 153.307 126.768 0
      vertex 153.307 126.768 2
    endloop
  endfacet
  facet normal -0.803894 -0.594773 0
    outer loop
      vertex 153.118 127.083 0
      vertex 152.899 127.379 2
      vertex 152.899 127.379 0
    endloop
  endfacet
  facet normal -0.803894 -0.594773 0
    outer loop
      vertex 152.899 127.379 2
      vertex 153.118 127.083 0
      vertex 153.118 127.083 2
    endloop
  endfacet
  facet normal -0.741536 -0.670913 0
    outer loop
      vertex 152.899 127.379 0
      vertex 152.652 127.652 2
      vertex 152.652 127.652 0
    endloop
  endfacet
  facet normal -0.741536 -0.670913 0
    outer loop
      vertex 152.652 127.652 2
      vertex 152.899 127.379 0
      vertex 152.899 127.379 2
    endloop
  endfacet
  facet normal -0.670913 -0.741536 0
    outer loop
      vertex 152.379 127.899 0
      vertex 152.652 127.652 2
      vertex 152.379 127.899 2
    endloop
  endfacet
  facet normal -0.670913 -0.741536 -0
    outer loop
      vertex 152.652 127.652 2
      vertex 152.379 127.899 0
      vertex 152.652 127.652 0
    endloop
  endfacet
  facet normal -0.594773 -0.803894 0
    outer loop
      vertex 152.083 128.118 0
      vertex 152.379 127.899 2
      vertex 152.083 128.118 2
    endloop
  endfacet
  facet normal -0.594773 -0.803894 -0
    outer loop
      vertex 152.379 127.899 2
      vertex 152.083 128.118 0
      vertex 152.379 127.899 0
    endloop
  endfacet
  facet normal -0.514941 -0.857226 0
    outer loop
      vertex 151.8 128.288 0
      vertex 152.083 128.118 2
      vertex 151.8 128.288 2
    endloop
  endfacet
  facet normal -0.514941 -0.857226 -0
    outer loop
      vertex 152.083 128.118 2
      vertex 151.8 128.288 0
      vertex 152.083 128.118 0
    endloop
  endfacet
  facet normal -1 0 0
    outer loop
      vertex 151.8 128.288 0
      vertex 151.8 132 2
      vertex 151.8 132 0
    endloop
  endfacet
  facet normal -1 -0 0
    outer loop
      vertex 151.8 132 2
      vertex 151.8 128.288 0
      vertex 151.8 128.288 2
    endloop
  endfacet
  facet normal -0.998695 -0.0510696 0
    outer loop
      vertex 151.8 132 0
      vertex 151.791 132.176 2
      vertex 151.791 132.176 0
    endloop
  endfacet
  facet normal -0.998695 -0.0510696 0
    outer loop
      vertex 151.791 132.176 2
      vertex 151.8 132 0
      vertex 151.8 132 2
    endloop
  endfacet
  facet normal -0.989143 -0.146958 0
    outer loop
      vertex 151.791 132.176 0
      vertex 151.765 132.351 2
      vertex 151.765 132.351 0
    endloop
  endfacet
  facet normal -0.989143 -0.146958 0
    outer loop
      vertex 151.765 132.351 2
      vertex 151.791 132.176 0
      vertex 151.791 132.176 2
    endloop
  endfacet
  facet normal -0.970143 -0.242536 0
    outer loop
      vertex 151.765 132.351 0
      vertex 151.722 132.523 2
      vertex 151.722 132.523 0
    endloop
  endfacet
  facet normal -0.970143 -0.242536 0
    outer loop
      vertex 151.722 132.523 2
      vertex 151.765 132.351 0
      vertex 151.765 132.351 2
    endloop
  endfacet
  facet normal -0.942254 -0.334898 0
    outer loop
      vertex 151.722 132.523 0
      vertex 151.663 132.689 2
      vertex 151.663 132.689 0
    endloop
  endfacet
  facet normal -0.942254 -0.334898 0
    outer loop
      vertex 151.663 132.689 2
      vertex 151.722 132.523 0
      vertex 151.722 132.523 2
    endloop
  endfacet
  facet normal -0.903278 -0.429057 0
    outer loop
      vertex 151.663 132.689 0
      vertex 151.587 132.849 2
      vertex 151.587 132.849 0
    endloop
  endfacet
  facet normal -0.903278 -0.429057 0
    outer loop
      vertex 151.587 132.849 2
      vertex 151.663 132.689 0
      vertex 151.663 132.689 2
    endloop
  endfacet
  facet normal -0.858995 -0.511984 0
    outer loop
      vertex 151.587 132.849 0
      vertex 151.497 133 2
      vertex 151.497 133 0
    endloop
  endfacet
  facet normal -0.858995 -0.511984 0
    outer loop
      vertex 151.497 133 2
      vertex 151.587 132.849 0
      vertex 151.587 132.849 2
    endloop
  endfacet
  facet normal -0.801352 -0.598193 0
    outer loop
      vertex 151.497 133 0
      vertex 151.391 133.142 2
      vertex 151.391 133.142 0
    endloop
  endfacet
  facet normal -0.801352 -0.598193 0
    outer loop
      vertex 151.391 133.142 2
      vertex 151.497 133 0
      vertex 151.497 133 2
    endloop
  endfacet
  facet normal -0.743012 -0.669278 0
    outer loop
      vertex 151.391 133.142 0
      vertex 151.273 133.273 2
      vertex 151.273 133.273 0
    endloop
  endfacet
  facet normal -0.743012 -0.669278 0
    outer loop
      vertex 151.273 133.273 2
      vertex 151.391 133.142 0
      vertex 151.391 133.142 2
    endloop
  endfacet
  facet normal -0.669278 -0.743012 0
    outer loop
      vertex 151.142 133.391 0
      vertex 151.273 133.273 2
      vertex 151.142 133.391 2
    endloop
  endfacet
  facet normal -0.669278 -0.743012 -0
    outer loop
      vertex 151.273 133.273 2
      vertex 151.142 133.391 0
      vertex 151.273 133.273 0
    endloop
  endfacet
  facet normal -0.598193 -0.801352 0
    outer loop
      vertex 151 133.497 0
      vertex 151.142 133.391 2
      vertex 151 133.497 2
    endloop
  endfacet
  facet normal -0.598193 -0.801352 -0
    outer loop
      vertex 151.142 133.391 2
      vertex 151 133.497 0
      vertex 151.142 133.391 0
    endloop
  endfacet
  facet normal -0.511984 -0.858995 0
    outer loop
      vertex 150.849 133.587 0
      vertex 151 133.497 2
      vertex 150.849 133.587 2
    endloop
  endfacet
  facet normal -0.511984 -0.858995 -0
    outer loop
      vertex 151 133.497 2
      vertex 150.849 133.587 0
      vertex 151 133.497 0
    endloop
  endfacet
  facet normal -0.429057 -0.903278 0
    outer loop
      vertex 150.689 133.663 0
      vertex 150.849 133.587 2
      vertex 150.689 133.663 2
    endloop
  endfacet
  facet normal -0.429057 -0.903278 -0
    outer loop
      vertex 150.849 133.587 2
      vertex 150.689 133.663 0
      vertex 150.849 133.587 0
    endloop
  endfacet
  facet normal -0.334898 -0.942254 0
    outer loop
      vertex 150.523 133.722 0
      vertex 150.689 133.663 2
      vertex 150.523 133.722 2
    endloop
  endfacet
  facet normal -0.334898 -0.942254 -0
    outer loop
      vertex 150.689 133.663 2
      vertex 150.523 133.722 0
      vertex 150.689 133.663 0
    endloop
  endfacet
  facet normal -0.242536 -0.970143 0
    outer loop
      vertex 150.351 133.765 0
      vertex 150.523 133.722 2
      vertex 150.351 133.765 2
    endloop
  endfacet
  facet normal -0.242536 -0.970143 -0
    outer loop
      vertex 150.523 133.722 2
      vertex 150.351 133.765 0
      vertex 150.523 133.722 0
    endloop
  endfacet
  facet normal -0.146958 -0.989143 0
    outer loop
      vertex 150.176 133.791 0
      vertex 150.351 133.765 2
      vertex 150.176 133.791 2
    endloop
  endfacet
  facet normal -0.146958 -0.989143 -0
    outer loop
      vertex 150.351 133.765 2
      vertex 150.176 133.791 0
      vertex 150.351 133.765 0
    endloop
  endfacet
  facet normal -0.0510696 -0.998695 0
    outer loop
      vertex 150 133.8 0
      vertex 150.176 133.791 2
      vertex 150 133.8 2
    endloop
  endfacet
  facet normal -0.0510696 -0.998695 -0
    outer loop
      vertex 150.176 133.791 2
      vertex 150 133.8 0
      vertex 150.176 133.791 0
    endloop
  endfacet
  facet normal 0.0510696 -0.998695 0
    outer loop
      vertex 149.824 133.791 0
      vertex 150 133.8 2
      vertex 149.824 133.791 2
    endloop
  endfacet
  facet normal 0.0510696 -0.998695 0
    outer loop
      vertex 150 133.8 2
      vertex 149.824 133.791 0
      vertex 150 133.8 0
    endloop
  endfacet
  facet normal 0.146958 -0.989143 0
    outer loop
      vertex 149.649 133.765 0
      vertex 149.824 133.791 2
      vertex 149.649 133.765 2
    endloop
  endfacet
  facet normal 0.146958 -0.989143 0
    outer loop
      vertex 149.824 133.791 2
      vertex 149.649 133.765 0
      vertex 149.824 133.791 0
    endloop
  endfacet
  facet normal 0.242536 -0.970143 0
    outer loop
      vertex 149.477 133.722 0
      vertex 149.649 133.765 2
      vertex 149.477 133.722 2
    endloop
  endfacet
  facet normal 0.242536 -0.970143 0
    outer loop
      vertex 149.649 133.765 2
      vertex 149.477 133.722 0
      vertex 149.649 133.765 0
    endloop
  endfacet
  facet normal 0.334898 -0.942254 0
    outer loop
      vertex 149.311 133.663 0
      vertex 149.477 133.722 2
      vertex 149.311 133.663 2
    endloop
  endfacet
  facet normal 0.334898 -0.942254 0
    outer loop
      vertex 149.477 133.722 2
      vertex 149.311 133.663 0
      vertex 149.477 133.722 0
    endloop
  endfacet
  facet normal 0.429057 -0.903278 0
    outer loop
      vertex 149.151 133.587 0
      vertex 149.311 133.663 2
      vertex 149.151 133.587 2
    endloop
  endfacet
  facet normal 0.429057 -0.903278 0
    outer loop
      vertex 149.311 133.663 2
      vertex 149.151 133.587 0
      vertex 149.311 133.663 0
    endloop
  endfacet
  facet normal 0.511984 -0.858995 0
    outer loop
      vertex 149 133.497 0
      vertex 149.151 133.587 2
      vertex 149 133.497 2
    endloop
  endfacet
  facet normal 0.511984 -0.858995 0
    outer loop
      vertex 149.151 133.587 2
      vertex 149 133.497 0
      vertex 149.151 133.587 0
    endloop
  endfacet
  facet normal 0.598193 -0.801352 0
    outer loop
      vertex 148.858 133.391 0
      vertex 149 133.497 2
      vertex 148.858 133.391 2
    endloop
  endfacet
  facet normal 0.598193 -0.801352 0
    outer loop
      vertex 149 133.497 2
      vertex 148.858 133.391 0
      vertex 149 133.497 0
    endloop
  endfacet
  facet normal 0.669278 -0.743012 0
    outer loop
      vertex 148.727 133.273 0
      vertex 148.858 133.391 2
      vertex 148.727 133.273 2
    endloop
  endfacet
  facet normal 0.669278 -0.743012 0
    outer loop
      vertex 148.858 133.391 2
      vertex 148.727 133.273 0
      vertex 148.858 133.391 0
    endloop
  endfacet
  facet normal 0.743012 -0.669278 0
    outer loop
      vertex 148.609 133.142 2
      vertex 148.727 133.273 0
      vertex 148.727 133.273 2
    endloop
  endfacet
  facet normal 0.743012 -0.669278 0
    outer loop
      vertex 148.727 133.273 0
      vertex 148.609 133.142 2
      vertex 148.609 133.142 0
    endloop
  endfacet
  facet normal 0.801352 -0.598193 0
    outer loop
      vertex 148.503 133 2
      vertex 148.609 133.142 0
      vertex 148.609 133.142 2
    endloop
  endfacet
  facet normal 0.801352 -0.598193 0
    outer loop
      vertex 148.609 133.142 0
      vertex 148.503 133 2
      vertex 148.503 133 0
    endloop
  endfacet
  facet normal 0.858995 -0.511984 0
    outer loop
      vertex 148.413 132.849 2
      vertex 148.503 133 0
      vertex 148.503 133 2
    endloop
  endfacet
  facet normal 0.858995 -0.511984 0
    outer loop
      vertex 148.503 133 0
      vertex 148.413 132.849 2
      vertex 148.413 132.849 0
    endloop
  endfacet
  facet normal 0.903278 -0.429057 0
    outer loop
      vertex 148.337 132.689 2
      vertex 148.413 132.849 0
      vertex 148.413 132.849 2
    endloop
  endfacet
  facet normal 0.903278 -0.429057 0
    outer loop
      vertex 148.413 132.849 0
      vertex 148.337 132.689 2
      vertex 148.337 132.689 0
    endloop
  endfacet
  facet normal 0.942254 -0.334898 0
    outer loop
      vertex 148.278 132.523 2
      vertex 148.337 132.689 0
      vertex 148.337 132.689 2
    endloop
  endfacet
  facet normal 0.942254 -0.334898 0
    outer loop
      vertex 148.337 132.689 0
      vertex 148.278 132.523 2
      vertex 148.278 132.523 0
    endloop
  endfacet
  facet normal 0.970143 -0.242536 0
    outer loop
      vertex 148.235 132.351 2
      vertex 148.278 132.523 0
      vertex 148.278 132.523 2
    endloop
  endfacet
  facet normal 0.970143 -0.242536 0
    outer loop
      vertex 148.278 132.523 0
      vertex 148.235 132.351 2
      vertex 148.235 132.351 0
    endloop
  endfacet
  facet normal 0.989143 -0.146958 0
    outer loop
      vertex 148.209 132.176 2
      vertex 148.235 132.351 0
      vertex 148.235 132.351 2
    endloop
  endfacet
  facet normal 0.989143 -0.146958 0
    outer loop
      vertex 148.235 132.351 0
      vertex 148.209 132.176 2
      vertex 148.209 132.176 0
    endloop
  endfacet
  facet normal 0.998695 -0.0510696 0
    outer loop
      vertex 148.2 132 2
      vertex 148.209 132.176 0
      vertex 148.209 132.176 2
    endloop
  endfacet
  facet normal 0.998695 -0.0510696 0
    outer loop
      vertex 148.209 132.176 0
      vertex 148.2 132 2
      vertex 148.2 132 0
    endloop
  endfacet
  facet normal 1 -0 0
    outer loop
      vertex 148.2 128.288 2
      vertex 148.2 132 0
      vertex 148.2 132 2
    endloop
  endfacet
  facet normal 1 0 0
    outer loop
      vertex 148.2 132 0
      vertex 148.2 128.288 2
      vertex 148.2 128.288 0
    endloop
  endfacet
  facet normal 0.514941 -0.857226 0
    outer loop
      vertex 147.917 128.118 0
      vertex 148.2 128.288 2
      vertex 147.917 128.118 2
    endloop
  endfacet
  facet normal 0.514941 -0.857226 0
    outer loop
      vertex 148.2 128.288 2
      vertex 147.917 128.118 0
      vertex 148.2 128.288 0
    endloop
  endfacet
endsolid OpenSCAD_Model
